100801599	glycine-max	A0A0R0G0Q7	100801599	A0A0R0G0Q7	0	12	glucan endo-1,3-beta-D-glucosidase	
100805863	glycine-max	A0A0R4J5L2	100805863	A0A0R4J5L2	0	1	Aquaporin TIP-type alpha	
100K	virus	A0A0K1DBV8	100K	A0A0K1DBV8	1	34	A0A0K1DBV8_ADEE2	
100K	virus	A0A5H2X6P8	100K	A0A5H2X6P8	1	23	A0A5H2X6P8_9ADEN	
100K	virus	A0MK59	100K	A0MK59	0	35	Shutoff protein	
100K	virus	C4P221	100K	C4P221	4	30	Shutoff protein	
100K	virus	G5CZ89	100K	G5CZ89	1	31	Shutoff protein	
100K	virus	I3PMN7	100K	I3PMN7	1	33	I3PMN7_9ADEN	
100K	virus	Q9YUQ7	100K	Q9YUQ7	1	24	Q9YUQ7_9ADEN	
100K	virus	X5LU16	100K	X5LU16	1	37	X5LU16_9ADEN	
100KDA	virus	H8WQW3	100KDa	H8WQW3	2	48	Shutoff protein	
100L	virus	A7XCM9	100L	A7XCM9	2	154	A7XCM9_9POXV	
100L	virus	Q9DHL3	100L	Q9DHL3	2	150	Q9DHL3_YLDV	
