ADEF1	virus	Q9IIG4		Q9IIG4	0	23	Q9IIG4_ADEF1	w
ADEF1	virus	Q9IIG5		Q9IIG5	0	23	Q9IIG5_ADEF1	w
ADEF1	virus	Q9IIG6		Q9IIG6	1	23	Q9IIG6_ADEF1	w
ADEF1	virus	Q9IIG8		Q9IIG8	1	23	Q9IIG8_ADEF1	w
ADEF1	virus	Q9IIG9		Q9IIG9	2	23	Q9IIG9_ADEF1	w
ADEF1	virus	Q9IIH0		Q9IIH0	1	23	Q9IIH0_ADEF1	w
ADEF1	virus	Q9IIH1		Q9IIH1	2	23	Q9IIH1_ADEF1	w
ADEF1	virus	Q9IIH2		Q9IIH2	1	23	Q9IIH2_ADEF1	w
ADEF1	virus	Q9IIH3		Q9IIH3	0	23	Q9IIH3_ADEF1	w
ADEF1	virus	Q9IIH6		Q9IIH6	4	23	Q9IIH6_ADEF1	w
ADEF1	virus	Q9IIH7		Q9IIH7	1	23	Q9IIH7_ADEF1	w
ADEF1	virus	Q9IIH8		Q9IIH8	2	23	Q9IIH8_ADEF1	w
ADEF1	virus	Q9IIH9		Q9IIH9	1	23	Q9IIH9_ADEF1	w
ADEF1	virus	Q9III0		Q9III0	2	23	Q9III0_ADEF1	w
ADEF1	virus	Q9III1		Q9III1	3	23	Q9III1_ADEF1	w
ADEF1	virus	Q9III2		Q9III2	2	23	Q9III2_ADEF1	w
ADEF1	virus	Q9III4		Q9III4	2	23	Q9III4_ADEF1	w
ADEF1	virus	Q9III5		Q9III5	0	23	Q9III5_ADEF1	w
ADEF1	virus	Q9III6		Q9III6	3	23	Q9III6_ADEF1	w
