AMV001	virus	Q9EN45	AMV001	Q9EN45	3	278	Q9EN45_AMEPV	
AMV002	virus	Q9EN44	AMV002	Q9EN44	2	278	Deoxyuridine 5'-triphosphate nucleotidohydrolase	
AMV003	virus	Q9EN43	AMV003	Q9EN43	2	278	Q9EN43_AMEPV	
AMV004	virus	Q9EN42	AMV004	Q9EN42	9	278	Q9EN42_AMEPV	
AMV005	virus	Q9EN41	AMV005	Q9EN41	10	278	Q9EN41_AMEPV	
AMV006	virus	Q9EN40	AMV006	Q9EN40	8	278	Q9EN40_AMEPV	
AMV007	virus	Q9EN39	AMV007	Q9EN39	9	278	Q9EN39_AMEPV	
AMV008	virus	Q9EN38	AMV008	Q9EN38	2	278	Q9EN38_AMEPV	
AMV009	virus	Q9EN37	AMV009	Q9EN37	0	278	Q9EN37_AMEPV	
AMV010	virus	Q9EN36	AMV010	Q9EN36	0	278	Q9EN36_AMEPV	
AMV011	virus	Q9EN35	AMV011	Q9EN35	5	278	Q9EN35_AMEPV	
AMV012	virus	Q9EN34	AMV012	Q9EN34	4	278	Q9EN34_AMEPV	
AMV013	virus	Q9EN33	AMV013	Q9EN33	1	278	Q9EN33_AMEPV	
AMV014	virus	P28854	AMV014	P28854	4	278	Uncharacterized leucine-rich repeat-containing protein AMV01	
AMV015	virus	Q9EN31	AMV015	Q9EN31	3	278	Q9EN31_AMEPV	
AMV017	virus	P28853	AMV017	P28853	8	278	Uncharacterized protein AMV017/Q1	
AMV018	virus	Q9EN30	AMV018	Q9EN30	2	278	Q9EN30_AMEPV	
AMV019	virus	Q9EN29	AMV019	Q9EN29	8	278	Q9EN29_AMEPV	
AMV020	virus	Q9EN28	AMV020	Q9EN28	6	278	Q9EN28_AMEPV	
AMV021	virus	Q9EN27	AMV021	Q9EN27	20	278	Q9EN27_AMEPV	
AMV022	virus	Q9EN26	AMV022	Q9EN26	7	278	Q9EN26_AMEPV	
AMV023	virus	Q9EN25	AMV023	Q9EN25	7	278	Q9EN25_AMEPV	
AMV024	virus	Q9EN24	AMV024	Q9EN24	8	278	Q9EN24_AMEPV	
AMV025	virus	Q9EN23	AMV025	Q9EN23	3	278	Deoxyribodipyrimidine photo-lyase	
AMV026	virus	Q9EN22	AMV026	Q9EN22	2	278	Q9EN22_AMEPV	
AMV027	virus	Q9EN21	AMV027	Q9EN21	14	278	Q9EN21_AMEPV	
AMV028	virus	Q9EN20	AMV028	Q9EN20	2	278	Q9EN20_AMEPV	
AMV029	virus	Q9EN19	AMV029	Q9EN19	9	278	Q9EN19_AMEPV	
AMV030	virus	Q9EN18	AMV030	Q9EN18	2	278	Q9EN18_AMEPV	
AMV031	virus	Q9EN17	AMV031	Q9EN17	2	278	Q9EN17_AMEPV	
AMV032	virus	Q9EN16	AMV032	Q9EN16	3	278	Q9EN16_AMEPV	
AMV033	virus	Q9EN15	AMV033	Q9EN15	2	278	Q9EN15_AMEPV	
AMV034	virus	Q9EN14	AMV034	Q9EN14	4	278	Q9EN14_AMEPV	
AMV035	virus	Q9EN13	AMV035	Q9EN13	11	278	Q9EN13_AMEPV	
AMV036	virus	Q9EN12	AMV036	Q9EN12	0	278	Q9EN12_AMEPV	
AMV037	virus	Q9EN11	AMV037	Q9EN11	11	278	Q9EN11_AMEPV	
AMV038	virus	Q9EN10	AMV038	Q9EN10	2	278	Poly(A) polymerase catalytic subunit	
AMV039	virus	Q9EN09	AMV039	Q9EN09	16	278	Q9EN09_AMEPV	
AMV040	virus	Q9EN08	AMV040	Q9EN08	7	278	Q9EN08_AMEPV	
AMV041	virus	Q9EN07	AMV041	Q9EN07	7	278	Q9EN07_AMEPV	
AMV042	virus	Q9EN06	AMV042	Q9EN06	3	278	Q9EN06_AMEPV	
AMV043	virus	Q9EN05	AMV043	Q9EN05	7	278	Q9EN05_AMEPV	
AMV044	virus	Q9EN04	AMV044	Q9EN04	1	278	Q9EN04_AMEPV	
AMV045	virus	Q9EN03	AMV045	Q9EN03	6	278	Q9EN03_AMEPV	
AMV046	virus	Q9EN02	AMV046	Q9EN02	5	278	Q9EN02_AMEPV	
AMV047	virus	Q9EN01	AMV047	Q9EN01	3	278	Q9EN01_AMEPV	
AMV048	virus	Q9EN00	AMV048	Q9EN00	5	278	Q9EN00_AMEPV	
AMV049	virus	Q9EMZ9	AMV049	Q9EMZ9	2	278	Q9EMZ9_AMEPV	
AMV050	virus	Q9EMZ8	AMV050	Q9EMZ8	6	275	DNA polymerase	
AMV051	virus	Q9EMZ7	AMV051	Q9EMZ7	6	278	Q9EMZ7_AMEPV	
AMV052	virus	P87507	AMV052	P87507	5	278	DNA topoisomerase I	
AMV053	virus	Q9EMZ6	AMV053	Q9EMZ6	5	278	Q9EMZ6_AMEPV	
AMV054	virus	Q9EMZ5	AMV054	Q9EMZ5	6	278	RNA polymerase-associated transcription-specificity factor R	
AMV055	virus	Q9EMZ4	AMV055	Q9EMZ4	7	278	Q9EMZ4_AMEPV	
AMV056	virus	Q9EMZ2	AMV056	Q9EMZ2	1	278	Q9EMZ2_AMEPV	
AMV057	virus	Q9EMZ3	AMV057	Q9EMZ3	10	278	Q9EMZ3_AMEPV	
AMV058	virus	Q9EMZ1	AMV058	Q9EMZ1	4	278	Q9EMZ1_AMEPV	
AMV059	virus	Q9EMZ0	AMV059	Q9EMZ0	0	278	Q9EMZ0_AMEPV	
AMV060	virus	Q9EMY9	AMV060	Q9EMY9	3	278	Cap-specific mRNA (nucleoside-2'-O-)-methyltransferase	
AMV061	virus	Q9EMY8	AMV061	Q9EMY8	2	278	Q9EMY8_AMEPV	
AMV062	virus	Q9EMY7	AMV062	Q9EMY7	7	278	Q9EMY7_AMEPV	
AMV063	virus	Q9EMY6	AMV063	Q9EMY6	11	278	Q9EMY6_AMEPV	
AMV064	virus	Q9EMY5	AMV064	Q9EMY5	1	278	Q9EMY5_AMEPV	
AMV065	virus	Q9EMY4	AMV065	Q9EMY4	3	278	Q9EMY4_AMEPV	
AMV066	virus	Q9EMY3	AMV066	Q9EMY3	3	275	DNA-directed RNA polymerase	
AMV067	virus	Q9EMY2	AMV067	Q9EMY2	2	278	Q9EMY2_AMEPV	
AMV068	virus	Q9EMY1	AMV068	Q9EMY1	1	278	Q9EMY1_AMEPV	
AMV069	virus	Q9EMY0	AMV069	Q9EMY0	4	278	Q9EMY0_AMEPV	
AMV070	virus	Q9EMX9	AMV070	Q9EMX9	6	278	Q9EMX9_AMEPV	
AMV071	virus	Q9EMX8	AMV071	Q9EMX8	5	278	Entry-fusion complex protein OPG086	
AMV072	virus	Q9EMX7	AMV072	Q9EMX7	13	278	Q9EMX7_AMEPV	
AMV073	virus	Q9EMX6	AMV073	Q9EMX6	2	277	Q9EMX6_AMEPV	
AMV074	virus	Q9EMX5	AMV074	Q9EMX5	3	278	Q9EMX5_AMEPV	
AMV075	virus	Q9EMX4	AMV075	Q9EMX4	5	278	Q9EMX4_AMEPV	
AMV076	virus	Q9EMX3	AMV076	Q9EMX3	11	278	Q9EMX3_AMEPV	
AMV077	virus	Q9EMX2	AMV077	Q9EMX2	1	278	Q9EMX2_AMEPV	
AMV078	virus	Q9EMX1	AMV078	Q9EMX1	11	278	Putative tyrosine-protein phosphatase AMV078	
AMV079	virus	Q9EMX0	AMV079	Q9EMX0	6	278	Q9EMX0_AMEPV	
AMV080	virus	Q9EMW9	AMV080	Q9EMW9	5	278	Q9EMW9_AMEPV	
AMV081	virus	Q9EMW8	AMV081	Q9EMW8	1	278	RNA helicase NPH-II	
AMV082	virus	Q9EMW7	AMV082	Q9EMW7	5	278	Q9EMW7_AMEPV	
AMV083	virus	Q9EMW6	AMV083	Q9EMW6	8	278	Q9EMW6_AMEPV	
AMV084	virus	Q9EMW5	AMV084	Q9EMW5	7	278	Q9EMW5_AMEPV	
AMV085	virus	Q9EMW4	AMV085	Q9EMW4	0	278	Q9EMW4_AMEPV	
AMV086	virus	Q9EMW3	AMV086	Q9EMW3	8	278	Q9EMW3_AMEPV	
AMV087	virus	Q9EMW2	AMV087	Q9EMW2	2	278	Q9EMW2_AMEPV	
AMV088	virus	Q9EMW1	AMV088	Q9EMW1	7	278	Q9EMW1_AMEPV	
AMV089	virus	Q9EMW0	AMV089	Q9EMW0	4	278	Q9EMW0_AMEPV	
AMV090	virus	Q9EMV9	AMV090	Q9EMV9	1	278	Q9EMV9_AMEPV	
AMV091	virus	Q9EMV8	AMV091	Q9EMV8	11	278	Intermediate transcription factor 3 large subunit	
AMV092	virus	Q9EMV7	AMV092	Q9EMV7	0	278	Q9EMV7_AMEPV	
AMV093	virus	Q9EMV6	AMV093	Q9EMV6	3	278	Q9EMV6_AMEPV	
AMV094	virus	Q9EMV5	AMV094	Q9EMV5	3	278	Q9EMV5_AMEPV	
AMV095	virus	Q9EMV4	AMV095	Q9EMV4	6	278	Q9EMV4_AMEPV	
AMV096	virus	Q9EMV3	AMV096	Q9EMV3	2	278	Q9EMV3_AMEPV	
AMV097	virus	Q9EMV2	AMV097	Q9EMV2	0	278	Q9EMV2_AMEPV	
AMV098	virus	Q9EMV1	AMV098	Q9EMV1	6	278	Q9EMV1_AMEPV	
AMV099	virus	Q9EMV0	AMV099	Q9EMV0	2	278	Q9EMV0_AMEPV	
AMV100	virus	Q9EMU9	AMV100	Q9EMU9	5	278	Q9EMU9_AMEPV	
AMV101	virus	Q9EMU8	AMV101	Q9EMU8	14	278	Q9EMU8_AMEPV	
AMV102	virus	Q9EMU7	AMV102	Q9EMU7	7	278	Q9EMU7_AMEPV	
AMV103	virus	Q9EMU6	AMV103	Q9EMU6	2	278	Q9EMU6_AMEPV	
AMV104	virus	Q9EMU5	AMV104	Q9EMU5	4	278	Q9EMU5_AMEPV	
AMV105	virus	Q9EMU4	AMV105	Q9EMU4	8	278	Early transcription factor 82 kDa subunit	
AMV106	virus	Q9EMU3	AMV106	Q9EMU3	2	278	Q9EMU3_AMEPV	
AMV107	virus	Q9EMU2	AMV107	Q9EMU2	6	278	Q9EMU2_AMEPV	
AMV108	virus	Q9EMU1	AMV108	Q9EMU1	1	278	Q9EMU1_AMEPV	
AMV109	virus	Q9EMU0	AMV109	Q9EMU0	3	278	Q9EMU0_AMEPV	
AMV110	virus	Q9EMT9	AMV110	Q9EMT9	9	278	Q9EMT9_AMEPV	
AMV111	virus	Q9EMT8	AMV111	Q9EMT8	1	278	Q9EMT8_AMEPV	
AMV112	virus	Q9EMT7	AMV112	Q9EMT7	7	278	Q9EMT7_AMEPV	
AMV113	virus	Q9EMT6	AMV113	Q9EMT6	1	278	Q9EMT6_AMEPV	
AMV114	virus	Q9EMT5	AMV114	Q9EMT5	18	278	Sulfhydryl oxidase	
AMV115	virus	Q9EMT4	AMV115	Q9EMT4	1	278	Cap-specific mRNA (nucleoside-2'-O-)-methyltransferase	
AMV116	virus	Q9EMT3	AMV116	Q9EMT3	7	278	Q9EMT3_AMEPV	
AMV117	virus	Q9EMT2	AMV117	Q9EMT2	7	278	Q9EMT2_AMEPV	
AMV118	virus	Q9EMT1	AMV118	Q9EMT1	13	278	Q9EMT1_AMEPV	
AMV119	virus	Q9EMT0	AMV119	Q9EMT0	11	278	Q9EMT0_AMEPV	
AMV120	virus	Q9EMS9	AMV120	Q9EMS9	9	278	Q9EMS9_AMEPV	
AMV121	virus	Q9EMS8	AMV121	Q9EMS8	4	278	Q9EMS8_AMEPV	
AMV122	virus	Q9EMS7	AMV122	Q9EMS7	2	278	62 kDa protein	
AMV123	virus	Q9EMS6	AMV123	Q9EMS6	2	278	Q9EMS6_AMEPV	
AMV124	virus	Q9EMS5	AMV124	Q9EMS5	1	278	Q9EMS5_AMEPV	
AMV125	virus	Q9EMS4	AMV125	Q9EMS4	0	278	Q9EMS4_AMEPV	
AMV126	virus	Q9EMS3	AMV126	Q9EMS3	10	278	Q9EMS3_AMEPV	
AMV127	virus	Q9EMS2	AMV127	Q9EMS2	3	278	Q9EMS2_AMEPV	
AMV128	virus	Q9EMS1	AMV128	Q9EMS1	5	278	Q9EMS1_AMEPV	
AMV129	virus	Q9EMS0	AMV129	Q9EMS0	6	278	Q9EMS0_AMEPV	
AMV130	virus	Q9EMR9	AMV130	Q9EMR9	5	273	Q9EMR9_AMEPV	
AMV131	virus	Q9EMR8	AMV131	Q9EMR8	2	278	Q9EMR8_AMEPV	
AMV132	virus	Q9EMR7	AMV132	Q9EMR7	7	278	Q9EMR7_AMEPV	
AMV133	virus	Q9EMR6	AMV133	Q9EMR6	5	278	Q9EMR6_AMEPV	
AMV134	virus	Q9EMR5	AMV134	Q9EMR5	6	277	Q9EMR5_AMEPV	
AMV135	virus	Q9EMR4	AMV135	Q9EMR4	5	278	mRNA-capping enzyme catalytic subunit	
AMV136	virus	Q9EMR3	AMV136	Q9EMR3	2	278	Q9EMR3_AMEPV	
AMV137	virus	Q9EMR2	AMV137	Q9EMR2	4	278	Q9EMR2_AMEPV	
AMV138	virus	Q9EMR1	AMV138	Q9EMR1	8	278	Q9EMR1_AMEPV	
AMV139	virus	Q9EMR0	AMV139	Q9EMR0	0	274	Q9EMR0_AMEPV	
AMV140	virus	Q9EMQ9	AMV140	Q9EMQ9	1	278	Q9EMQ9_AMEPV	
AMV141	virus	Q9EMQ8	AMV141	Q9EMQ8	2	278	Q9EMQ8_AMEPV	
AMV142	virus	Q9EMQ7	AMV142	Q9EMQ7	3	278	Q9EMQ7_AMEPV	
AMV143	virus	Q9EMQ6	AMV143	Q9EMQ6	1	278	Q9EMQ6_AMEPV	
AMV144	virus	Q9EMQ5	AMV144	Q9EMQ5	1	278	Q9EMQ5_AMEPV	
AMV145	virus	Q9EMQ4	AMV145	Q9EMQ4	6	278	Q9EMQ4_AMEPV	
AMV146	virus	Q9EMQ3	AMV146	Q9EMQ3	4	278	Q9EMQ3_AMEPV	
AMV147	virus	Q9EMQ2	AMV147	Q9EMQ2	9	278	Virion core protein 4b	
AMV148	virus	Q9EMQ1	AMV148	Q9EMQ1	6	278	Q9EMQ1_AMEPV	
AMV149	virus	Q9EMQ0	AMV149	Q9EMQ0	0	278	Q9EMQ0_AMEPV	
AMV150	virus	Q9EMP9	AMV150	Q9EMP9	11	278	DNA packaging protein OPG160	
AMV151	virus	Q9EMP8	AMV151	Q9EMP8	4	278	Q9EMP8_AMEPV	
AMV152	virus	Q9EMP7	AMV152	Q9EMP7	5	278	Q9EMP7_AMEPV	
AMV153	virus	Q9EMP6	AMV153	Q9EMP6	7	278	Serine/threonine-protein kinase	
AMV154	virus	Q9EMP5	AMV154	Q9EMP5	3	278	Q9EMP5_AMEPV	
AMV155	virus	Q9EMP4	AMV155	Q9EMP4	1	278	Q9EMP4_AMEPV	
AMV156	virus	Q9EMP3	AMV156	Q9EMP3	3	274	Q9EMP3_AMEPV	
AMV157	virus	Q9EMP2	AMV157	Q9EMP2	8	278	Q9EMP2_AMEPV	
AMV158	virus	Q9EMP1	AMV158	Q9EMP1	2	278	Q9EMP1_AMEPV	
AMV159	virus	Q9EMP0	AMV159	Q9EMP0	3	278	Q9EMP0_AMEPV	
AMV160	virus	Q9EMN9	AMV160	Q9EMN9	2	278	Q9EMN9_AMEPV	
AMV161	virus	Q9EMN8	AMV161	Q9EMN8	0	278	Q9EMN8_AMEPV	
AMV162	virus	Q9EMN7	AMV162	Q9EMN7	24	278	Q9EMN7_AMEPV	
AMV163	virus	Q9EMN6	AMV163	Q9EMN6	3	278	Q9EMN6_AMEPV	
AMV164	virus	Q9EMN5	AMV164	Q9EMN5	5	278	Q9EMN5_AMEPV	
AMV165	virus	Q9EMN4	AMV165	Q9EMN4	9	278	Q9EMN4_AMEPV	
AMV166	virus	Q9EMN3	AMV166	Q9EMN3	4	278	Q9EMN3_AMEPV	
AMV167	virus	Q9EMN2	AMV167	Q9EMN2	8	278	Q9EMN2_AMEPV	
AMV168	virus	Q9EMN1	AMV168	Q9EMN1	12	278	Q9EMN1_AMEPV	
AMV169	virus	Q9EMN0	AMV169	Q9EMN0	6	278	Q9EMN0_AMEPV	
AMV170	virus	Q9EMM9	AMV170	Q9EMM9	3	278	Q9EMM9_AMEPV	
AMV171	virus	Q9EMM8	AMV171	Q9EMM8	3	278	Q9EMM8_AMEPV	
AMV172	virus	Q9EMM7	AMV172	Q9EMM7	9	278	Q9EMM7_AMEPV	
AMV173	virus	Q9EMM6	AMV173	Q9EMM6	5	278	Q9EMM6_AMEPV	
AMV174	virus	Q9EMM5	AMV174	Q9EMM5	3	278	Q9EMM5_AMEPV	
AMV175	virus	Q9EMM4	AMV175	Q9EMM4	9	278	Q9EMM4_AMEPV	
AMV177	virus	Q9EMM3	AMV177	Q9EMM3	10	278	Q9EMM3_AMEPV	
AMV178	virus	Q9DGZ9	AMV178	Q9DGZ9	1	278	Q9DGZ9_AMEPV	
AMV179	virus	Q9EMM2	AMV179	Q9EMM2	0	278	Q9EMM2_AMEPV	
AMV180	virus	Q9EMM1	AMV180	Q9EMM1	1	278	Q9EMM1_AMEPV	
AMV181	virus	P29817	AMV181	P29817	4	278	Core protease I7 homolog	
AMV182	virus	Q9EMM0	AMV182	Q9EMM0	0	278	Q9EMM0_AMEPV	
AMV183	virus	P29818	AMV183	P29818	5	278	Uncharacterized protein AMV183/G2R	
AMV184	virus	Q9EML9	AMV184	Q9EML9	0	278	Q9EML9_AMEPV	
AMV185	virus	P29819	AMV185	P29819	7	278	Uncharacterized protein AMV185/G3L	
AMV186	virus	P29816	AMV186	P29816	11	278	Envelope protein A28 homolog	
AMV187	virus	P29815	AMV187	P29815	2	276	Spheroidin	
AMV188	virus	Q9EML7	AMV188	Q9EML7	2	278	Q9EML7_AMEPV	
AMV189	virus	Q9EML6	AMV189	Q9EML6	0	278	Q9EML6_AMEPV	
AMV190	virus	Q9EML5	AMV190	Q9EML5	3	278	Q9EML5_AMEPV	
AMV191	virus	Q9EML4	AMV191	Q9EML4	9	278	Q9EML4_AMEPV	
AMV193	virus	Q9EML3	AMV193	Q9EML3	7	278	Q9EML3_AMEPV	
AMV194	virus	Q9EML2	AMV194	Q9EML2	8	278	Q9EML2_AMEPV	
AMV195	virus	Q9EML1	AMV195	Q9EML1	1	278	Q9EML1_AMEPV	
AMV196	virus	Q9EML0	AMV196	Q9EML0	2	278	Q9EML0_AMEPV	
AMV197	virus	Q9EMK9	AMV197	Q9EMK9	11	278	non-specific serine/threonine protein kinase	
AMV198	virus	Q9EMK8	AMV198	Q9EMK8	1	278	Q9EMK8_AMEPV	
AMV199	virus	Q9EMK7	AMV199	Q9EMK7	1	278	Q9EMK7_AMEPV	
AMV200	virus	Q9EMK6	AMV200	Q9EMK6	5	278	Q9EMK6_AMEPV	
AMV201	virus	Q9EMK5	AMV201	Q9EMK5	5	278	Q9EMK5_AMEPV	
AMV202	virus	Q9EMK4	AMV202	Q9EMK4	1	278	Q9EMK4_AMEPV	
AMV203	virus	Q9EMK3	AMV203	Q9EMK3	1	278	Q9EMK3_AMEPV	
AMV204	virus	Q9EMK2	AMV204	Q9EMK2	2	278	Q9EMK2_AMEPV	
AMV205	virus	Q9EMK1	AMV205	Q9EMK1	7	278	Viral late gene transcription factor 3	
AMV206	virus	Q9EMK0	AMV206	Q9EMK0	2	278	Q9EMK0_AMEPV	
AMV207	virus	Q9EMJ9	AMV207	Q9EMJ9	4	278	Q9EMJ9_AMEPV	
AMV208	virus	Q9EMJ8	AMV208	Q9EMJ8	1	278	Q9EMJ8_AMEPV	
AMV209	virus	Q9EMJ7	AMV209	Q9EMJ7	2	278	Q9EMJ7_AMEPV	
AMV210	virus	Q9EMJ6	AMV210	Q9EMJ6	3	278	Probable AP endonuclease	
AMV211	virus	Q9EMJ5	AMV211	Q9EMJ5	6	278	Q9EMJ5_AMEPV	
AMV212	virus	Q9EMJ4	AMV212	Q9EMJ4	4	278	Q9EMJ4_AMEPV	
AMV213	virus	Q9EMJ3	AMV213	Q9EMJ3	4	278	Q9EMJ3_AMEPV	
AMV214	virus	Q9EMJ2	AMV214	Q9EMJ2	3	278	Q9EMJ2_AMEPV	
AMV215	virus	Q9EMJ1	AMV215	Q9EMJ1	1	278	Q9EMJ1_AMEPV	
AMV216	virus	Q9EMJ0	AMV216	Q9EMJ0	5	278	Q9EMJ0_AMEPV	
AMV217	virus	Q9EMI9	AMV217	Q9EMI9	7	278	Q9EMI9_AMEPV	
AMV218	virus	Q9EMI8	AMV218	Q9EMI8	13	278	Q9EMI8_AMEPV	
AMV219	virus	Q9EMI7	AMV219	Q9EMI7	6	278	Putative glycylpeptide N-tetradecanoyltransferase	
AMV220	virus	Q9EMI6	AMV220	Q9EMI6	3	278	Q9EMI6_AMEPV	
AMV221	virus	Q9EMI5	AMV221	Q9EMI5	6	274	DNA-directed RNA polymerase 147 kDa polypeptide	
AMV222	virus	Q9EMI4	AMV222	Q9EMI4	2	278	Q9EMI4_AMEPV	
AMV223	virus	Q9EMI3	AMV223	Q9EMI3	2	278	Q9EMI3_AMEPV	
AMV224	virus	Q9EMI2	AMV224	Q9EMI2	4	278	Q9EMI2_AMEPV	
AMV225	virus	Q9EMI1	AMV225	Q9EMI1	9	278	Q9EMI1_AMEPV	
AMV226	virus	Q9EMI0	AMV226	Q9EMI0	4	278	Q9EMI0_AMEPV	
AMV227	virus	Q9EMH9	AMV227	Q9EMH9	2	278	Q9EMH9_AMEPV	
AMV228	virus	Q9EMH8	AMV228	Q9EMH8	59	278	Q9EMH8_AMEPV	
AMV229	virus	Q9EMH7	AMV229	Q9EMH7	10	278	Q9EMH7_AMEPV	
AMV230	virus	Q9EMH6	AMV230	Q9EMH6	13	278	Q9EMH6_AMEPV	
AMV231	virus	Q9EMH5	AMV231	Q9EMH5	3	278	Uracil-DNA glycosylase	
AMV232	virus	Q9EMH4	AMV232	Q9EMH4	6	278	Q9EMH4_AMEPV	
AMV233	virus	Q9EMH3	AMV233	Q9EMH3	1	278	Q9EMH3_AMEPV	
AMV234	virus	Q9EMH2	AMV234	Q9EMH2	13	278	protein-serine/threonine phosphatase	
AMV235	virus	Q9EMH1	AMV235	Q9EMH1	10	278	Q9EMH1_AMEPV	
AMV236	virus	Q9EMH0	AMV236	Q9EMH0	2	278	Q9EMH0_AMEPV	
AMV237	virus	Q9EMG9	AMV237	Q9EMG9	6	278	Q9EMG9_AMEPV	
AMV238	virus	Q9EMG8	AMV238	Q9EMG8	1	278	Q9EMG8_AMEPV	
AMV239	virus	Q9EMG7	AMV239	Q9EMG7	1	278	Q9EMG7_AMEPV	
AMV240	virus	Q9EMG6	AMV240	Q9EMG6	9	278	Q9EMG6_AMEPV	
AMV241	virus	Q9EMG5	AMV241	Q9EMG5	2	278	Q9EMG5_AMEPV	
AMV242	virus	Q9EMG4	AMV242	Q9EMG4	4	278	Q9EMG4_AMEPV	
AMV243	virus	Q9EMG3	AMV243	Q9EMG3	16	278	Q9EMG3_AMEPV	
AMV244	virus	Q9EMG2	AMV244	Q9EMG2	0	278	Q9EMG2_AMEPV	
AMV245	virus	Q9EMG1	AMV245	Q9EMG1	6	278	Q9EMG1_AMEPV	
AMV246	virus	Q9EMG0	AMV246	Q9EMG0	29	278	Q9EMG0_AMEPV	
AMV247	virus	Q9EMF9	AMV247	Q9EMF9	26	278	Q9EMF9_AMEPV	
AMV248	virus	Q9EMF8	AMV248	Q9EMF8	7	278	Q9EMF8_AMEPV	
AMV249	virus	Q9EMF7	AMV249	Q9EMF7	7	278	Q9EMF7_AMEPV	
AMV250	virus	Q9EMF6	AMV250	Q9EMF6	5	278	Q9EMF6_AMEPV	
AMV251	virus	Q9EMF5	AMV251	Q9EMF5	0	278	Q9EMF5_AMEPV	
AMV252	virus	Q9EMF4	AMV252	Q9EMF4	4	278	Q9EMF4_AMEPV	
AMV253	virus	Q9EMF3	AMV253	Q9EMF3	4	278	Q9EMF3_AMEPV	
AMV254	virus	Q9EMF2	AMV254	Q9EMF2	10	278	Q9EMF2_AMEPV	
AMV255	virus	Q9EMF1	AMV255	Q9EMF1	2	278	superoxide dismutase	
AMV256	virus	Q9EMF0	AMV256	Q9EMF0	2	278	Metalloendopeptidase	
AMV257	virus	Q9EME9	AMV257	Q9EME9	8	278	Q9EME9_AMEPV	
AMV258	virus	Q9EME8	AMV258	Q9EME8	4	278	Q9EME8_AMEPV	
AMV259	virus	Q9EME7	AMV259	Q9EME7	8	278	Q9EME7_AMEPV	
AMV260	virus	Q9EME6	AMV260	Q9EME6	3	278	Q9EME6_AMEPV	
AMV261	virus	Q9EME5	AMV261	Q9EME5	11	278	Q9EME5_AMEPV	
AMV262	virus	Q9EME4	AMV262	Q9EME4	1	278	Q9EME4_AMEPV	
AMV263	virus	Q9EME3	AMV263	Q9EME3	8	278	Q9EME3_AMEPV	
AMV264	virus	Q9EME2	AMV264	Q9EME2	1	278	Q9EME2_AMEPV	
AMV265	virus	Q9EME1	AMV265	Q9EME1	2	278	Q9EME1_AMEPV	
AMV266	virus	Q9EME0	AMV266	Q9EME0	17	278	Q9EME0_AMEPV	
AMVITR01	virus	Q9DGV3	AMVITR01	Q9DGV3	6	278	Q9DGV3_AMEPV	
AMVITR02	virus	Q9DGS1	AMVITR02	Q9DGS1	2	278	Q9DGS1_AMEPV	
AMVITR03	virus	Q9DGT0	AMVITR03	Q9DGT0	5	278	Q9DGT0_AMEPV	
AMVITR04	virus	Q9DHC5	AMVITR04	Q9DHC5	5	278	Q9DHC5_AMEPV	
AMVITR05	virus	Q9DH93	AMVITR05	Q9DH93	5	278	Q9DH93_AMEPV	
AMVITR06	virus	Q9DGY1	AMVITR06	Q9DGY1	4	278	Q9DGY1_AMEPV	
AMVITR07	virus	Q9DH83	AMVITR07	Q9DH83	5	278	Q9DH83_AMEPV	
AMVITR08	virus	Q9DH49	AMVITR08	Q9DH49	1	278	Q9DH49_AMEPV	
AMVITR09	virus	Q9DGZ2	AMVITR09	Q9DGZ2	1	278	Q9DGZ2_AMEPV	
AMVITR10	virus	Q9DGT4	AMVITR10	Q9DGT4	1	278	Q9DGT4_AMEPV	
AMVITR11	virus	Q9DHC3	AMVITR11	Q9DHC3	0	278	Q9DHC3_AMEPV	
AMVITR12	virus	Q9DH73	AMVITR12	Q9DH73	1	278	Q9DH73_AMEPV	
AMVITR13	virus	Q9DGZ3	AMVITR13	Q9DGZ3	4	278	Q9DGZ3_AMEPV	
