B2M	human	P61769	B2M	P61769	103	1213	Beta-2-microglobulin [Cleaved into: Beta-2-microglobulin for	
B2M	mus-musculus	P01887	B2m	P01887	46	198	Beta-2-microglobulin	
B2M	rattus-norvegicus	P07151	B2m	P07151	33	214	Beta-2-microglobulin	
B2M	zebrafish	Q04475	b2m	Q04475	21	135	Beta-2-microglobulin	
B2MG_HUMAN	human	P61769	B2M	P61769	103	1213		
B2ML	zebrafish	E7F1G6	b2ml	E7F1G6	19	128	Beta-2-microglobulin	
B2MZ05	virus	B2MZ05	US3	B2MZ05	7	75	B2MZ05_ILTV	
B2MZ08	virus	B2MZ08	US5	B2MZ08	0	73	B2MZ08_ILTV	
B2MZ10	virus	B2MZ10	US7	B2MZ10	4	75	Envelope glycoprotein I	
B2MZ11	virus	B2MZ11	US8	B2MZ11	1	75	Envelope glycoprotein E	
B2MZA5	worm	B2MZA5	dos-3	B2MZA5	1	1	Delta and OSM-11-like	
B2MZC6	worm	B2MZC6	zim-1	B2MZC6	0	6	C2H2-type domain-containing protein	
B2MZD0	worm	B2MZD0	vha-7	B2MZD0	13	51	V-type proton ATPase 116 kDa subunit a 4	
