CCS	arabidopsis-thaliana	Q9LD47	CCS	Q9LD47	3	20	Copper chaperone for superoxide dismutase, chloroplastic/cytosolic
CCS	dictyostelium-discoideum	Q54F73	ccs	Q54F73	4	11	Probable copper chaperone for superoxide dismutase
CCS	glycine-max	Q9BBU5	CCS	Q9BBU5	8	48	Superoxide dismutase copper chaperone
CCS	mus-musculus	Q9WU84	Ccs	Q9WU84	3	13	Copper chaperone for superoxide dismutase
CCS	oryza-sativa-subsp-japonica	Q7XTY9	CCS	Q7XTY9	4	27	Copper chaperone for superoxide dismutase, chloroplastic
CCS	rattus-norvegicus	Q9JK72	Ccs	Q9JK72	2	13	Copper chaperone for superoxide dismutase
CCS1	arabidopsis-thaliana	Q9XIA4	CCS1	Q9XIA4	1	2	Cytochrome c biogenesis protein CCS1, chloroplastic
CCS1	candida-albicans-237561	Q59WC0	CCS1	Q59WC0	1	5	Superoxide dismutase 1 copper chaperone
CCS1	cladophialophora-carrionii	A0A1C1CIQ7	CCS1	A0A1C1CIQ7	1	7	Superoxide dismutase 1 copper chaperone
CCS1	oryza-sativa-subsp-japonica	Q75KA9	CCS1	Q75KA9	1	3	Cytochrome c biogenesis protein CCS1, chloroplastic
CCS1	schizosaccharomyces-pombe	Q10357	ccs1	Q10357	0	8	Superoxide dismutase 1 copper chaperone
CCS52	glycine-max	I1LMF9	CCS52	I1LMF9	94	418	CDC20/Fizzy WD40 domain-containing protein
CCSA	arabidopsis-thaliana	P56770	ccsA	P56770	1	7	Cytochrome c biogenesis protein CcsA
CCSA	glycine-max	Q2PMN1	ccsA	Q2PMN1	2	12	Cytochrome c biogenesis protein CcsA
CCSA	mycobacterium-tuberculosis	O06393	ccsA	O06393	1	4	Possible cytochrome C-type biogenesis protein CcsA
CCSA	oryza-sativa-subsp-japonica	P0C377	ccsA	P0C377	1	7	Cytochrome c biogenesis protein CcsA
CCSA	zea-mays	P46659	ccsA	P46659	1	6	Cytochrome c biogenesis protein CcsA
CCSAP	mus-musculus	Q8QZT2	Ccsap	Q8QZT2	0	3	Centriole, cilia and spindle-associated protein
CCSER2	mus-musculus	Q3UHI0	Ccser2	Q3UHI0	2	2	Serine-rich coiled-coil domain-containing protein 2
CCSER2	rattus-norvegicus	D4A4E5	Ccser2	D4A4E5	2	2	Coiled-coil serine-rich protein 2
