CG1900	fly	FBgn0030391	Rab40	Q8IR80	8	72		
CG1901	fly	FBgn0039914	mav	Q9V4E6	39	263		
CG1902	fly	FBgn0033434	CG1902	Q7K1M4	0	0	SD04017p	
CG1903	fly	FBgn0265630	sno	A8JUV0	1	8		
CG1906	fly	FBgn0086361	alph	Q961C5	108	1045		
CG1907	fly	FBgn0039674	CG1907	Q9VAJ9	0	4	Mitochondrial 2-oxoglutarate/malate carrier protein	
CG1908	fly	FBgn0030274	Lint-1	Q9VZ22	6	16		
CG1909	fly	FBgn0039911	CG1909	Q7K4Y8	1	11	GH22690p	
CG1910	fly	FBgn0022349	CG1910	Q9V9U3	24	177	LD45254p	
CG1910_297	fly	FBgn0022349	CG1910	Q9V9U3	24	177		
CG1911	fly	FBgn0039680	Cap-D2	Q9VAJ1	5	20		
CG1912	fly	FBgn0013972	Gycalpha99B	Q07093	12	88		
CG1913	fly	FBgn0003884	alphaTub84B	P06603	20	107		
CG1915	fly	FBgn0086906	sls	M9PEA0	0	0		
CG1916	fly	FBgn0004360	Wnt2	P28465	78	303		
CG1919	fly	FBgn0035281	Cpr62Bc	Q9W077	16	298		
CG1921	fly	FBgn0014388	sty	O44783	27	133		
CG1922	fly	FBgn0028996	onecut	Q9NJB5	31	110		
CG1924	fly	FBgn0030377	CG1924	Q9I7S9	2	48	Calnexin 99A	
CG1925	fly	FBgn0002891	PolZ1	Q9GSR1	2	6		
CG1927	fly	FBgn0027547	CG1927	Q9Y107	0	2	BcDNA.GH11112	
CG1934	fly	FBgn0001254	ImpE2	P29681	37	244		
CG1935	fly	FBgn0025820	JTBR	O96067	0	3		
CG1937	fly	FBgn0039875	sip3	Q95SP2	12	64		
CG1938	fly	FBgn0030276	Dlic	Q9VZ20	10	86		
CG1939	fly	FBgn0037469	Dpck	Q9VI57	0	11		
CG1941	fly	FBgn0033214	CG1941	Q7JYK2	1	18	Acyltransferase (EC 2.3.1.-)	
CG1942	fly	FBgn0033215	Dgat2	Q7K1C2	0	20		
CG1943	fly	FBgn0037468	CG1943	Q9VI56	2	7	GEO05313p1 (LD11057p) (RE05245p)	
CG1944	fly	FBgn0033395	Cyp4p2	Q9V557	1	8		
CG1945	fly	FBgn0005632	faf	P55824	0	19		
CG1946	fly	FBgn0033216	bishu-2	A1Z739	0	18		
CG1946-PA	fly	FBgn0033216	bishu-2	A1Z739	0	18		
CG1950	fly	FBgn0030370	Uch-L5R	Q9VYQ3	6	41		
CG1951	fly	FBgn0039623	CG1951	Q9VAR0	91	1100	LD39455p	
CG1952	fly	FBgn0050496	CG30496	Q7JRC9	5	17		
CG1954	fly	FBgn0003093	Pkc98E	P13678	133	1242		
CG1956	fly	FBgn0004636	Rap1	P08645	27	151		
CG1957	fly	FBgn0027873	Cpsf100	Q9V3D6	13	63		
CG1958	fly	FBgn0029940	CG1958	Q9W3S0	1	5	GH24548p	
CG1960	fly	FBgn0002872	mu2	Q95RC8	7	46		
CG1962	fly	FBgn0032876	Cen	Q9VIK6	9	23		
CG1963	fly	FBgn0024841	Pcd	O76454	1	21		
CG1964	fly	FBgn0039688	Kul	Q9VAI2	151	2374		
CG1965	fly	FBgn0037466	CG1965	Q9VI54	9	24	LD29489p	
CG1966	fly	FBgn0027620	Acf	Q9V9T4	11	92		
CG1967	fly	FBgn0030341	p24-1	Q9VYT6	234	2511		
CG1968	fly	FBgn0033401	Cog6	Q9V564	21	87		
CG1969	fly	FBgn0039690	Gnpnat	A0A0B4KI57	1	21		
CG1970	fly	FBgn0039909	ND-49	Q9V4E0	16	122		
CG1971	fly	FBgn0039881	CG1971	Q9V9T0	0	4	LD03819p	
CG1972	fly	FBgn0039691	IntS11	Q9VAH9	8	59		
CG1973	fly	FBgn0260990	yata	Q9VAH7	218	1134		
CG1975	fly	FBgn0028408	Drep2	A8DY77	8	47		
CG1976	fly	FBgn0039883	RhoGAP100F	Q9V9S7	4	10		
CG1977	fly	FBgn0250789	alpha-Spec	M9PGV6	2	31		
CG1978	fly	FBgn0033404	Or45a	Q9V568	1	5		
CG1979	fly	FBgn0026563	CG1979	Q9VI49	0	1	Uncharacterized protein	
CG1980	fly	FBgn0019828	dj	O01352	1	4		
CG1981	fly	FBgn0026869	Tdg	Q9V4D8	16	67		
CG1982	fly	FBgn0024289	Sord1	O97479	1	19		
CG1983	fly	FBgn0039751	CG1983	Q9VA97	2	11	Pyridoxal phosphate homeostasis protein (PLP homeostasis pro	
CG1984	fly	FBgn0037463	djl	Q9VI51	0	1		
CG1986	fly	FBgn0030162	CG1986	Q9W304	32	397	Uncharacterized protein, isoform A (Uncharacterized protein,	
CG1987	fly	FBgn0030479	Rbp1-like	M9MS48	5	28		
CG1988	fly	FBgn0037464	Mst84B	Q86BB0	0	0		
CG1989	fly	FBgn0288857	Ype	Q9XZF0	6	16		
CG1994	fly	FBgn0027330	l(1)G0020	Q9W3C1	13	169		
CG1998	fly	FBgn0030485	CG1998	Q9VYD2	2	18	RE26969p	
CG1999	fly	FBgn0029947	CG1999	Q9W3R3	3	16	FI06480p	
