CHB	fly	FBgn0021760	chb	Q9NBD7	15	58	CLIP-associating protein (Misexpression suppressor of ras 7)	
CHBA	shigella-flexneri	P69794	chbA	P69794	0	0	PTS system N,N'-diacetylchitobiose-specific EIIA component	
CHBB	escherichia-coli-83333	P69795	chbB	P69795	1	1	PTS system N,N'-diacetylchitobiose-specific EIIB component	
CHBC	escherichia-coli-83333	P17334	chbC	P17334	1	2	PTS system N,N'-diacetylchitobiose-specific EIIC component	
CHBEV_001	virus	A0A916NY62	CHBEV_001	A0A916NY62	8	311	A0A916NY62_CBEPV	
CHBEV_002	virus	A0A916KQ03	CHBEV_002	A0A916KQ03	4	311	A0A916KQ03_CBEPV	
CHBEV_003	virus	A0A916KPA2	CHBEV_003	A0A916KPA2	7	311	A0A916KPA2_CBEPV	
CHBEV_004	virus	A0A916KPY3	CHBEV_004	A0A916KPY3	15	311	A0A916KPY3_CBEPV	
CHBEV_005	virus	A0A916KPZ3	CHBEV_005	A0A916KPZ3	0	311	A0A916KPZ3_CBEPV	
CHBEV_006	virus	A0A916P139	CHBEV_006	A0A916P139	4	311	A0A916P139_CBEPV	
CHBEV_007	virus	A0A916KPZ0	CHBEV_007	A0A916KPZ0	6	311	A0A916KPZ0_CBEPV	
CHBEV_008	virus	A0A916KPX9	CHBEV_008	A0A916KPX9	1	311	A0A916KPX9_CBEPV	
CHBEV_009	virus	A0A916KPX7	CHBEV_009	A0A916KPX7	12	311	A0A916KPX7_CBEPV	
CHBEV_010	virus	A0A916KPA9	CHBEV_010	A0A916KPA9	11	311	A0A916KPA9_CBEPV	
CHBEV_011	virus	A0A916KPD5	CHBEV_011	A0A916KPD5	11	311	A0A916KPD5_CBEPV	
CHBEV_012	virus	A0A916P1A1	CHBEV_012	A0A916P1A1	6	311	A0A916P1A1_CBEPV	
CHBEV_013	virus	A0A916KPD2	CHBEV_013	A0A916KPD2	0	311	A0A916KPD2_CBEPV	
CHBEV_014	virus	A0A916P1K3	CHBEV_014	A0A916P1K3	1	311	A0A916P1K3_CBEPV	
CHBEV_015	virus	A0A916KPE3	CHBEV_015	A0A916KPE3	0	311	A0A916KPE3_CBEPV	
CHBEV_016	virus	A0A916NY53	CHBEV_016	A0A916NY53	3	311	A0A916NY53_CBEPV	
CHBEV_017	virus	A0A916KPS5	CHBEV_017	A0A916KPS5	2	311	A0A916KPS5_CBEPV	
CHBEV_018	virus	A0A916KPA6	CHBEV_018	A0A916KPA6	39	311	A0A916KPA6_CBEPV	
CHBEV_019	virus	A0A916NXF3	CHBEV_019	A0A916NXF3	18	311	A0A916NXF3_CBEPV	
CHBEV_020	virus	A0A916NXG2	CHBEV_020	A0A916NXG2	2	311	A0A916NXG2_CBEPV	
CHBEV_021	virus	A0A916KQ26	CHBEV_021	A0A916KQ26	8	311	A0A916KQ26_CBEPV	
CHBEV_022	virus	A0A916P6K6	CHBEV_022	A0A916P6K6	8	311	A0A916P6K6_CBEPV	
CHBEV_023	virus	A0A916P0S7	CHBEV_023	A0A916P0S7	8	311	A0A916P0S7_CBEPV	
CHBEV_024	virus	A0A916KPA0	CHBEV_024	A0A916KPA0	2	311	A0A916KPA0_CBEPV	
CHBEV_025	virus	A0A916KPB6	CHBEV_025	A0A916KPB6	6	311	A0A916KPB6_CBEPV	
CHBEV_026	virus	A0A916KPE2	CHBEV_026	A0A916KPE2	2	311	A0A916KPE2_CBEPV	
CHBEV_027	virus	A0A916KPD4	CHBEV_027	A0A916KPD4	0	311	A0A916KPD4_CBEPV	
CHBEV_028	virus	A0A916KPE0	CHBEV_028	A0A916KPE0	2	311	A0A916KPE0_CBEPV	
CHBEV_029	virus	A0A916KPG7	CHBEV_029	A0A916KPG7	0	311	A0A916KPG7_CBEPV	
CHBEV_030	virus	A0A916KPE7	CHBEV_030	A0A916KPE7	4	311	G-protein coupled receptors family 2 profile 2 domain-contai	
CHBEV_031	virus	A0A916KPD3	CHBEV_031	A0A916KPD3	5	311	A0A916KPD3_CBEPV	
CHBEV_032	virus	A0A916KPT3	CHBEV_032	A0A916KPT3	5	311	A0A916KPT3_CBEPV	
CHBEV_033	virus	A0A916KPB4	CHBEV_033	A0A916KPB4	2	311	A0A916KPB4_CBEPV	
CHBEV_034	virus	A0A916NXG4	CHBEV_034	A0A916NXG4	6	311	A0A916NXG4_CBEPV	
CHBEV_035	virus	A0A916NXH9	CHBEV_035	A0A916NXH9	15	311	A0A916NXH9_CBEPV	
CHBEV_036	virus	A0A916P150	CHBEV_036	A0A916P150	4	311	A0A916P150_CBEPV	
CHBEV_037	virus	A0A916P6L0	CHBEV_037	A0A916P6L0	3	311	A0A916P6L0_CBEPV	
CHBEV_038	virus	A0A916P0T2	CHBEV_038	A0A916P0T2	3	311	A0A916P0T2_CBEPV	
CHBEV_039	virus	A0A916KPB3	CHBEV_039	A0A916KPB3	2	311	A0A916KPB3_CBEPV	
CHBEV_040	virus	A0A916KPD0	CHBEV_040	A0A916KPD0	2	311	A0A916KPD0_CBEPV	
CHBEV_041	virus	A0A916KPF2	CHBEV_041	A0A916KPF2	4	311	A0A916KPF2_CBEPV	
CHBEV_042	virus	A0A916KPE5	CHBEV_042	A0A916KPE5	3	311	A0A916KPE5_CBEPV	
CHBEV_043	virus	A0A916KPF0	CHBEV_043	A0A916KPF0	7	311	A0A916KPF0_CBEPV	
CHBEV_044	virus	A0A916KPH4	CHBEV_044	A0A916KPH4	1	311	Thymidine kinase	
CHBEV_045	virus	A0A916KPG5	CHBEV_045	A0A916KPG5	5	311	A0A916KPG5_CBEPV	
CHBEV_046	virus	A0A916KPE4	CHBEV_046	A0A916KPE4	5	311	A0A916KPE4_CBEPV	
CHBEV_047	virus	A0A916KPU0	CHBEV_047	A0A916KPU0	11	311	A0A916KPU0_CBEPV	
CHBEV_048	virus	A0A916KPC3	CHBEV_048	A0A916KPC3	4	311	A0A916KPC3_CBEPV	
CHBEV_049	virus	A0A916NXJ4	CHBEV_049	A0A916NXJ4	2	311	A0A916NXJ4_CBEPV	
CHBEV_050	virus	A0A916NXJ7	CHBEV_050	A0A916NXJ7	3	311	A0A916NXJ7_CBEPV	
CHBEV_051	virus	A0A916P156	CHBEV_051	A0A916P156	3	311	Peptidase M10 metallopeptidase domain-containing protein	
CHBEV_052	virus	A0A916P6L9	CHBEV_052	A0A916P6L9	4	311	A0A916P6L9_CBEPV	
CHBEV_053	virus	A0A916P0T7	CHBEV_053	A0A916P0T7	3	311	Deoxyribodipyrimidine photo-lyase	
CHBEV_054	virus	A0A916KPC2	CHBEV_054	A0A916KPC2	21	311	A0A916KPC2_CBEPV	
CHBEV_055	virus	A0A916KPD8	CHBEV_055	A0A916KPD8	6	311	A0A916KPD8_CBEPV	
CHBEV_056	virus	A0A916KPG1	CHBEV_056	A0A916KPG1	14	311	A0A916KPG1_CBEPV	
CHBEV_057	virus	A0A916KPF5	CHBEV_057	A0A916KPF5	0	311	A0A916KPF5_CBEPV	
CHBEV_058	virus	A0A916KPF6	CHBEV_058	A0A916KPF6	3	311	A0A916KPF6_CBEPV	
CHBEV_059	virus	A0A916KPJ8	CHBEV_059	A0A916KPJ8	0	311	A0A916KPJ8_CBEPV	
CHBEV_060	virus	A0A916KPH3	CHBEV_060	A0A916KPH3	12	311	A0A916KPH3_CBEPV	
CHBEV_061	virus	A0A916KPF3	CHBEV_061	A0A916KPF3	0	311	A0A916KPF3_CBEPV	
CHBEV_062	virus	A0A916KPU4	CHBEV_062	A0A916KPU4	4	311	Ribonucleoside-diphosphate reductase small chain	
CHBEV_063	virus	A0A916KPD7	CHBEV_063	A0A916KPD7	10	311	A0A916KPD7_CBEPV	
CHBEV_064	virus	A0A916NXL5	CHBEV_064	A0A916NXL5	4	311	A0A916NXL5_CBEPV	
CHBEV_065	virus	A0A916NXL0	CHBEV_065	A0A916NXL0	8	311	Methyltransferase domain-containing protein	
CHBEV_066	virus	A0A916P165	CHBEV_066	A0A916P165	4	311	A0A916P165_CBEPV	
CHBEV_067	virus	A0A916P6N0	CHBEV_067	A0A916P6N0	5	311	A0A916P6N0_CBEPV	
CHBEV_068	virus	A0A916P0U9	CHBEV_068	A0A916P0U9	1	311	A0A916P0U9_CBEPV	
CHBEV_069	virus	A0A916KPD9	CHBEV_069	A0A916KPD9	3	309	DNA polymerase	
CHBEV_070	virus	A0A916KPE6	CHBEV_070	A0A916KPE6	1	311	A0A916KPE6_CBEPV	
CHBEV_071	virus	A0A916KPH1	CHBEV_071	A0A916KPH1	5	311	A0A916KPH1_CBEPV	
CHBEV_072	virus	A0A916KPF7	CHBEV_072	A0A916KPF7	12	311	A0A916KPF7_CBEPV	
CHBEV_073	virus	A0A916KPG3	CHBEV_073	A0A916KPG3	14	311	A0A916KPG3_CBEPV	
CHBEV_074	virus	A0A916KPK5	CHBEV_074	A0A916KPK5	1	311	A0A916KPK5_CBEPV	
CHBEV_075	virus	A0A916KPH7	CHBEV_075	A0A916KPH7	15	311	A0A916KPH7_CBEPV	
CHBEV_076	virus	A0A916KPG0	CHBEV_076	A0A916KPG0	9	311	A0A916KPG0_CBEPV	
CHBEV_077	virus	A0A916KPW2	CHBEV_077	A0A916KPW2	6	311	A0A916KPW2_CBEPV	
CHBEV_078	virus	A0A916KPE9	CHBEV_078	A0A916KPE9	3	311	A0A916KPE9_CBEPV	
CHBEV_079	virus	A0A916NXM4	CHBEV_079	A0A916NXM4	1	311	A0A916NXM4_CBEPV	
CHBEV_080	virus	A0A916NXM0	CHBEV_080	A0A916NXM0	7	311	A0A916NXM0_CBEPV	
CHBEV_081	virus	A0A916P172	CHBEV_081	A0A916P172	2	311	A0A916P172_CBEPV	
CHBEV_082	virus	A0A916P6N7	CHBEV_082	A0A916P6N7	8	311	A0A916P6N7_CBEPV	
CHBEV_083	virus	A0A916P0W0	CHBEV_083	A0A916P0W0	5	311	A0A916P0W0_CBEPV	
CHBEV_084	virus	A0A916KPF8	CHBEV_084	A0A916KPF8	6	311	A0A916KPF8_CBEPV	
CHBEV_085	virus	A0A916KPF4	CHBEV_085	A0A916KPF4	2	311	Poly(A) polymerase catalytic subunit	
CHBEV_086	virus	A0A916KPI3	CHBEV_086	A0A916KPI3	6	311	A0A916KPI3_CBEPV	
CHBEV_087	virus	A0A916KPH2	CHBEV_087	A0A916KPH2	0	311	A0A916KPH2_CBEPV	
CHBEV_088	virus	A0A916KPI2	CHBEV_088	A0A916KPI2	11	311	A0A916KPI2_CBEPV	
CHBEV_089	virus	A0A916KPL2	CHBEV_089	A0A916KPL2	11	311	A0A916KPL2_CBEPV	
CHBEV_090	virus	A0A916KPJ0	CHBEV_090	A0A916KPJ0	2	311	A0A916KPJ0_CBEPV	
CHBEV_091	virus	A0A916KPG8	CHBEV_091	A0A916KPG8	15	311	A0A916KPG8_CBEPV	
CHBEV_092	virus	A0A916KPX0	CHBEV_092	A0A916KPX0	21	311	A0A916KPX0_CBEPV	
CHBEV_093	virus	A0A916KPG4	CHBEV_093	A0A916KPG4	20	311	A0A916KPG4_CBEPV	
CHBEV_094	virus	A0A916NXN2	CHBEV_094	A0A916NXN2	0	311	A0A916NXN2_CBEPV	
CHBEV_095	virus	A0A916NXN0	CHBEV_095	A0A916NXN0	1	311	DNA topoisomerase	
CHBEV_096	virus	A0A916P178	CHBEV_096	A0A916P178	10	311	A0A916P178_CBEPV	
CHBEV_097	virus	A0A916P6P6	CHBEV_097	A0A916P6P6	3	311	RNA polymerase-associated transcription-specificity factor R	
CHBEV_098	virus	A0A916P0W6	CHBEV_098	A0A916P0W6	2	311	A0A916P0W6_CBEPV	
CHBEV_099	virus	A0A916KPH0	CHBEV_099	A0A916KPH0	20	311	A0A916KPH0_CBEPV	
CHBEV_100	virus	A0A916KPG6	CHBEV_100	A0A916KPG6	17	311	A0A916KPG6_CBEPV	
CHBEV_101	virus	A0A916KPI8	CHBEV_101	A0A916KPI8	25	311	A0A916KPI8_CBEPV	
CHBEV_102	virus	A0A916KPH8	CHBEV_102	A0A916KPH8	23	311	A0A916KPH8_CBEPV	
CHBEV_103	virus	A0A916KPJ7	CHBEV_103	A0A916KPJ7	4	311	A0A916KPJ7_CBEPV	
CHBEV_104	virus	A0A916KPM2	CHBEV_104	A0A916KPM2	4	311	A0A916KPM2_CBEPV	
CHBEV_105	virus	A0A916KPK0	CHBEV_105	A0A916KPK0	5	311	Cap-specific mRNA (nucleoside-2'-O-)-methyltransferase	
CHBEV_106	virus	A0A916KPH9	CHBEV_106	A0A916KPH9	6	311	A0A916KPH9_CBEPV	
CHBEV_107	virus	A0A916KPY0	CHBEV_107	A0A916KPY0	7	311	A0A916KPY0_CBEPV	
CHBEV_108	virus	A0A916KPH5	CHBEV_108	A0A916KPH5	3	311	A0A916KPH5_CBEPV	
CHBEV_109	virus	A0A916NXN9	CHBEV_109	A0A916NXN9	5	311	A0A916NXN9_CBEPV	
CHBEV_110	virus	A0A916NXR6	CHBEV_110	A0A916NXR6	20	311	A0A916NXR6_CBEPV	
CHBEV_111	virus	A0A916P188	CHBEV_111	A0A916P188	24	311	A0A916P188_CBEPV	
CHBEV_112	virus	A0A916P6Q7	CHBEV_112	A0A916P6Q7	22	311	A0A916P6Q7_CBEPV	
CHBEV_113	virus	A0A916P0X9	CHBEV_113	A0A916P0X9	20	311	A0A916P0X9_CBEPV	
CHBEV_114	virus	A0A916KPI0	CHBEV_114	A0A916KPI0	17	311	A0A916KPI0_CBEPV	
CHBEV_115	virus	A0A916KPH6	CHBEV_115	A0A916KPH6	18	311	A0A916KPH6_CBEPV	
CHBEV_116	virus	A0A916KPJ2	CHBEV_116	A0A916KPJ2	24	311	A0A916KPJ2_CBEPV	
CHBEV_117	virus	A0A916KPI7	CHBEV_117	A0A916KPI7	20	311	A0A916KPI7_CBEPV	
CHBEV_118	virus	A0A916KPK4	CHBEV_118	A0A916KPK4	21	311	A0A916KPK4_CBEPV	
CHBEV_119	virus	A0A916KPN2	CHBEV_119	A0A916KPN2	24	311	A0A916KPN2_CBEPV	
CHBEV_120	virus	A0A916KPL6	CHBEV_120	A0A916KPL6	10	311	A0A916KPL6_CBEPV	
CHBEV_121	virus	A0A916KPI9	CHBEV_121	A0A916KPI9	0	311	A0A916KPI9_CBEPV	
CHBEV_122	virus	A0A916KPZ1	CHBEV_122	A0A916KPZ1	22	311	A0A916KPZ1_CBEPV	
CHBEV_123	virus	A0A916KPI4	CHBEV_123	A0A916KPI4	15	311	A0A916KPI4_CBEPV	
CHBEV_124	virus	A0A916NXQ2	CHBEV_124	A0A916NXQ2	19	311	Gamma-glutamylcyclotransferase	
CHBEV_125	virus	A0A916NXS7	CHBEV_125	A0A916NXS7	8	311	Entry-fusion complex protein OPG086	
CHBEV_126	virus	A0A916P197	CHBEV_126	A0A916P197	10	311	Peptidase M10 metallopeptidase domain-containing protein	
CHBEV_127	virus	A0A916P6R6	CHBEV_127	A0A916P6R6	10	311	A0A916P6R6_CBEPV	
CHBEV_128	virus	A0A916P0Y8	CHBEV_128	A0A916P0Y8	3	311	A0A916P0Y8_CBEPV	
CHBEV_129	virus	A0A916KPI6	CHBEV_129	A0A916KPI6	8	307	DNA-directed RNA polymerase	
CHBEV_130	virus	A0A916KPI5	CHBEV_130	A0A916KPI5	5	311	A0A916KPI5_CBEPV	
CHBEV_131	virus	A0A916KPK2	CHBEV_131	A0A916KPK2	5	311	Type VII secretion system protein EssD-like domain-containin	
CHBEV_132	virus	A0A916KPJ3	CHBEV_132	A0A916KPJ3	5	311	A0A916KPJ3_CBEPV	
CHBEV_133	virus	A0A916KPL1	CHBEV_133	A0A916KPL1	6	311	A0A916KPL1_CBEPV	
CHBEV_134	virus	A0A916KPP5	CHBEV_134	A0A916KPP5	10	311	A0A916KPP5_CBEPV	
CHBEV_135	virus	A0A916KPM5	CHBEV_135	A0A916KPM5	17	311	A0A916KPM5_CBEPV	
CHBEV_136	virus	A0A916KPJ9	CHBEV_136	A0A916KPJ9	3	311	A0A916KPJ9_CBEPV	
CHBEV_137	virus	A0A916KPZ7	CHBEV_137	A0A916KPZ7	13	311	A0A916KPZ7_CBEPV	
CHBEV_138	virus	A0A916KPJ5	CHBEV_138	A0A916KPJ5	2	311	RNA helicase NPH-II	
CHBEV_139	virus	A0A916NXR1	CHBEV_139	A0A916NXR1	4	311	A0A916NXR1_CBEPV	
CHBEV_140	virus	A0A916NXU4	CHBEV_140	A0A916NXU4	4	311	A0A916NXU4_CBEPV	
CHBEV_141	virus	A0A916P1A5	CHBEV_141	A0A916P1A5	15	311	A0A916P1A5_CBEPV	
CHBEV_142	virus	A0A916P6S2	CHBEV_142	A0A916P6S2	2	311	A0A916P6S2_CBEPV	
CHBEV_143	virus	A0A916P0Z6	CHBEV_143	A0A916P0Z6	6	311	A0A916P0Z6_CBEPV	
CHBEV_144	virus	A0A916KPJ1	CHBEV_144	A0A916KPJ1	5	311	A0A916KPJ1_CBEPV	
CHBEV_145	virus	A0A916KPJ6	CHBEV_145	A0A916KPJ6	13	311	A0A916KPJ6_CBEPV	
CHBEV_146	virus	A0A916KPL5	CHBEV_146	A0A916KPL5	2	311	A0A916KPL5_CBEPV	
CHBEV_147	virus	A0A916KPK7	CHBEV_147	A0A916KPK7	3	311	A0A916KPK7_CBEPV	
CHBEV_148	virus	A0A916KPL8	CHBEV_148	A0A916KPL8	6	311	Intermediate transcription factor 3 large subunit	
CHBEV_149	virus	A0A916KPQ4	CHBEV_149	A0A916KPQ4	5	311	A0A916KPQ4_CBEPV	
CHBEV_150	virus	A0A916KPN7	CHBEV_150	A0A916KPN7	2	311	A0A916KPN7_CBEPV	
CHBEV_151	virus	A0A916KPK1	CHBEV_151	A0A916KPK1	1	311	A0A916KPK1_CBEPV	
CHBEV_152	virus	A0A916KQ07	CHBEV_152	A0A916KQ07	9	311	A0A916KQ07_CBEPV	
CHBEV_153	virus	A0A916KPL4	CHBEV_153	A0A916KPL4	0	311	A0A916KPL4_CBEPV	
CHBEV_154	virus	A0A916NXS0	CHBEV_154	A0A916NXS0	1	311	A0A916NXS0_CBEPV	
CHBEV_155	virus	A0A916NXV8	CHBEV_155	A0A916NXV8	7	311	A0A916NXV8_CBEPV	
CHBEV_156	virus	A0A916P1B2	CHBEV_156	A0A916P1B2	4	311	Phospholipase A2-like domain-containing protein	
CHBEV_157	virus	A0A916P6T0	CHBEV_157	A0A916P6T0	2	311	A0A916P6T0_CBEPV	
CHBEV_158	virus	A0A916P108	CHBEV_158	A0A916P108	4	311	A0A916P108_CBEPV	
CHBEV_159	virus	A0A916KPK8	CHBEV_159	A0A916KPK8	19	311	Early transcription factor 82 kDa subunit	
CHBEV_160	virus	A0A916KPK3	CHBEV_160	A0A916KPK3	7	311	dUTPase-like domain-containing protein	
CHBEV_161	virus	A0A916KPM6	CHBEV_161	A0A916KPM6	19	311	A0A916KPM6_CBEPV	
CHBEV_162	virus	A0A916KPL0	CHBEV_162	A0A916KPL0	5	311	A0A916KPL0_CBEPV	
CHBEV_163	virus	A0A916KPM8	CHBEV_163	A0A916KPM8	7	311	A0A916KPM8_CBEPV	
CHBEV_164	virus	A0A916KPQ9	CHBEV_164	A0A916KPQ9	6	311	A0A916KPQ9_CBEPV	
CHBEV_165	virus	A0A916KPP4	CHBEV_165	A0A916KPP4	10	311	A0A916KPP4_CBEPV	
CHBEV_166	virus	A0A916KPK9	CHBEV_166	A0A916KPK9	6	311	A0A916KPK9_CBEPV	
CHBEV_167	virus	A0A916KQ16	CHBEV_167	A0A916KQ16	7	311	A0A916KQ16_CBEPV	
CHBEV_168	virus	A0A916KPM3	CHBEV_168	A0A916KPM3	8	311	A0A916KPM3_CBEPV	
CHBEV_169	virus	A0A916NXS9	CHBEV_169	A0A916NXS9	6	311	A0A916NXS9_CBEPV	
CHBEV_170	virus	A0A916NXY2	CHBEV_170	A0A916NXY2	7	311	A0A916NXY2_CBEPV	
CHBEV_171	virus	A0A916P1C0	CHBEV_171	A0A916P1C0	0	311	62 kDa protein	
CHBEV_172	virus	A0A916P6U1	CHBEV_172	A0A916P6U1	2	311	A0A916P6U1_CBEPV	
CHBEV_173	virus	A0A916P114	CHBEV_173	A0A916P114	5	311	A0A916P114_CBEPV	
CHBEV_174	virus	A0A916KPM1	CHBEV_174	A0A916KPM1	1	311	A0A916KPM1_CBEPV	
CHBEV_175	virus	A0A916KPL7	CHBEV_175	A0A916KPL7	8	311	A0A916KPL7_CBEPV	
CHBEV_176	virus	A0A916KPN6	CHBEV_176	A0A916KPN6	14	311	A0A916KPN6_CBEPV	
CHBEV_177	virus	A0A916KPM0	CHBEV_177	A0A916KPM0	4	311	Type VII secretion system protein EssD-like domain-containin	
CHBEV_178	virus	A0A916KPP0	CHBEV_178	A0A916KPP0	4	311	A0A916KPP0_CBEPV	
CHBEV_179	virus	A0A916KPR7	CHBEV_179	A0A916KPR7	4	311	A0A916KPR7_CBEPV	
CHBEV_180	virus	A0A916KPQ1	CHBEV_180	A0A916KPQ1	7	311	A0A916KPQ1_CBEPV	
CHBEV_181	virus	A0A916KPL9	CHBEV_181	A0A916KPL9	9	311	A0A916KPL9_CBEPV	
CHBEV_182	virus	A0A916KQ24	CHBEV_182	A0A916KQ24	5	311	A0A916KQ24_CBEPV	
CHBEV_183	virus	A0A916KPN0	CHBEV_183	A0A916KPN0	9	311	KilA-N domain-containing protein	
CHBEV_184	virus	A0A916NXT7	CHBEV_184	A0A916NXT7	5	311	A0A916NXT7_CBEPV	
CHBEV_185	virus	A0A916NXZ3	CHBEV_185	A0A916NXZ3	5	311	A0A916NXZ3_CBEPV	
CHBEV_186	virus	A0A916P1C7	CHBEV_186	A0A916P1C7	8	311	mRNA-capping enzyme catalytic subunit	
CHBEV_187	virus	A0A916P6V0	CHBEV_187	A0A916P6V0	7	311	A0A916P6V0_CBEPV	
CHBEV_188	virus	A0A916P122	CHBEV_188	A0A916P122	7	311	A0A916P122_CBEPV	
CHBEV_189	virus	A0A916KPM9	CHBEV_189	A0A916KPM9	0	310	A0A916KPM9_CBEPV	
CHBEV_190	virus	A0A916KPM4	CHBEV_190	A0A916KPM4	2	311	A0A916KPM4_CBEPV	
CHBEV_191	virus	A0A916KPP3	CHBEV_191	A0A916KPP3	1	311	A0A916KPP3_CBEPV	
CHBEV_192	virus	A0A916KPN3	CHBEV_192	A0A916KPN3	0	311	A0A916KPN3_CBEPV	
CHBEV_193	virus	A0A916KPP8	CHBEV_193	A0A916KPP8	9	311	A0A916KPP8_CBEPV	
CHBEV_194	virus	A0A916KPS7	CHBEV_194	A0A916KPS7	8	311	Virion core protein 4b	
CHBEV_195	virus	A0A916KPR0	CHBEV_195	A0A916KPR0	6	311	A0A916KPR0_CBEPV	
CHBEV_196	virus	A0A916KPN1	CHBEV_196	A0A916KPN1	14	311	DNA packaging protein OPG160	
CHBEV_197	virus	A0A916KQ39	CHBEV_197	A0A916KQ39	4	311	A0A916KQ39_CBEPV	
CHBEV_198	virus	A0A916KPP1	CHBEV_198	A0A916KPP1	6	311	Serine/threonine-protein kinase 2	
CHBEV_199	virus	A0A916NXW2	CHBEV_199	A0A916NXW2	0	308	A0A916NXW2_CBEPV	
CHBEV_200	virus	A0A916NY01	CHBEV_200	A0A916NY01	7	311	A0A916NY01_CBEPV	
CHBEV_201	virus	A0A916P1D8	CHBEV_201	A0A916P1D8	2	311	A0A916P1D8_CBEPV	
CHBEV_202	virus	A0A916P6W1	CHBEV_202	A0A916P6W1	6	311	A0A916P6W1_CBEPV	
CHBEV_203	virus	A0A916P146	CHBEV_203	A0A916P146	0	311	A0A916P146_CBEPV	
CHBEV_204	virus	A0A916KPN9	CHBEV_204	A0A916KPN9	13	311	A0A916KPN9_CBEPV	
CHBEV_205	virus	A0A916KPN4	CHBEV_205	A0A916KPN4	3	311	A0A916KPN4_CBEPV	
CHBEV_206	virus	A0A916KPQ2	CHBEV_206	A0A916KPQ2	4	311	A0A916KPQ2_CBEPV	
CHBEV_207	virus	A0A916KPP2	CHBEV_207	A0A916KPP2	7	311	A0A916KPP2_CBEPV	
CHBEV_208	virus	A0A916KPR2	CHBEV_208	A0A916KPR2	4	311	A0A916KPR2_CBEPV	
CHBEV_209	virus	A0A916KPU6	CHBEV_209	A0A916KPU6	5	311	A0A916KPU6_CBEPV	
CHBEV_210	virus	A0A916KPS0	CHBEV_210	A0A916KPS0	3	311	A0A916KPS0_CBEPV	
CHBEV_211	virus	A0A916KPN8	CHBEV_211	A0A916KPN8	9	311	A0A916KPN8_CBEPV	
CHBEV_212	virus	A0A916KQ47	CHBEV_212	A0A916KQ47	2	311	A0A916KQ47_CBEPV	
CHBEV_213	virus	A0A916KPR3	CHBEV_213	A0A916KPR3	1	311	A0A916KPR3_CBEPV	
CHBEV_214	virus	A0A916NXY3	CHBEV_214	A0A916NXY3	3	311	A0A916NXY3_CBEPV	
CHBEV_215	virus	A0A916NY23	CHBEV_215	A0A916NY23	7	311	A0A916NY23_CBEPV	
CHBEV_216	virus	A0A916P1E5	CHBEV_216	A0A916P1E5	5	311	A0A916P1E5_CBEPV	
CHBEV_217	virus	A0A916P6W9	CHBEV_217	A0A916P6W9	5	311	A0A916P6W9_CBEPV	
CHBEV_218	virus	A0A916P154	CHBEV_218	A0A916P154	0	311	A0A916P154_CBEPV	
CHBEV_219	virus	A0A916KPP9	CHBEV_219	A0A916KPP9	11	311	A0A916KPP9_CBEPV	
CHBEV_220	virus	A0A916KPP7	CHBEV_220	A0A916KPP7	13	311	RING-type domain-containing protein	
CHBEV_221	virus	A0A916KPR4	CHBEV_221	A0A916KPR4	0	311	A0A916KPR4_CBEPV	
CHBEV_222	virus	A0A916KPQ5	CHBEV_222	A0A916KPQ5	27	311	A0A916KPQ5_CBEPV	
CHBEV_223	virus	A0A916KPS4	CHBEV_223	A0A916KPS4	7	311	A0A916KPS4_CBEPV	
CHBEV_224	virus	A0A916KPV7	CHBEV_224	A0A916KPV7	5	311	A0A916KPV7_CBEPV	
CHBEV_225	virus	A0A916KPT4	CHBEV_225	A0A916KPT4	10	311	A0A916KPT4_CBEPV	
CHBEV_226	virus	A0A916KPQ0	CHBEV_226	A0A916KPQ0	6	311	A0A916KPQ0_CBEPV	
CHBEV_227	virus	A0A916KQ58	CHBEV_227	A0A916KQ58	0	309	A0A916KQ58_CBEPV	
CHBEV_228	virus	A0A916KPS3	CHBEV_228	A0A916KPS3	4	311	Nucleoside triphosphatase I	
CHBEV_229	virus	A0A916NXZ7	CHBEV_229	A0A916NXZ7	3	311	A0A916NXZ7_CBEPV	
CHBEV_230	virus	A0A916NY33	CHBEV_230	A0A916NY33	3	311	A0A916NY33_CBEPV	
CHBEV_231	virus	A0A916P1F2	CHBEV_231	A0A916P1F2	8	311	A0A916P1F2_CBEPV	
CHBEV_232	virus	A0A916P6Y3	CHBEV_232	A0A916P6Y3	2	311	A0A916P6Y3_CBEPV	
CHBEV_233	virus	A0A916P162	CHBEV_233	A0A916P162	3	311	A0A916P162_CBEPV	
CHBEV_234	virus	A0A916KPQ6	CHBEV_234	A0A916KPQ6	3	311	A0A916KPQ6_CBEPV	
CHBEV_235	virus	A0A916KPQ7	CHBEV_235	A0A916KPQ7	4	311	Viral late gene transcription factor 3	
CHBEV_236	virus	A0A916KPS1	CHBEV_236	A0A916KPS1	1	311	A0A916KPS1_CBEPV	
CHBEV_237	virus	A0A916KPR5	CHBEV_237	A0A916KPR5	3	311	Probable AP endonuclease	
CHBEV_238	virus	A0A916KPT2	CHBEV_238	A0A916KPT2	2	311	A0A916KPT2_CBEPV	
CHBEV_239	virus	A0A916KPW9	CHBEV_239	A0A916KPW9	6	311	A0A916KPW9_CBEPV	
CHBEV_240	virus	A0A916KPU2	CHBEV_240	A0A916KPU2	15	311	A0A916KPU2_CBEPV	
CHBEV_241	virus	A0A916KPR1	CHBEV_241	A0A916KPR1	1	311	A0A916KPR1_CBEPV	
CHBEV_242	virus	A0A916KQ66	CHBEV_242	A0A916KQ66	15	311	A0A916KQ66_CBEPV	
CHBEV_243	virus	A0A916KPU7	CHBEV_243	A0A916KPU7	5	311	A0A916KPU7_CBEPV	
CHBEV_244	virus	A0A916NY07	CHBEV_244	A0A916NY07	8	311	A0A916NY07_CBEPV	
CHBEV_245	virus	A0A916NY54	CHBEV_245	A0A916NY54	7	311	glycylpeptide N-tetradecanoyltransferase	
CHBEV_246	virus	A0A916P1F5	CHBEV_246	A0A916P1F5	6	311	A0A916P1F5_CBEPV	
CHBEV_247	virus	A0A916P6Z0	CHBEV_247	A0A916P6Z0	5	311	A0A916P6Z0_CBEPV	
CHBEV_248	virus	A0A916P169	CHBEV_248	A0A916P169	4	311	A0A916P169_CBEPV	
CHBEV_249	virus	A0A916KPR6	CHBEV_249	A0A916KPR6	8	311	A0A916KPR6_CBEPV	
CHBEV_250	virus	A0A916KPS2	CHBEV_250	A0A916KPS2	14	311	A0A916KPS2_CBEPV	
CHBEV_251	virus	A0A916KPS9	CHBEV_251	A0A916KPS9	14	311	A0A916KPS9_CBEPV	
CHBEV_252	virus	A0A916KPS8	CHBEV_252	A0A916KPS8	15	311	A0A916KPS8_CBEPV	
CHBEV_253	virus	A0A916KPT8	CHBEV_253	A0A916KPT8	14	311	A0A916KPT8_CBEPV	
CHBEV_254	virus	A0A916KPX6	CHBEV_254	A0A916KPX6	0	311	A0A916KPX6_CBEPV	
CHBEV_255	virus	A0A916KPV0	CHBEV_255	A0A916KPV0	4	311	A0A916KPV0_CBEPV	
CHBEV_256	virus	A0A916KPR9	CHBEV_256	A0A916KPR9	7	309	DNA-directed RNA polymerase 147 kDa polypeptide	
CHBEV_257	virus	A0A916KQ73	CHBEV_257	A0A916KQ73	1	311	DNA helicase Pif1-like DEAD-box helicase domain-containing p	
CHBEV_258	virus	A0A916KPV6	CHBEV_258	A0A916KPV6	1	311	A0A916KPV6_CBEPV	
CHBEV_259	virus	A0A916NY14	CHBEV_259	A0A916NY14	1	311	A0A916NY14_CBEPV	
CHBEV_260	virus	A0A916NY63	CHBEV_260	A0A916NY63	6	311	A0A916NY63_CBEPV	
CHBEV_261	virus	A0A916P1G3	CHBEV_261	A0A916P1G3	10	311	A0A916P1G3_CBEPV	
CHBEV_262	virus	A0A916P6Z9	CHBEV_262	A0A916P6Z9	3	311	A0A916P6Z9_CBEPV	
CHBEV_263	virus	A0A916P174	CHBEV_263	A0A916P174	69	311	A0A916P174_CBEPV	
CHBEV_264	virus	A0A916KPS6	CHBEV_264	A0A916KPS6	11	311	A0A916KPS6_CBEPV	
CHBEV_265	virus	A0A916KPT1	CHBEV_265	A0A916KPT1	9	311	A0A916KPT1_CBEPV	
CHBEV_266	virus	A0A916KPT6	CHBEV_266	A0A916KPT6	1	311	A0A916KPT6_CBEPV	
CHBEV_267	virus	A0A916KPT5	CHBEV_267	A0A916KPT5	7	311	Uracil-DNA glycosylase	
CHBEV_268	virus	A0A916KPV1	CHBEV_268	A0A916KPV1	13	311	A0A916KPV1_CBEPV	
CHBEV_269	virus	A0A916KPY7	CHBEV_269	A0A916KPY7	1	311	A0A916KPY7_CBEPV	
CHBEV_270	virus	A0A916KPV8	CHBEV_270	A0A916KPV8	15	311	A0A916KPV8_CBEPV	
CHBEV_271	virus	A0A916KPU1	CHBEV_271	A0A916KPU1	2	311	A0A916KPU1_CBEPV	
CHBEV_272	virus	A0A916KQ81	CHBEV_272	A0A916KQ81	14	311	A0A916KQ81_CBEPV	
CHBEV_273	virus	A0A916KPW6	CHBEV_273	A0A916KPW6	11	311	A0A916KPW6_CBEPV	
CHBEV_274	virus	A0A916NY26	CHBEV_274	A0A916NY26	1	311	A0A916NY26_CBEPV	
CHBEV_275	virus	A0A916NY72	CHBEV_275	A0A916NY72	3	311	A0A916NY72_CBEPV	
CHBEV_276	virus	A0A916P1H1	CHBEV_276	A0A916P1H1	7	311	A0A916P1H1_CBEPV	
CHBEV_277	virus	A0A916P709	CHBEV_277	A0A916P709	5	311	A0A916P709_CBEPV	
CHBEV_278	virus	A0A916P182	CHBEV_278	A0A916P182	4	311	A0A916P182_CBEPV	
CHBEV_279	virus	A0A916KPT0	CHBEV_279	A0A916KPT0	11	311	A0A916KPT0_CBEPV	
CHBEV_280	virus	A0A916KPT9	CHBEV_280	A0A916KPT9	8	311	A0A916KPT9_CBEPV	
CHBEV_281	virus	A0A916KPU3	CHBEV_281	A0A916KPU3	5	311	A0A916KPU3_CBEPV	
CHBEV_282	virus	A0A916KPV4	CHBEV_282	A0A916KPV4	24	311	A0A916KPV4_CBEPV	
CHBEV_283	virus	A0A916KPV9	CHBEV_283	A0A916KPV9	17	311	A0A916KPV9_CBEPV	
CHBEV_284	virus	A0A916KQ13	CHBEV_284	A0A916KQ13	4	311	A0A916KQ13_CBEPV	
CHBEV_285	virus	A0A916KPW7	CHBEV_285	A0A916KPW7	12	311	A0A916KPW7_CBEPV	
CHBEV_286	virus	A0A916KPU8	CHBEV_286	A0A916KPU8	8	311	A0A916KPU8_CBEPV	
CHBEV_287	virus	A0A916KQ90	CHBEV_287	A0A916KQ90	4	311	A0A916KQ90_CBEPV	
CHBEV_288	virus	A0A916KPX3	CHBEV_288	A0A916KPX3	6	311	A0A916KPX3_CBEPV	
CHBEV_289	virus	A0A916NY36	CHBEV_289	A0A916NY36	9	311	A0A916NY36_CBEPV	
CHBEV_290	virus	A0A916NY91	CHBEV_290	A0A916NY91	7	311	A0A916NY91_CBEPV	
CHBEV_291	virus	A0A916P1I6	CHBEV_291	A0A916P1I6	5	311	A0A916P1I6_CBEPV	
CHBEV_292	virus	A0A916P721	CHBEV_292	A0A916P721	0	311	A0A916P721_CBEPV	
CHBEV_293	virus	A0A916P189	CHBEV_293	A0A916P189	8	311	A0A916P189_CBEPV	
CHBEV_294	virus	A0A916KPT7	CHBEV_294	A0A916KPT7	1	311	A0A916KPT7_CBEPV	
CHBEV_295	virus	A0A916KPU5	CHBEV_295	A0A916KPU5	1	311	A0A916KPU5_CBEPV	
CHBEV_296	virus	A0A916KPV2	CHBEV_296	A0A916KPV2	6	311	A0A916KPV2_CBEPV	
CHBEV_297	virus	A0A916KPW4	CHBEV_297	A0A916KPW4	5	311	A0A916KPW4_CBEPV	
CHBEV_298	virus	A0A916KPX1	CHBEV_298	A0A916KPX1	2	311	Reverse transcriptase domain-containing protein	
CHBEV_299	virus	A0A916KQ21	CHBEV_299	A0A916KQ21	3	311	A0A916KQ21_CBEPV	
CHBEV_300	virus	A0A916KPX8	CHBEV_300	A0A916KPX8	1	311	A0A916KPX8_CBEPV	
CHBEV_301	virus	A0A916KPW0	CHBEV_301	A0A916KPW0	18	311	A0A916KPW0_CBEPV	
CHBEV_302	virus	A0A916KQ98	CHBEV_302	A0A916KQ98	4	311	A0A916KQ98_CBEPV	
CHBEV_303	virus	A0A916KPY5	CHBEV_303	A0A916KPY5	10	311	A0A916KPY5_CBEPV	
CHBEV_304	virus	A0A916NY44	CHBEV_304	A0A916NY44	2	311	A0A916NY44_CBEPV	
CHBEV_305	virus	A0A916NY98	CHBEV_305	A0A916NY98	7	311	A0A916NY98_CBEPV	
CHBEV_306	virus	A0A916P1J7	CHBEV_306	A0A916P1J7	9	311	A0A916P1J7_CBEPV	
CHBEV_307	virus	A0A916P726	CHBEV_307	A0A916P726	1	311	A0A916P726_CBEPV	
CHBEV_308	virus	A0A916P195	CHBEV_308	A0A916P195	1	311	A0A916P195_CBEPV	
CHBEV_309	virus	A0A916KPU9	CHBEV_309	A0A916KPU9	5	311	A0A916KPU9_CBEPV	
CHBEV_310	virus	A0A916KPV3	CHBEV_310	A0A916KPV3	2	311	A0A916KPV3_CBEPV	
CHBEV_311	virus	A0A916KPW5	CHBEV_311	A0A916KPW5	5	311	Type VII secretion system protein EssD-like domain-containin	
CHBF	escherichia-coli-83333	P17411	chbF	P17411	0	3	6-phospho-beta-glucosidase	
CHBP2	human	Q9NPI7	KRCC1	Q9NPI7	6	31		
CHBR	escherichia-coli-83333	P17410	chbR	P17410	0	6	HTH-type transcriptional regulator ChbR	
CHB_582	fly	FBgn0021760	chb	Q9NBD7	15	58		
CHB_634	fly	FBgn0021760	chb	Q9NBD7	15	58		
