DET	fly	FBgn0264291	Det	Q9VEM2	7	66	Deterin (GEO07887p1) (RE55472p)	
DET1	arabidopsis-thaliana	P48732	DET1	P48732	6	40	Light-mediated development protein DET1	
DET1	human	Q7L5Y6	DET1	Q7L5Y6	57	556	DET1 homolog (De-etiolated-1 homolog)	
DET1	mus-musculus	Q9D0A0	Det1	Q9D0A0	6	44	DET1 homolog	
DET1	rattus-norvegicus	F7EXD0	Det1	F7EXD0	6	44	DET1 partner of COP1 E3 ubiquitin ligase	
DET1	yeast	Q99288	DET1	Q99288	4	120	Broad-range acid phosphatase DET1	
DET1	zebrafish	Q6DG33	det1	Q6DG33	5	55	DET1 homolog isoform X1	w
DET1	zebrafish	Q6DG33	det1	Q6DG33	5	55	DET1 homolog isoform X1	w
DET1-	fly	FBgn0051855	CG31855	Q8IP73	5	34	DET1- and DDB1-associated protein 1	w
DET1-	human	Q9BW61	DDA1	Q9BW61	28	395	DET1- and DDB1-associated protein 1 (Placenta cross-immune r	w
DET1-	worm	O01571	CELE_F48C1.5	O01571	0	1	DET1- and DDB1-associated protein 1	w
DET1-	zebrafish	Q7T2A3	dda1	Q7T2A3	3	38	DET1- and DDB1-associated protein 1	w
DET1_HUMAN	human	Q7L5Y6	DET1	Q7L5Y6	57	556		
DETACHED	fly	FBgn0260003	Dys	Q9VDW6	2	8	Dystrophin, isoforms A/C/F/G/H (DmDYS) (Protein detached)	w
DETERIN	fly	FBgn0264291	Det	Q9VEM2	7	66	Deterin (GEO07887p1) (RE55472p)	w
DETERMINANT	human	O60870	KIN	O60870	100	718	DNA/RNA-binding protein KIN17 (Binding to curved DNA) (KIN, 	w
DETERMINANT	human	Q08722	CD47	Q08722	113	605	Leukocyte surface antigen CD47 (Antigenic surface determinan	w
DETERMINANT-BINDING	human	Q9NZI8	IGF2BP1	Q9NZI8	25	490	Insulin-like growth factor 2 mRNA-binding protein 1 (IGF2 mR	w
DETERMINATION	fly	FBgn0003449	snf	P43332	19	264	U1 small nuclear ribonucleoprotein A (U1 snRNP A) (U1-A) (U1	w
DETERMINATION	human	O00292	LEFTY2	O00292	10	75	Left-right determination factor 2 (Endometrial bleeding-asso	w
DETERMINATION	human	O75610	LEFTY1	O75610	16	108	Left-right determination factor 1 (Left-right determination 	w
DETERMINATION	human	P15172	MYOD1	P15172	196	630	Myoblast determination protein 1 (Class C basic helix-loop-h	w
DETERMINATION	worm	P22980	hlh-1	P22980	4	28	Myoblast determination protein 1 homolog	w
DETERMINATION	worm	Q10572	fox-1	Q10572	0	5	Sex determination protein fox-1	w
DETERMINATION	zebrafish	Q90477	myod1	Q90477	12	29	Myoblast determination protein 1 homolog	w
DETERMINING	human	Q9UN79	SOX13	Q9UN79	27	100	Transcription factor SOX-13 (Islet cell antigen 12) (SRY (Se	w
DETHIOBIOTIN	yeast	P53630	BIO4	P53630	0	3	Dethiobiotin synthetase	w
DETONATOR	fly	FBgn0262730	dtn	X2JEB0	176	2365	Detonator, isoform E	w
DETR	fly	FBgn0029911	detr	Q9W3V3	2	13	RING-type E3 ubiquitin transferase (EC 2.3.2.27)	
DETYROSINATED	human	P0DPH7	TUBA3C	P0DPH7	52	353	Tubulin alpha-3C chain (EC 3.6.5.-) (Alpha-tubulin 2) (Alpha	w
DETYROSINATED	human	P0DPH8	TUBA3D	P0DPH8	29	274	Tubulin alpha-3D chain (EC 3.6.5.-) (Alpha-tubulin 3D) [Clea	w
DETYROSINATED	human	P68363	TUBA1B	P68363	95	791	Tubulin alpha-1B chain (EC 3.6.5.-) (Alpha-tubulin ubiquitou	w
DETYROSINATED	human	Q6PEY2	TUBA3E	Q6PEY2	147	1565	Tubulin alpha-3E chain (EC 3.6.5.-) (Alpha-tubulin 3E) [Clea	w
DETYROSINATED	human	Q71U36	TUBA1A	Q71U36	176	1714	Tubulin alpha-1A chain (EC 3.6.5.-) (Alpha-tubulin 3) (Tubul	w
DETYROSINATED	human	Q9BQE3	TUBA1C	Q9BQE3	174	1627	Tubulin alpha-1C chain (EC 3.6.5.-) (Alpha-tubulin 6) (Tubul	w
