ELK	fly	FBgn0011589	Elk	A1ZB14	0	3	Eag-like K[+] channel, isoform A	
ELK	human	P54762	EPHB1	P54762	164	1436		
ELK-1	human	P19419	ELK1	P19419	96	452	ETS domain-containing protein Elk-1	w
ELK-1	zebrafish	A0A8N7UV82	elk1	A0A8N7UV82	5	19	ETS domain-containing protein Elk-1	w
ELK-2	worm	Q95XF0	elk-2	Q95XF0	0	1	ELK transcription factor homolog	
ELK-3	human	P41970	ELK3	P41970	74	452	ETS domain-containing protein Elk-3 (ETS-related protein ERP	w
ELK-3	zebrafish	F1QIB0	elk3	F1QIB0	3	12	ETS domain-containing protein Elk-3 isoform X1	w
ELK-4	human	P28324	ELK4	P28324	63	428	ETS domain-containing protein Elk-4 (Serum response factor a	w
ELK-4	zebrafish	F1R0K1	elk4	F1R0K1	3	19	ETS domain-containing protein Elk-4 isoform 1	w
ELK-L	human	P98172	EFNB1	P98172	52	399	Ephrin-B1 (EFL-3) (ELK ligand) (ELK-L) (EPH-related receptor	w
ELK-L3	human	Q15768	EFNB3	Q15768	31	177	Ephrin-B3 (EPH-related receptor transmembrane ligand ELK-L3)	w
ELK-RELATED	human	P29322	EPHA8	P29322	51	293	Ephrin type-A receptor 8 (EC 2.7.10.1) (EPH- and ELK-related	w
ELK-RELATED	human	P29323	EPHB2	P29323	55	444	Ephrin type-B receptor 2 (EC 2.7.10.1) (Developmentally-regu	w
ELK1	human	P19419	ELK1	P19419	96	452	ETS domain-containing protein Elk-1	
ELK1	human	Q96L42	KCNH8	Q96L42	27	164	Voltage-gated delayed rectifier potassium channel KCNH8 (ELK	w
ELK1	mus-musculus	P41969	Elk1	P41969	1	9	ETS domain-containing protein Elk-1	
ELK1	rattus-norvegicus	A4GTP4	Elk1	A4GTP4	3	12	ETS domain-containing protein Elk-1	
ELK1	zebrafish	A0A8N7UV82	elk1	A0A8N7UV82	5	19	ETS domain-containing protein Elk-1	
ELK1_HUMAN	human	P19419	ELK1	P19419	96	452		
ELK3	human	P41970	ELK3	P41970	74	452	ETS domain-containing protein Elk-3 (ETS-related protein ERP	
ELK3	human	Q96L42	KCNH8	Q96L42	27	164	Voltage-gated delayed rectifier potassium channel KCNH8 (ELK	w
ELK3	mus-musculus	P41971	Elk3	P41971	1	5	ETS domain-containing protein Elk-3	
ELK3	rattus-norvegicus	D4A9V6	Elk3	D4A9V6	4	9	ETS transcription factor ELK3	
ELK3	zebrafish	F1QIB0	elk3	F1QIB0	3	12	ETS domain-containing protein Elk-3 isoform X1	
ELK3_HUMAN	human	P41970	ELK3	P41970	74	452		
ELK4	human	P28324	ELK4	P28324	63	428	ETS domain-containing protein Elk-4 (Serum response factor a	
ELK4	mus-musculus	P41158	Elk4	P41158	3	14	ETS domain-containing protein Elk-4	
ELK4	rattus-norvegicus	A6IC38	Elk4	A6IC38	6	19	ETS transcription factor ELK4	
ELK4	zebrafish	F1R0K1	elk4	F1R0K1	3	19	ETS domain-containing protein Elk-4 isoform 1	
ELK4_HUMAN	human	P28324	ELK4	P28324	63	428		
ELKIN1	human	Q8NBN3	TMEM87A	Q8NBN3	11	218	Golgi-pH regulating cation channel (Elkin1)	w
ELKL	human	P27448	MARK3	P27448	358	1515	MAP/microtubule affinity-regulating kinase 3 (EC 2.7.11.1) (	w
ELKL	human	Q7KZI7	MARK2	Q7KZI7	327	1490	Serine/threonine-protein kinase MARK2 (EC 2.7.11.1) (EC 2.7.	w
ELKS	human	Q8IUD2	ERC1	Q8IUD2	97	276		
ELKS	worm	G5EFF2	CELE_F20C5.6	G5EFF2	1	5	ELKS/RAB6-interacting/CAST family member 2	w
ELKS	worm	O44490	elks-1	O44490	80	1281	ELKS/RAB6-interacting/CAST family member 2	w
ELKS	zebrafish	A0A0R4IEU4	erc1a	A0A0R4IEU4	3	19	ELKS/RAB6-interacting/CAST family member 1a	w
ELKS	zebrafish	A0A8M9PV00	erc1b	A0A8M9PV00	5	19	ELKS/Rab6-interacting/CAST family member 1 isoform X7	w
ELKS-1	worm	O44490	elks-1	O44490	80	1281	ELKS/RAB6-interacting/CAST family member 2	
