EP300	human	Q09472	EP300	Q09472	109	1411	Histone acetyltransferase p300 (p300 HAT) (EC 2.3.1.48) (E1A	
EP300	human	Q8N6I1	EID2	Q8N6I1	5	30	EP300-interacting inhibitor of differentiation 2 (EID-2) (CR	w
EP300	human	Q9Y6B2	EID1	Q9Y6B2	13	75	EP300-interacting inhibitor of differentiation 1 (21 kDa pRb	w
EP300-INTERACTING	human	Q8N140	EID3	Q8N140	44	109	EP300-interacting inhibitor of differentiation 3 (EID-3) (E1	w
EP300-INTERACTING	human	Q8N6I1	EID2	Q8N6I1	5	30	EP300-interacting inhibitor of differentiation 2 (EID-2) (CR	w
EP300-INTERACTING	human	Q96D98	EID2B	Q96D98	6	36	EP300-interacting inhibitor of differentiation 2B (EID-2B) (	w
EP300-INTERACTING	human	Q9Y6B2	EID1	Q9Y6B2	13	75	EP300-interacting inhibitor of differentiation 1 (21 kDa pRb	w
EP300_HUMAN	human	Q09472	EP300	Q09472	109	1411		
EP3A_HUMAN	human	Q14507	EDDM3A	Q14507	6	55		
EP3B_HUMAN	human	P56851	EDDM3B	P56851	9	86		
