GRX	pseudomonas-aeruginosa	Q9HU55	grx	Q9HU55	0	7	Glutaredoxin
GRX1	candida-albicans-237561	A0A1D8PR08	GRX1	A0A1D8PR08	1	5	Grx1p
GRX1	schizosaccharomyces-pombe	O36032	grx1	O36032	0	4	Glutaredoxin-1
GRX2	schizosaccharomyces-pombe	Q9UTI2	grx2	Q9UTI2	0	4	Glutaredoxin-2
GRX3	candida-albicans-237561	Q5AF81	GRX3	Q5AF81	4	8	Monothiol glutaredoxin
GRX3	cladophialophora-carrionii	A0A1C1CSE9	GRX3	A0A1C1CSE9	3	11	Monothiol glutaredoxin-3
GRX3	schizosaccharomyces-pombe	Q9Y7N3	grx3	Q9Y7N3	1	9	Monothiol glutaredoxin-3
GRX4	schizosaccharomyces-pombe	O74790	grx4	O74790	6	13	Monothiol glutaredoxin-4
GRX5	cladophialophora-carrionii	A0A1C1CT49	GRX5	A0A1C1CT49	1	10	Monothiol glutaredoxin-5, mitochondrial
GRX5	dictyostelium-discoideum	Q555C8	grx5	Q555C8	3	8	Monothiol glutaredoxin-5, mitochondrial
GRX5	schizosaccharomyces-pombe	Q9HDW8	grx5	Q9HDW8	2	7	Monothiol glutaredoxin-5, mitochondrial
GRXA	dictyostelium-discoideum	Q54GP8	grxA	Q54GP8	1	11	Glutaredoxin
GRXA	escherichia-coli-83333	P68688	grxA	P68688	0	5	Glutaredoxin 1
GRXA	haemophilus-influenzae	P45242	grxA	P45242	0	6	Glutaredoxin
GRXA	salmonella-typhimurium	P0A1P8	grxA	P0A1P8	0	7	Glutaredoxin 1
GRXA	shigella-dysenteriae-serotype-1	Q32IC7	grxA	Q32IC7	0	7	Glutaredoxin1 redox coenzyme for glutathione-dependent ribonucleotide reductase
GRXB	dictyostelium-discoideum	Q54EX7	grxB	Q54EX7	0	11	Glutaredoxin-like protein
GRXC	salmonella-typhimurium	Q7CPH7	grxC	Q7CPH7	1	7	Glutaredoxin
GRXC	shigella-dysenteriae-serotype-1	Q329P4	grxC	Q329P4	1	6	Glutaredoxin
GRXC1	arabidopsis-thaliana	Q8L8T2	GRXC1	Q8L8T2	0	4	Glutaredoxin-C1
GRXC1	oryza-sativa-subsp-japonica	Q7G8Y5	GRXC1	Q7G8Y5	0	7	Glutaredoxin-C1
GRXC10	arabidopsis-thaliana	Q29PZ1	GRXC10	Q29PZ1	0	3	Glutaredoxin-C10
GRXC10	oryza-sativa-subsp-japonica	Q2R076	GRXC10	Q2R076	1	7	Glutaredoxin-C10
GRXC11	arabidopsis-thaliana	Q9LYC6	GRXC11	Q9LYC6	1	3	Glutaredoxin-C11
GRXC11	oryza-sativa-subsp-japonica	Q2R075	GRXC11	Q2R075	0	7	Putative glutaredoxin-C11
GRXC12	arabidopsis-thaliana	O82254	GRXC12	O82254	0	3	Putative glutaredoxin-C12
GRXC12	oryza-sativa-subsp-japonica	Q2R073	GRXC12	Q2R073	0	7	Putative glutaredoxin-C12
GRXC13	arabidopsis-thaliana	O82255	GRXC13	O82255	1	6	Glutaredoxin-C13
GRXC13	oryza-sativa-subsp-japonica	Q0IRB0	GRXC13	Q0IRB0	0	7	Glutaredoxin-C13
GRXC14	arabidopsis-thaliana	Q9LYC5	GRXC14	Q9LYC5	0	8	Glutaredoxin-C14
GRXC14	oryza-sativa-subsp-japonica	Q0IMV4	GRXC14	Q0IMV4	1	7	Putative glutaredoxin-C14
GRXC15	oryza-sativa-subsp-japonica	Q2QP86	GRXC15	Q2QP86	0	7	Glutaredoxin-C15
GRXC2	arabidopsis-thaliana	Q9FNE2	GRXC2	Q9FNE2	1	2	Glutaredoxin-C2
GRXC2	oryza-sativa-subsp-japonica	Q0JG89	GRXC2	Q0JG89	0	7	Putative glutaredoxin-C2
GRXC3	arabidopsis-thaliana	Q9FVX1	GRXC3	Q9FVX1	1	3	Glutaredoxin-C3
GRXC3	oryza-sativa-subsp-japonica	Q6K609	GRXC3	Q6K609	0	13	Glutaredoxin-C3
GRXC4	arabidopsis-thaliana	Q8LFQ6	GRXC4	Q8LFQ6	1	2	Glutaredoxin-C4
GRXC4	oryza-sativa-subsp-japonica	Q6K953	GRXC4	Q6K953	0	8	Glutaredoxin-C4, chloroplastic
GRXC5	arabidopsis-thaliana	Q8GWS0	GRXC5	Q8GWS0	0	6	Glutaredoxin-C5, chloroplastic
GRXC5	oryza-sativa-subsp-japonica	Q0JDM4	GRXC5	Q0JDM4	0	13	Glutaredoxin-C5
GRXC6	arabidopsis-thaliana	Q8L9S3	GRXC6	Q8L9S3	1	3	Glutaredoxin-C6
GRXC6	oryza-sativa-subsp-japonica	P55142	GRXC6	P55142	1	8	Glutaredoxin-C6
GRXC7	arabidopsis-thaliana	Q96305	GRXC7	Q96305	4	15	Glutaredoxin-C7
GRXC7	oryza-sativa-subsp-japonica	Q0DK35	GRXC7	Q0DK35	0	7	Glutaredoxin-C7
GRXC8	arabidopsis-thaliana	Q8LF89	GRXC8	Q8LF89	1	18	Glutaredoxin-C8
GRXC8	oryza-sativa-subsp-japonica	Q0DAE4	GRXC8	Q0DAE4	1	7	Glutaredoxin-C8
GRXC9	arabidopsis-thaliana	Q9SGP6	GRXC9	Q9SGP6	1	13	Glutaredoxin-C9
GRXC9	oryza-sativa-subsp-japonica	Q7XIZ1	GRXC9	Q7XIZ1	0	7	Glutaredoxin-C9
GRXCR1	mus-musculus	Q50H32	Grxcr1	Q50H32	7	35	Glutaredoxin domain-containing cysteine-rich protein 1
GRXCR1	rattus-norvegicus	D4A048	Grxcr1	D4A048	3	8	Glutaredoxin domain-containing cysteine-rich protein 1
GRXCR2	mus-musculus	Q3TYR5	Grxcr2	Q3TYR5	4	28	Glutaredoxin domain-containing cysteine-rich protein 2
GRXCR2	rattus-norvegicus	D4ABJ8	Grxcr2	D4ABJ8	3	5	Glutaredoxin and cysteine rich domain containing 2
GRXD	haemophilus-influenzae	P45085	grxD	P45085	2	3	Glutaredoxin 4
GRXS1	arabidopsis-thaliana	Q9SA68	GRXS1	Q9SA68	0	3	Monothiol glutaredoxin-S1
GRXS1	oryza-sativa-subsp-japonica	Q0JQ97	GRXS1	Q0JQ97	5	13	Monothiol glutaredoxin-S1, mitochondrial
GRXS10	arabidopsis-thaliana	Q9LIF1	GRXS10	Q9LIF1	0	1	Monothiol glutaredoxin-S10
GRXS10	oryza-sativa-subsp-japonica	Q0J3L4	GRXS10	Q0J3L4	0	7	Monothiol glutaredoxin-S10
GRXS11	arabidopsis-thaliana	Q9M9Y9	GRXS11	Q9M9Y9	0	3	Monothiol glutaredoxin-S11
GRXS11	oryza-sativa-subsp-japonica	Q0IWL9	GRXS11	Q0IWL9	3	13	Monothiol glutaredoxin-S11
GRXS12	arabidopsis-thaliana	Q8LBS4	GRXS12	Q8LBS4	1	6	Monothiol glutaredoxin-S12, chloroplastic
GRXS12	oryza-sativa-subsp-japonica	Q2QX01	GRXS12	Q2QX01	4	16	Monothiol glutaredoxin-S12, chloroplastic
GRXS13	arabidopsis-thaliana	Q84TF4	GRXS13	Q84TF4	0	4	Monothiol glutaredoxin-S13
GRXS14	arabidopsis-thaliana	Q84Y95	GRXS14	Q84Y95	6	18	Monothiol glutaredoxin-S14, chloroplastic
GRXS15	arabidopsis-thaliana	Q8LBK6	GRXS15	Q8LBK6	5	18	Monothiol glutaredoxin-S15, mitochondrial
GRXS16	arabidopsis-thaliana	Q8H7F6	GRXS16	Q8H7F6	5	22	Bifunctional monothiol glutaredoxin-S16, chloroplastic
GRXS17	arabidopsis-thaliana	Q9ZPH2	GRXS17	Q9ZPH2	4	44	Monothiol glutaredoxin-S17
GRXS2	arabidopsis-thaliana	Q8L8Z8	GRXS2	Q8L8Z8	0	3	Monothiol glutaredoxin-S2
GRXS2	oryza-sativa-subsp-japonica	Q5SMY5	GRXS2	Q5SMY5	1	7	Monothiol glutaredoxin-S2
GRXS3	arabidopsis-thaliana	O23421	GRXS3	O23421	1	7	Monothiol glutaredoxin-S3
GRXS3	oryza-sativa-subsp-japonica	Q0JP62	GRXS3	Q0JP62	0	8	Monothiol glutaredoxin-S3
GRXS4	arabidopsis-thaliana	O23419	GRXS4	O23419	1	2	Monothiol glutaredoxin-S4
GRXS4	oryza-sativa-subsp-japonica	Q0JM76	GRXS4	Q0JM76	5	13	Monothiol glutaredoxin-S4, mitochondrial
GRXS5	arabidopsis-thaliana	O23420	GRXS5	O23420	1	3	Monothiol glutaredoxin-S5
GRXS5	oryza-sativa-subsp-japonica	Q5QLR2	GRXS5	Q5QLR2	0	7	Monothiol glutaredoxin-S5
GRXS6	arabidopsis-thaliana	Q9LYC8	GRXS6	Q9LYC8	0	4	Monothiol glutaredoxin-S6
GRXS6	oryza-sativa-subsp-japonica	Q6H628	GRXS6	Q6H628	1	7	Monothiol glutaredoxin-S6
GRXS7	arabidopsis-thaliana	Q6NLU2	GRXS7	Q6NLU2	3	4	Monothiol glutaredoxin-S7
GRXS7	oryza-sativa-subsp-japonica	Q851Y7	GRXS7	Q851Y7	4	15	Monothiol glutaredoxin-S7, chloroplastic
GRXS8	arabidopsis-thaliana	O23417	GRXS8	O23417	1	2	Monothiol glutaredoxin-S8
GRXS8	oryza-sativa-subsp-japonica	P0C290	GRXS8	P0C290	0	7	Monothiol glutaredoxin-S8
GRXS9	arabidopsis-thaliana	O04341	GRXS9	O04341	2	8	Monothiol glutaredoxin-S9
GRXS9	oryza-sativa-subsp-japonica	P0C291	GRXS9	P0C291	0	13	Monothiol glutaredoxin-S9
