HGC-1	human	Q6UX06	OLFM4	Q6UX06	16	220	Olfactomedin-4 (OLM4) (Antiapoptotic protein GW112) (G-CSF-s	w
HGC1	candida-albicans-237561	Q5ABE2	HGC1	Q5ABE2	3	16	Hypha-specific G1 cyclin-related protein 1	
HGC6	human	Q9Y6Z4	KIF25-AS1	Q9Y6Z4	0	2	Putative uncharacterized protein KIF25-AS1 (KIF25 antisense 	w
HGCMA	human	Q9NP62	GCM1	Q9NP62	78	405	Chorion-specific transcription factor GCMa (hGCMa) (GCM moti	w
HGCMB	human	O75603	GCM2	O75603	57	371	Chorion-specific transcription factor GCMb (hGCMb) (GCM moti	w
HGCN5	human	Q92830	KAT2A	Q92830	65	737	Histone acetyltransferase KAT2A (EC 2.3.1.48) (General contr	w
HGCNF	human	Q15406	NR6A1	Q15406	75	425	Nuclear receptor subfamily 6 group A member 1 (Germ cell nuc	w
HGCP2	human	Q9BSJ2	TUBGCP2	Q9BSJ2	22	249	Gamma-tubulin complex component 2 (GCP-2) (hGCP2) (Gamma-rin	w
HGCP3	human	Q96CW5	TUBGCP3	Q96CW5	30	390	Gamma-tubulin complex component 3 (GCP-3) (hGCP3) (Gamma-rin	w
HGCP4	human	Q9UGJ1	TUBGCP4	Q9UGJ1	20	299	Gamma-tubulin complex component 4 (GCP-4) (hGCP4) (Gamma-rin	w
