I1MJ03	glycine-max	I1MJ03	LOC100802654	I1MJ03	2	2	Mitochondrial pyruvate carrier	
I1MJ12	glycine-max	I1MJ12	LOC100814224	I1MJ12	0	4	ubiquitinyl hydrolase 1	
I1MJ14	glycine-max	I1MJ14	LOC100814754	I1MJ14	0	2	Uncharacterized protein	
I1MJ16	glycine-max	I1MJ16	LOC100816349	I1MJ16	18	238	Splicing factor YJU2	
I1MJ21	glycine-max	I1MJ21	LOC112999626	I1MJ21	8	8	VQ domain-containing protein	
I1MJ23	glycine-max	I1MJ23	LOC100818291	I1MJ23	0	27	RRM domain-containing protein	
I1MJ28	glycine-max	I1MJ28	LOC100819369	I1MJ28	6	109	RuBisCO large subunit-binding protein subunit beta, chloropl	
I1MJ29	glycine-max	I1MJ29	LOC100170730	I1MJ29	0	8	(S)-2-hydroxy-acid oxidase	
I1MJ32	glycine-max	I1MJ32	LOC100819726	I1MJ32	0	1	Nicotianamine synthase	
I1MJ34	glycine-max	I1MJ34	GSTa	I1MJ34	2	39	Glutathione S-transferase	
I1MJ37	glycine-max	I1MJ37	GLYMA_15G252000	I1MJ37	0	39	Glutathione S-transferase	
I1MJ41	glycine-max	I1MJ41	LOC100779622	I1MJ41	2	78	Kinesin motor domain-containing protein	
I1MJ53	glycine-max	I1MJ53	LOC100782862	I1MJ53	51	951	Ribosomal protein L1	
I1MJ67	glycine-max	I1MJ67	LOC100783035	I1MJ67	0	28	Peptidase S1 domain-containing protein	
I1MJ68	glycine-max	I1MJ68	LOC100783566	I1MJ68	5	51	RRM domain-containing protein	
I1MJ71	glycine-max	I1MJ71	LOC100306104	I1MJ71	71	537	Protein Iojap, chloroplastic	
I1MJ75	glycine-max	I1MJ75	LOC112999537	I1MJ75	0	20	Cysteine-rich transmembrane domain-containing protein	
I1MJ80	glycine-max	I1MJ80	LOC100306252	I1MJ80	36	103	HORMA domain-containing protein	
I1MJ83	glycine-max	I1MJ83	LOC100789238	I1MJ83	0	47	Glycosyltransferase subfamily 4-like N-terminal domain-conta	
I1MJ84	glycine-max	I1MJ84	GLYMA_15G256800	I1MJ84	20	1236	Tr-type G domain-containing protein	
I1MJ86	glycine-max	I1MJ86	LOC100788357	I1MJ86	24	1236	Tr-type G domain-containing protein	
I1MJ97	glycine-max	I1MJ97	LOC100791516	I1MJ97	34	197	B-like cyclin	
I1MJA9	glycine-max	I1MJA9	LOC100794678	I1MJA9	0	7	Uncharacterized protein	
I1MJB1	glycine-max	I1MJB1	LOC100795748	I1MJB1	0	249	Proteasome subunit alpha type	
I1MJB2	glycine-max	I1MJB2	LOC100796269	I1MJB2	13	70	Methyltransferase small domain-containing protein	
I1MJB3	glycine-max	I1MJB3	LOC100796802	I1MJB3	2	90	Sulfurtransferase	
I1MJB8	glycine-max	I1MJB8	LOC100798928	I1MJB8	0	7	rRNA methylase YtqB	
I1MJC0	glycine-max	I1MJC0	LOC100801946	I1MJC0	0	5	Protein kinase domain-containing protein	
I1MJC1	glycine-max	I1MJC1	LOC100802996	I1MJC1	0	5	Protein kinase domain-containing protein	
I1MJC8	glycine-max	I1MJC8	LOC100527072	I1MJC8	16	76	Defective in cullin neddylation protein	
I1MJD2	glycine-max	I1MJD2	LOC100804065	I1MJD2	0	8	Cysteine synthase	
I1MJD5	glycine-max	I1MJD5	LOC100805124	I1MJD5	0	26	Uncharacterized protein	
I1MJD7	glycine-max	I1MJD7	IMPDH1	I1MJD7	0	22	Inosine-5'-monophosphate dehydrogenase	
I1MJD8	glycine-max	I1MJD8	LOC100805664	I1MJD8	6	523	Large ribosomal subunit protein bL12 C-terminal domain-conta	
I1MJE0	glycine-max	I1MJE0	LOC100806200	I1MJE0	21	24	ALA-interacting subunit	
I1MJE2	glycine-max	I1MJE2	LOC100806731	I1MJE2	0	35	Vacuolar protein sorting-associated protein 62	
I1MJE4	glycine-max	I1MJE4	LOC100810457	I1MJE4	1	36	DUF620 domain-containing protein	
I1MJE9	glycine-max	I1MJE9	LOC100808852	I1MJE9	0	6	Uncharacterized protein	
I1MJF0	glycine-max	I1MJF0	LOC100809397	I1MJF0	0	6	Uncharacterized protein	
I1MJF2	glycine-max	I1MJF2	LOC100809931	I1MJF2	42	1646	Large ribosomal subunit protein uL15/eL18 domain-containing 	
I1MJF8	glycine-max	I1MJF8	LOC100812429	I1MJF8	0	23	YTH domain-containing family protein	
I1MJG2	glycine-max	I1MJG2	LOC100812968	I1MJG2	5	367	RNA helicase	
I1MJG4	glycine-max	I1MJG4	LOC100814571	I1MJG4	0	3	Non-specific lipid-transfer protein	
I1MJH0	glycine-max	I1MJH0	LOC100816167	I1MJH0	0	305	CTP synthase	
I1MJH1	glycine-max	I1MJH1	LOC100816688	I1MJH1	9	96	Isocitrate dehydrogenase	
I1MJH5	glycine-max	I1MJH5	LOC100817228	I1MJH5	12	57	ATP citrate synthase	
I1MJH7	glycine-max	I1MJH7	LOC100820073	I1MJH7	0	35	Vacuolar protein sorting-associated protein 62	
I1MJH8	glycine-max	I1MJH8	LOC102669203	I1MJH8	0	35	DUF946 domain-containing protein	
I1MJI4	glycine-max	I1MJI4	GLYMA_15G268000	I1MJI4	1	64	AAA+ ATPase domain-containing protein	
I1MJI5	glycine-max	I1MJI5	LOC100775530	I1MJI5	2	3	RING-type E3 ubiquitin transferase	
I1MJI9	glycine-max	I1MJI9	LOC100499624	I1MJI9	1	289	Citrate synthase	
I1MJJ6	glycine-max	I1MJJ6	LOC100778742	I1MJJ6	0	1	Homeobox domain-containing protein	
I1MJJ9	glycine-max	I1MJJ9	LOC100780342	I1MJJ9	41	863	Uncharacterized protein	
I1MJK2	glycine-max	I1MJK2	LOC100780879	I1MJK2	14	103	non-specific serine/threonine protein kinase	
I1MJL6	glycine-max	I1MJL6	LOC100784101	I1MJL6	62	1173	Large ribosomal subunit protein uL6 N-terminal domain-contai	
I1MJL8	glycine-max	I1MJL8	LOC100784630	I1MJL8	10	30	Uncharacterized protein	
I1MJM1	glycine-max	I1MJM1	LOC100785880	I1MJM1	0	23	Clustered mitochondria protein homolog	
I1MJM3	glycine-max	I1MJM3	LOC100786213	I1MJM3	6	12	SURP and G-patch domain-containing protein 1-like protein	
I1MJM5	glycine-max	I1MJM5	LOC100787817	I1MJM5	1	2	RING-type E3 ubiquitin transferase	
I1MJM6	glycine-max	I1MJM6	GLYMA_15G272900	I1MJM6	4	37	RRM domain-containing protein	
I1MJM7	glycine-max	I1MJM7	LOC100788886	I1MJM7	0	1	RING-type E3 ubiquitin transferase	
I1MJM9	glycine-max	I1MJM9	LOC100789413	I1MJM9	11	170	PsbP C-terminal domain-containing protein	
I1MJN0	glycine-max	I1MJN0	LOC100789060	I1MJN0	1	25	C2H2-type domain-containing protein	
I1MJN1	glycine-max	I1MJN1	LOC100790125	I1MJN1	2	26	YqgF/RNase H-like domain-containing protein	
I1MJN2	glycine-max	I1MJN2	LOC100789942	I1MJN2	1	108	ADP/ATP translocase	
I1MJN7	glycine-max	I1MJN7	LOC100790990	I1MJN7	9	187	ATP synthase subunit O, mitochondrial	
I1MJP8	glycine-max	I1MJP8	LOC100793104	I1MJP8	1	29	Cellulose synthase	
I1MJQ3	glycine-max	I1MJQ3	LOC100794153	I1MJQ3	26	235	Actin-related protein 7	
I1MJQ4	glycine-max	I1MJQ4	LOC100527666	I1MJQ4	15	108	Photosystem II 5 kDa protein, chloroplastic	
I1MJQ6	glycine-max	I1MJQ6	LOC100795572	I1MJQ6	0	2	PI-PLC Y-box domain-containing protein	
I1MJQ7	glycine-max	I1MJQ7	LOC100796974	I1MJQ7	12	97	DNA topoisomerase 2	
I1MJR2	glycine-max	I1MJR2	LOC100798399	I1MJR2	0	43	Amine oxidase	
I1MJR9	glycine-max	I1MJR9	GLYMA_15G277100	I1MJR9	0	77	Thiamine pyrophosphate enzyme N-terminal TPP-binding domain-	
I1MJS6	glycine-max	I1MJS6	LOC100819023	I1MJS6	17	232	Auxin response factor	
I1MJS7	glycine-max	I1MJS7	LOC100794881	I1MJS7	4	38	RRM domain-containing protein	
I1MJU0	glycine-max	I1MJU0	LOC100499980	I1MJU0	16	136	Ras-related protein RABA2a	
I1MJU4	glycine-max	I1MJU4	LOC100799816	I1MJU4	36	278	UPF3 domain-containing protein	
I1MJU7	glycine-max	I1MJU7	LOC100800698	I1MJU7	151	531	Stromal 70 kDa heat shock-related protein, chloroplastic	
I1MJV5	glycine-max	I1MJV5	LOC100799818	I1MJV5	1	71	tRNA pseudouridine synthase	
I1MJV9	glycine-max	I1MJV9	LOC100802316	I1MJV9	0	17	RCK N-terminal domain-containing protein	
I1MJW1	glycine-max	I1MJW1	LOC100804608	I1MJW1	34	357	DUF1682 family protein	
I1MJW9	glycine-max	I1MJW9	LOC100812983	I1MJW9	1	55	TCP domain-containing protein	
I1MJX0	glycine-max	I1MJX0	LOC100778218	I1MJX0	14	80	Acetyltransferase component of pyruvate dehydrogenase comple	
I1MJY7	glycine-max	I1MJY7	LOC100806038	I1MJY7	1	6	GBF-interacting protein 1 N-terminal domain-containing prote	
I1MJZ1	glycine-max	I1MJZ1	LOC100806562	I1MJZ1	0	19	PGG domain-containing protein	
I1MJZ5	glycine-max	I1MJZ5	LOC100305672	I1MJZ5	50	685	OBG-type G domain-containing protein	
I1MJZ6	glycine-max	I1MJZ6	LOC100305734	I1MJZ6	0	51	Protein EARLY FLOWERING 4 domain-containing protein	
