KINECTIN	human	Q86UP2	KTN1	Q86UP2	54	347	Kinectin (CG-1 antigen) (Kinesin receptor)	w
KINECTIN	zebrafish	E7F049	ktn1	E7F049	3	18	Kinectin 1	w
KINESIN	fly	FBgn0001308	Khc	P17210	38	167	Kinesin heavy chain	w
KINESIN	fly	FBgn0004378	Klp61F	P46863	10	94	Kinesin-like protein Klp61F (Bipolar kinesin KRP-130)	w
KINESIN	fly	FBgn0010235	Klc	P46824	37	127	Kinesin light chain (KLC)	w
KINESIN	fly	FBgn0019968	Khc-73	A0A0B4KFR5	13	43	Kinesin heavy chain 73, isoform E (EC 3.6.1.3)	w
KINESIN	fly	FBgn0028421	Kap3	Q9VZ07	10	50	Kinesin associated protein 3, isoform G (LD13052p)	w
KINESIN	fly	FBgn0038205	Kif19A	Q7KSK2	0	37	Kinesin family member 19A (EC 3.6.1.3, EC 5.6.1.3)	w
KINESIN	human	E7EVH7	?	E7EVH7	19	60	Kinesin light chain	w
KINESIN	human	O15066	KIF3B	O15066	20	146	Kinesin-like protein KIF3B (HH0048) (Microtubule plus end-di	w
KINESIN	human	O60282	KIF5C	O60282	48	212	Kinesin heavy chain isoform 5C (EC 3.6.4.-) (Kinesin heavy c	w
KINESIN	human	O95239	KIF4A	O95239	47	311	Chromosome-associated kinesin KIF4A (Chromokinesin-A)	w
KINESIN	human	P33176	KIF5B	P33176	109	497	Kinesin-1 heavy chain (Conventional kinesin heavy chain) (Ub	w
KINESIN	human	Q07866	KLC1	Q07866	73	270	Kinesin light chain 1 (KLC 1)	w
KINESIN	human	Q12840	KIF5A	Q12840	70	230	Kinesin heavy chain isoform 5A (EC 5.6.1.3) (Kinesin heavy c	w
KINESIN	human	Q2VIQ3	KIF4B	Q2VIQ3	17	89	Chromosome-associated kinesin KIF4B (Chromokinesin-B)	w
KINESIN	human	Q6P597	KLC3	Q6P597	120	295	Kinesin light chain 3 (KLC2-like) (kinesin light chain 2)	w
KINESIN	human	Q86UP2	KTN1	Q86UP2	54	347	Kinectin (CG-1 antigen) (Kinesin receptor)	w
KINESIN	human	Q96EK5	KIFBP	Q96EK5	27	231	KIF-binding protein (KIF1-binding protein) (Kinesin family b	w
KINESIN	human	Q96Q89	KIF20B	Q96Q89	24	151	Kinesin-like protein KIF20B (Cancer/testis antigen 90) (CT90	w
KINESIN	human	Q99661	KIF2C	Q99661	16	294	Kinesin-like protein KIF2C (Kinesin-like protein 6) (Mitotic	w
KINESIN	human	Q9H0B6	KLC2	Q9H0B6	114	313	Kinesin light chain 2 (KLC 2)	w
KINESIN	human	Q9NSK0	KLC4	Q9NSK0	104	280	Kinesin light chain 4 (KLC 4) (Kinesin-like protein 8)	w
KINESIN	human	Q9Y496	KIF3A	Q9Y496	24	280	Kinesin-like protein KIF3A (EC 3.6.4.-) (Microtubule plus en	w
KINESIN	worm	E9P841	CELE_ZC262.7	E9P841	3	15	Kinesin motor domain-containing protein	w
KINESIN	worm	G5EBU5	kca-1	G5EBU5	3	21	Kinesin 1 cargo adaptor alternative variant a	w
KINESIN	worm	G5EBX0	klp-18	G5EBX0	2	50	Kinesin motor domain-containing protein	w
KINESIN	worm	G5ECC0	klp-16	G5ECC0	4	52	Kinesin like protein	w
KINESIN	worm	H9G2T2	klc-1	H9G2T2	22	80	Kinesin light chain	w
KINESIN	worm	P34540	unc-116	P34540	10	56	Kinesin heavy chain	w
KINESIN	worm	P46822	klc-2	P46822	22	79	Kinesin light chain	w
KINESIN	worm	P91400	klp-15	P91400	5	59	Kinesin motor domain-containing protein	w
KINESIN	worm	Q17659	C05D12.5	Q17659	0	1	Kinesin motor domain-containing protein	w
KINESIN	worm	Q23124	klp-17	Q23124	2	16	Kinesin motor domain-containing protein	w
KINESIN	zebrafish	A0A0R4IWI7	kif5aa	A0A0R4IWI7	19	91	Kinesin family member 5A, a	w
KINESIN	zebrafish	A0A8M1PSD5	kif5ab	A0A8M1PSD5	20	80	Kinesin heavy chain isoform X2	w
KINESIN	zebrafish	A0A8M3B802	atcayb	A0A8M3B802	1	25	ATCAY kinesin light chain-interacting caytaxin b	w
KINESIN	zebrafish	F1Q4T1	kif25	F1Q4T1	7	88	Kinesin family member 25	w
KINESIN	zebrafish	F1QK82	kif11	F1QK82	14	73	Kinesin family member 11	w
KINESIN	zebrafish	F1QS14	klc1a	F1QS14	23	116	Kinesin light chain	w
KINESIN	zebrafish	F1RCT7	kif16bb	F1RCT7	9	32	Kinesin family member 16Bb	w
KINESIN	zebrafish	Q08CF1	klc3	Q08CF1	24	116	Kinesin light chain	w
KINESIN	zebrafish	Q568G6	klc4	Q568G6	19	105	Kinesin light chain 4	w
KINESIN-1	human	O60282	KIF5C	O60282	48	212	Kinesin heavy chain isoform 5C (EC 3.6.4.-) (Kinesin heavy c	w
KINESIN-1	human	P33176	KIF5B	P33176	109	497	Kinesin-1 heavy chain (Conventional kinesin heavy chain) (Ub	w
KINESIN-14	fly	FBgn0002924	ncd	P20480	20	146	Protein claret segregational (EC 3.6.4.-) (Kinesin-14)	w
KINESIN-2	human	O00139	KIF2A	O00139	26	464	Kinesin-like protein KIF2A (Kinesin-2) (hK2)	w
KINESIN-7	human	Q02224	CENPE	Q02224	50	457	Centromere-associated protein E (Centromere protein E) (CENP	w
KINESIN-ASSOCIATED	human	Q92845	KIFAP3	Q92845	36	230	Kinesin-associated protein 3 (KAP-3) (KAP3) (Smg GDS-associa	w
KINESIN-ASSOCIATED	worm	H2KZP1	kap-1	H2KZP1	14	69	Kinesin-associated protein	w
KINESIN-ASSOCIATED	worm	Q9XUL3	CELE_W04E12.4	Q9XUL3	0	1	Kinesin-associated protein 3-like	w
KINESIN-ASSOCIATED	zebrafish	Q1LWL1	kifap3b	Q1LWL1	4	36	Kinesin-associated protein 3b	w
KINESIN-BINDING	human	O60296	TRAK2	O60296	39	115	Trafficking kinesin-binding protein 2 (Amyotrophic lateral s	w
KINESIN-BINDING	human	Q9UPV9	TRAK1	Q9UPV9	44	166	Trafficking kinesin-binding protein 1 (106 kDa O-GlcNAc tran	w
KINESIN-BINDING	zebrafish	A0A0R4IDG7	trak2	A0A0R4IDG7	14	29	Trafficking kinesin-binding protein 2 isoform X1	w
KINESIN-BINDING	zebrafish	A0AB32TXV1	hap1	A0AB32TXV1	10	26	Trafficking kinesin-binding protein 1 isoform X1	w
KINESIN-BINDING	zebrafish	E9QJ68	trak1a	E9QJ68	9	27	Trafficking kinesin-binding protein 1 isoform X4	w
KINESIN-INTERACTING	human	Q8IWE5	PLEKHM2	Q8IWE5	22	156	Pleckstrin homology domain-containing family M member 2 (PH 	w
KINESIN-LIKE	fly	FBgn0000352	cos	O16844	20	90	Kinesin-like protein costa (Kinesin-like protein costal2)	w
KINESIN-LIKE	fly	FBgn0002948	nod	P18105	1	35	Kinesin-like protein Nod	w
KINESIN-LIKE	fly	FBgn0003545	sub	Q9V877	5	116	Kinesin-like protein subito (Protein double or nothing)	w
KINESIN-LIKE	fly	FBgn0004378	Klp61F	P46863	10	94	Kinesin-like protein Klp61F (Bipolar kinesin KRP-130)	w
KINESIN-LIKE	fly	FBgn0004379	Klp67A	Q9VSW5	4	52	Kinesin-like protein at 67A, isoform A (EC 5.6.1.3) (Kinesin	w
KINESIN-LIKE	fly	FBgn0004380	Klp64D	Q9VRK9	9	55	Kinesin-like protein	w
KINESIN-LIKE	fly	FBgn0004381	Klp68D	P46867	6	40	Kinesin-like protein Klp68D	w
KINESIN-LIKE	fly	FBgn0004387	Klp98A	Q9VB25	0	33	Kinesin-like protein Klp98A	w
KINESIN-LIKE	fly	FBgn0011606	Klp3A	Q9XZ29	6	41	EG:BACR25B3.9 protein (Kinesin-like protein at 3A, isoform A	w
KINESIN-LIKE	fly	FBgn0011692	pav	Q9VZF5	27	154	Kinesin-like protein	w
KINESIN-LIKE	fly	FBgn0030268	Klp10A	Q960Z0	10	75	Kinesin-like protein Klp10A (Kinesin-like protein at cytolog	w
KINESIN-LIKE	fly	FBgn0031955	CG14535	Q9VLW2	5	43	Kinesin-like protein CG14535	w
KINESIN-LIKE	fly	FBgn0032243	Klp31E	Q9VKW4	4	38	Kinesin-like protein at 31E, isoform A (Kinesin-like protein	w
KINESIN-LIKE	fly	FBgn0034824	Klp59C	Q9W1U4	1	39	Kinesin-like protein Klp59C (Kinesin-like protein at cytolog	w
KINESIN-LIKE	fly	FBgn0034827	Klp59D	Q9W1U1	1	32	FI21273p1 (Kinesin-like protein at 59D (EC 3.6.1.3))	w
KINESIN-LIKE	fly	FBgn0039925	Kif3C	Q9V4A1	6	33	Kinesin-like protein	w
KINESIN-LIKE	fly	FBgn0263076	Klp54D	A0A126GUN8	4	28	Kinesin-like protein	w
KINESIN-LIKE	human	B7ZC32	KIF28P	B7ZC32	0	5	Kinesin-like protein KIF28P (Kinesin-like protein 6)	w
KINESIN-LIKE	human	O00139	KIF2A	O00139	26	464	Kinesin-like protein KIF2A (Kinesin-2) (hK2)	w
KINESIN-LIKE	human	O14782	KIF3C	O14782	16	106	Kinesin-like protein KIF3C	w
KINESIN-LIKE	human	O15066	KIF3B	O15066	20	146	Kinesin-like protein KIF3B (HH0048) (Microtubule plus end-di	w
KINESIN-LIKE	human	O43896	KIF1C	O43896	61	337	Kinesin-like protein KIF1C	w
KINESIN-LIKE	human	O60333	KIF1B	O60333	25	375	Kinesin-like protein KIF1B (Klp) (EC 5.6.1.3)	w
KINESIN-LIKE	human	O75037	KIF21B	O75037	41	163	Kinesin-like protein KIF21B	w
KINESIN-LIKE	human	O95235	KIF20A	O95235	126	1247	Kinesin-like protein KIF20A (GG10_2) (Mitotic kinesin-like p	w
KINESIN-LIKE	human	P52732	KIF11	P52732	42	383	Kinesin-like protein KIF11 (Kinesin-like protein 1) (Kinesin	w
KINESIN-LIKE	human	Q02241	KIF23	Q02241	182	1299	Kinesin-like protein KIF23 (Kinesin-like protein 5) (Mitotic	w
KINESIN-LIKE	human	Q12756	KIF1A	Q12756	27	450	Kinesin-like protein KIF1A (EC 5.6.1.3) (Axonal transporter 	w
KINESIN-LIKE	human	Q14807	KIF22	Q14807	50	315	Kinesin-like protein KIF22 (Kinesin-like DNA-binding protein	w
KINESIN-LIKE	human	Q15058	KIF14	Q15058	70	1327	Kinesin-like protein KIF14	w
KINESIN-LIKE	human	Q2KJY2	KIF26B	Q2KJY2	53	216	Kinesin-like protein KIF26B	w
KINESIN-LIKE	human	Q2M1P5	KIF7	Q2M1P5	58	230	Kinesin-like protein KIF7	w
KINESIN-LIKE	human	Q2TAC6	KIF19	Q2TAC6	23	92	Kinesin-like protein KIF19	w
KINESIN-LIKE	human	Q5T7B8	KIF24	Q5T7B8	27	122	Kinesin-like protein KIF24	w
KINESIN-LIKE	human	Q6ZMV9	KIF6	Q6ZMV9	13	67	Kinesin-like protein KIF6	w
KINESIN-LIKE	human	Q7Z4S6	KIF21A	Q7Z4S6	38	209	Kinesin-like protein KIF21A (Kinesin-like protein KIF2) (Ren	w
KINESIN-LIKE	human	Q86VH2	KIF27	Q86VH2	21	75	Kinesin-like protein KIF27	w
KINESIN-LIKE	human	Q86Y91	KIF18B	Q86Y91	35	188	Kinesin-like protein KIF18B	w
KINESIN-LIKE	human	Q8N4N8	KIF2B	Q8N4N8	17	139	Kinesin-like protein KIF2B	w
KINESIN-LIKE	human	Q8NI77	KIF18A	Q8NI77	66	387	Kinesin-like protein KIF18A (Marrow stromal KIF18A) (MS-KIF1	w
KINESIN-LIKE	human	Q96AC6	KIFC2	Q96AC6	20	122	Kinesin-like protein KIFC2	w
KINESIN-LIKE	human	Q96FN5	KIF12	Q96FN5	16	53	Kinesin-like protein KIF12	w
KINESIN-LIKE	human	Q96L93	KIF16B	Q96L93	15	110	Kinesin-like protein KIF16B (Sorting nexin-23)	w
KINESIN-LIKE	human	Q96Q89	KIF20B	Q96Q89	24	151	Kinesin-like protein KIF20B (Cancer/testis antigen 90) (CT90	w
KINESIN-LIKE	human	Q99661	KIF2C	Q99661	16	294	Kinesin-like protein KIF2C (Kinesin-like protein 6) (Mitotic	w
KINESIN-LIKE	human	Q9BVG8	KIFC3	Q9BVG8	72	384	Kinesin-like protein KIFC3	w
KINESIN-LIKE	human	Q9BW19	KIFC1	Q9BW19	26	193	Kinesin-like protein KIFC1 (Kinesin-like protein 2) (Kinesin	w
KINESIN-LIKE	human	Q9H1H9	KIF13A	Q9H1H9	22	146	Kinesin-like protein KIF13A (Kinesin-like protein RBKIN)	w
KINESIN-LIKE	human	Q9HAQ2	KIF9	Q9HAQ2	31	123	Kinesin-like protein KIF9	w
KINESIN-LIKE	human	Q9NQT8	KIF13B	Q9NQT8	27	277	Kinesin-like protein KIF13B (Kinesin-like protein GAKIN)	w
KINESIN-LIKE	human	Q9NS87	KIF15	Q9NS87	57	198	Kinesin-like protein KIF15 (Kinesin-like protein 2) (hKLP2) 	w
KINESIN-LIKE	human	Q9NSK0	KLC4	Q9NSK0	104	280	Kinesin light chain 4 (KLC 4) (Kinesin-like protein 8)	w
KINESIN-LIKE	human	Q9P2E2	KIF17	Q9P2E2	14	87	Kinesin-like protein KIF17 (KIF3-related motor protein)	w
KINESIN-LIKE	human	Q9UIL4	KIF25	Q9UIL4	9	75	Kinesin-like protein KIF25 (Kinesin-like protein 3)	w
KINESIN-LIKE	human	Q9ULI4	KIF26A	Q9ULI4	24	121	Kinesin-like protein KIF26A	w
KINESIN-LIKE	human	Q9Y496	KIF3A	Q9Y496	24	280	Kinesin-like protein KIF3A (EC 3.6.4.-) (Microtubule plus en	w
KINESIN-LIKE	worm	A0A4V0IKG7	klp-13	A0A4V0IKG7	7	52	Kinesin-like protein	w
KINESIN-LIKE	worm	G5ECF4	bmk-1	G5ECF4	1	73	Kinesin-like protein	w
KINESIN-LIKE	worm	G5EFQ4	klp-6	G5EFQ4	0	42	Kinesin-like protein	w
KINESIN-LIKE	worm	O45935	klp-19	O45935	4	51	Kinesin-like protein klp-19	w
KINESIN-LIKE	worm	P45962	klp-3	P45962	4	20	Kinesin-like protein klp-3	w
KINESIN-LIKE	worm	Q19633	klp-11	Q19633	13	65	Kinesin-like protein	w
KINESIN-LIKE	worm	Q21441	vab-8	Q21441	2	50	Kinesin-like protein vab-8	w
KINESIN-LIKE	worm	Q8MQ03	zen-4	Q8MQ03	6	164	Kinesin-like protein	w
KINESIN-LIKE	worm	Q965T6	klp-20	Q965T6	3	63	Kinesin-like protein klp-20	w
KINESIN-LIKE	worm	Q9XU12	klp-7	Q9XU12	4	59	Kinesin-like protein	w
KINESIN-LIKE	yeast	P17119	KAR3	P17119	10	60	Kinesin-like protein KAR3	w
KINESIN-LIKE	yeast	P27895	CIN8	P27895	2	57	Kinesin-like protein CIN8	w
KINESIN-LIKE	yeast	P28742	KIP1	P28742	1	23	Kinesin-like protein KIP1	w
KINESIN-LIKE	yeast	P28743	KIP2	P28743	2	31	Kinesin-like protein KIP2	w
KINESIN-LIKE	yeast	P53086	KIP3	P53086	1	29	Kinesin-like protein KIP3	w
KINESIN-LIKE	zebrafish	A0A0R4IRM1	kif5bb	A0A0R4IRM1	24	80	Kinesin-like protein	w
KINESIN-LIKE	zebrafish	A0A1L1QZA5	si:cabz01066312.1	A0A1L1QZA5	5	19	Kinesin-like protein KIF21A	w
KINESIN-LIKE	zebrafish	A0A8M1NGN8	kif5c	A0A8M1NGN8	19	80	Kinesin-like protein	w
KINESIN-LIKE	zebrafish	A0A8M1RLR4	kif3ca	A0A8M1RLR4	14	69	Kinesin-like protein	w
KINESIN-LIKE	zebrafish	A0A8M2B2G5	kif19	A0A8M2B2G5	6	38	Kinesin-like protein KIF19	w
KINESIN-LIKE	zebrafish	A0A8M3AJ03	si:ch211-257p13.3	A0A8M3AJ03	0	56	Kinesin-like protein	w
KINESIN-LIKE	zebrafish	A0A8M6YZ95	si:dkey-96l17.6	A0A8M6YZ95	5	342	Kinesin-like protein	w
KINESIN-LIKE	zebrafish	A0AB13A9F9	kif6	A0AB13A9F9	8	42	Kinesin-like protein	w
KINESIN-LIKE	zebrafish	A0AB32THY5	si:ch73-375g18.1	A0AB32THY5	5	34	Kinesin-like protein KIF1C isoform X1	w
KINESIN-LIKE	zebrafish	A8WFU8	kif22	A8WFU8	2	44	Kinesin-like protein KIF22	w
KINESIN-LIKE	zebrafish	B0S7G2	kif2c	B0S7G2	3	49	Kinesin-like protein	w
KINESIN-LIKE	zebrafish	E9QB71	kif3a	E9QB71	5	62	Kinesin-like protein	w
KINESIN-LIKE	zebrafish	F1QDF0	kif20a	F1QDF0	4	57	Kinesin-like protein	w
KINESIN-LIKE	zebrafish	F1QN54	kif3b	F1QN54	12	69	Kinesin-like protein KIF3B	w
KINESIN-LIKE	zebrafish	F1QV34	kif17	F1QV34	22	95	Kinesin-like protein	w
KINESIN-LIKE	zebrafish	F1QW58	kif3cb	F1QW58	9	44	Kinesin-like protein	w
KINESIN-LIKE	zebrafish	F1QYE9	kif9	F1QYE9	9	42	Kinesin-like protein	w
KINESIN-LIKE	zebrafish	F1R5M2	kif5ba	F1R5M2	22	91	Kinesin-like protein	w
KINESIN-LIKE	zebrafish	F1RAK1	kif2a	F1RAK1	2	49	Kinesin-like protein	w
KINESIN-LIKE	zebrafish	Q1LUU7	kifc1	Q1LUU7	2	88	Kinesin-like protein	w
KINESIN-LIKE	zebrafish	Q58G59	kif7	Q58G59	7	44	Kinesin-like protein kif7	w
KINESIN-LIKE	zebrafish	Q7ZU82	wu:fi04h04	Q7ZU82	7	51	Kinesin-like protein	w
KINESIN-LIKE	zebrafish	Q9PUU5	kif23	Q9PUU5	17	73	Kinesin-like protein	w
KINESIN-RELATED	human	P52732	KIF11	P52732	42	383	Kinesin-like protein KIF11 (Kinesin-like protein 1) (Kinesin	w
KINESIN-RELATED	human	Q02224	CENPE	Q02224	50	457	Centromere-associated protein E (Centromere protein E) (CENP	w
KINESIN-RELATED	human	Q96Q89	KIF20B	Q96Q89	24	151	Kinesin-like protein KIF20B (Cancer/testis antigen 90) (CT90	w
KINESIN-RELATED	human	Q9BW19	KIFC1	Q9BW19	26	193	Kinesin-like protein KIFC1 (Kinesin-like protein 2) (Kinesin	w
KINESIN-RELATED	yeast	P32364	SMY1	P32364	8	58	Kinesin-related protein SMY1	w
KINETICS	human	A8MVW5	HEPACAM2	A8MVW5	12	94	HEPACAM family member 2 (Mitotic kinetics regulator)	w
KINETOCHORE	fly	FBgn0004643	Zw10	Q9W4X9	7	51	Centromere/kinetochore protein zw10 (Mitotic 15 protein)	w
KINETOCHORE	fly	FBgn0027259	Kmn1	Q9VYX4	6	11	CG1558-RA protein (Kinetochore Mis12-Ndc80 network component	w
KINETOCHORE	fly	FBgn0028952	Kebab	F0JAI6	5	10	Kinetochore and Eb1-associated basic protein	w
KINETOCHORE	fly	FBgn0030500	Ndc80	Q9VYB1	22	58	Kinetochore protein NDC80	w
KINETOCHORE	fly	FBgn0087021	Spc25	Q9V3V7	9	20	Kinetochore protein Spc25 (Chromosome alignment defect 2) (M	w
KINETOCHORE	fly	FBgn0266598	Kmn2	Q6IKI1	0	7	HDC12388 (Kinetochore Mis12-Ndc80 network component 2, isofo	w
KINETOCHORE	human	A0A087WXM9	MEIKIN	A0A087WXM9	3	13	Meiosis-specific kinetochore protein	w
KINETOCHORE	human	O14777	NDC80	O14777	136	443	Kinetochore protein NDC80 homolog (Highly expressed in cance	w
KINETOCHORE	human	O43264	ZW10	O43264	27	221	Centromere/kinetochore protein zw10 homolog	w
KINETOCHORE	human	O95229	ZWINT	O95229	50	340	Outer kinetochore KNL1 complex subunit ZWINT (ZW10 interacto	w
KINETOCHORE	human	P49454	CENPF	P49454	5	85	Centromere protein F (CENP-F) (AH antigen) (Kinetochore prot	w
KINETOCHORE	human	Q8NBT2	SPC24	Q8NBT2	32	229	Kinetochore protein Spc24 (hSpc24)	w
KINETOCHORE	human	Q8NG31	KNL1	Q8NG31	93	676	Outer kinetochore KNL1 complex subunit KNL1 (ALL1-fused gene	w
KINETOCHORE	human	Q9BZD4	NUF2	Q9BZD4	86	348	Kinetochore protein Nuf2 (hNuf2) (hNuf2R) (hsNuf2) (Cell div	w
KINETOCHORE	human	Q9HBM1	SPC25	Q9HBM1	56	357	Kinetochore protein Spc25 (hSpc25)	w
KINETOCHORE	worm	O44548	knl-2	O44548	2	8	Kinetochore null protein 2	w
KINETOCHORE	worm	O44956	kbp-5	O44956	1	9	KNL (Kinetochore null) Binding Protein	w
KINETOCHORE	worm	O76406	knl-3	O76406	2	14	Kinetochore NuLl	w
KINETOCHORE	worm	P34278	knl-1	P34278	3	27	Outer kinetochore KNL1 complex subunit knl-1	w
KINETOCHORE	worm	Q17635	ndc-80	Q17635	2	40	Kinetochore protein ndc-80	w
KINETOCHORE	worm	Q19642	czw-1	Q19642	1	42	Centromere/kinetochore protein zw10 homolog	w
KINETOCHORE	worm	Q21952	him-10	Q21952	2	24	Kinetochore protein Nuf2 homolog	w
KINETOCHORE	worm	Q95QB8	kbp-1	Q95QB8	1	8	KNL (Kinetochore null) Binding Protein	w
KINETOCHORE	worm	Q9N2X3	kbp-4	Q9N2X3	1	9	KNL (Kinetochore null) Binding Protein	w
KINETOCHORE	yeast	P33895	NUF2	P33895	13	93	Kinetochore protein NUF2	w
KINETOCHORE	yeast	P35201	MIF2	P35201	4	68	Inner kinetochore subunit MIF2	w
KINETOCHORE	yeast	P38265	IML3	P38265	3	60	Inner kinetochore subunit IML3	w
KINETOCHORE	yeast	P38313	AME1	P38313	10	60	Inner kinetochore subunit AME1	w
KINETOCHORE	yeast	P38907	CHL4	P38907	5	50	Inner kinetochore subunit CHL4	w
KINETOCHORE	yeast	P40014	SPC25	P40014	8	89	Kinetochore protein SPC25	w
KINETOCHORE	yeast	P40460	NDC80	P40460	20	99	Kinetochore protein NDC80	w
KINETOCHORE	yeast	P43618	CNN1	P43618	2	39	Inner kinetochore subunit CNN1	w
KINETOCHORE	yeast	P47167	MCM22	P47167	2	37	Inner kinetochore subunit MCM22	w
KINETOCHORE	yeast	P52286	SKP1	P52286	25	214	Suppressor of kinetochore protein 1	w
KINETOCHORE	yeast	P53148	SPC105	P53148	10	54	Outer kinetochore KNL1 complex subunit SPC105	w
KINETOCHORE	yeast	P53298	OKP1	P53298	4	44	Inner kinetochore subunit OKP1	w
KINETOCHORE	yeast	Q02732	CTF19	Q02732	5	98	Inner kinetochore subunit CTF19	w
KINETOCHORE	yeast	Q04431	KRE28	Q04431	2	15	Outer kinetochore KNL1 complex subunit KRE28	w
KINETOCHORE	yeast	Q04477	SPC24	Q04477	10	114	Kinetochore protein SPC24	w
KINETOCHORE	yeast	Q06162	NKP2	Q06162	1	54	Inner kinetochore subunit NKP2	w
KINETOCHORE	yeast	Q06675	MCM21	Q06675	7	40	Inner kinetochore subunit MCM21	w
KINETOCHORE	yeast	Q08581	SLK19	Q08581	1	36	Kinetochore protein SLK19	w
KINETOCHORE	yeast	Q12262	MCM16	Q12262	5	69	Inner kinetochore subunit MCM16	w
KINETOCHORE	yeast	Q12493	NKP1	Q12493	4	30	Inner kinetochore subunit NKP1	w
KINETOCHORE	yeast	Q12748	CTF3	Q12748	5	37	Inner kinetochore subunit CTF3	w
KINETOCHORE	yeast	Q2V2P8	WIP1	Q2V2P8	1	12	Inner kinetochore subunit WIP1	w
KINETOCHORE	yeast	Q3E829	MHF2	Q3E829	2	15	Inner kinetochore subunit MHF2	w
KINETOCHORE	yeast	Q3E835	MHF1	Q3E835	2	17	Inner kinetochore subunit MHF1	w
KINETOCHORE	zebrafish	B0UYS8	spc25	B0UYS8	14	24	Kinetochore protein SPC25	w
KINETOCHORE	zebrafish	E7FD92	dsn1	E7FD92	5	42	DSN1 component of MIS12 kinetochore complex	w
KINETOCHORE	zebrafish	Q503N2	spc24	Q503N2	4	14	Kinetochore protein Spc24	w
KINETOCHORE	zebrafish	Q6DRJ7	ndc80	Q6DRJ7	15	62	Kinetochore protein NDC80 homolog	w
KINETOCHORE	zebrafish	Q7ZW63	nuf2	Q7ZW63	26	47	Kinetochore protein Nuf2	w
KINETOCHORE-ASSOCIATED	human	O14777	NDC80	O14777	136	443	Kinetochore protein NDC80 homolog (Highly expressed in cance	w
KINETOCHORE-ASSOCIATED	human	P50748	KNTC1	P50748	6	115	Kinetochore-associated protein 1 (Rough deal homolog) (HsROD	w
KINETOCHORE-ASSOCIATED	human	Q5T280	SPOUT1	Q5T280	12	279	28S rRNA (uridine-N(3))-methyltransferase (EC 2.1.1.-) (Cent	w
KINETOCHORE-ASSOCIATED	human	Q6P0N0	MIS18BP1	Q6P0N0	72	321	Mis18-binding protein 1 (Kinetochore-associated protein KNL-	w
KINETOCHORE-ASSOCIATED	human	Q8IX90	SKA3	Q8IX90	60	357	Spindle and kinetochore-associated protein 3	w
KINETOCHORE-ASSOCIATED	human	Q8WVK7	SKA2	Q8WVK7	40	258	Spindle and kinetochore-associated protein 2 (Protein FAM33A	w
KINETOCHORE-ASSOCIATED	human	Q96BD8	SKA1	Q96BD8	38	227	SKA complex subunit 1 (Spindle and kinetochore-associated pr	w
KINETOCHORE-ASSOCIATED	human	Q96IY1	NSL1	Q96IY1	29	195	Kinetochore-associated protein NSL1 homolog	w
KINETOCHORE-ASSOCIATED	human	Q9H410	DSN1	Q9H410	33	259	Kinetochore-associated protein DSN1 homolog	w
KINETOCHORE-ASSOCIATED	human	Q9Y448	KNSTRN	Q9Y448	36	162	Small kinetochore-associated protein (SKAP) (Kinetochore-loc	w
KINETOCHORE-ASSOCIATED	worm	Q20070	CELE_F35H10.6	Q20070	7	21	Spindle and kinetochore-associated protein 2	w
KINETOCHORE-ASSOCIATED	worm	Q9BI86	ska-3	Q9BI86	1	1	Spindle and Kinetochore-Associated protein homolog	w
KINETOCHORE-ASSOCIATED	yeast	P39731	MTW1	P39731	8	37	Kinetochore-associated protein MTW1	w
KINETOCHORE-ASSOCIATED	yeast	P40568	DSN1	P40568	34	496	Kinetochore-associated protein DSN1	w
KINETOCHORE-ASSOCIATED	yeast	P47149	NNF1	P47149	17	65	Kinetochore-associated protein NNF1	w
KINETOCHORE-ASSOCIATED	yeast	Q12143	NSL1	Q12143	3	50	Kinetochore-associated protein NSL1	w
KINETOCHORE-ASSOCIATED	zebrafish	Q5RGS8	nsl1	Q5RGS8	6	61	Kinetochore-associated protein NSL1 homolog	w
KINETOCHORE-BINDING	worm	O45406	kbp-3	O45406	1	8	Kinetochore-binding protein 3	w
KINETOCHORE-LOCALIZED	human	Q9Y448	KNSTRN	Q9Y448	36	162	Small kinetochore-associated protein (SKAP) (Kinetochore-loc	w
