L37-1	fly	FBgn0030616	RpL37-1	Q9VXX8	19	229	Large ribosomal subunit protein eL37A (Probable 60S ribosoma	w
L37-2	fly	FBgn0034822	RpL37-2	Q9W1U6	8	195	Large ribosomal subunit protein L37-2 (Large ribosomal subun	w
L37-A	fly	FBgn0030616	RpL37-1	Q9VXX8	19	229	Large ribosomal subunit protein eL37A (Probable 60S ribosoma	w
L37-B	fly	FBgn0034822	RpL37-2	Q9W1U6	8	195	Large ribosomal subunit protein L37-2 (Large ribosomal subun	w
L37A	fly	FBgn0261608	RpL37A	Q9VMU4	19	298	Large ribosomal subunit protein eL43 (60S ribosomal protein 	w
L37A	human	A6NKH3	RPL37AP8	A6NKH3	6	33	Putative ribosomal protein eL43-like (Putative 60S ribosomal	w
L37A	human	P61513	RPL37A	P61513	40	861	Large ribosomal subunit protein eL43 (60S ribosomal protein 	w
L37A	zebrafish	A7YY10	zgc:171772	A7YY10	5	387	60S ribosomal protein L37a	w
L37A-LIKE	human	A6NKH3	RPL37AP8	A6NKH3	6	33	Putative ribosomal protein eL43-like (Putative 60S ribosomal	w
L37A1_HUMAN	human	A6NMS7	LRRC37A	A6NMS7	5	27		
L37A2_HUMAN	human	A6NM11	LRRC37A2	A6NM11	4	16		
L37A3_HUMAN	human	O60309	LRRC37A3	O60309	4	39		
L37A5_HUMAN	human	Q49AS3	LRRC37A5P	Q49AS3	0	2		
L37MT	human	Q9BZE1	MRPL37	Q9BZE1	20	238	Large ribosomal subunit protein mL37 (39S ribosomal protein 	w
