NRX	human	Q6DKJ4	NXN	Q6DKJ4	15	106		
NRX-1	fly	FBgn0038975	Nrx-1	A0A0B4KGL0	3	18	Neurexin 1, isoform F	
NRX-IV	fly	FBgn0013997	Nrx-IV	Q94887	121	2379	Neurexin-4 (Neurexin IV)	
NRX1A_HUMAN	human	Q9ULB1	NRXN1	Q9ULB1	22	143		
NRX1B_HUMAN	human	P58400	NRXN1	P58400	38	206		
NRX2A_HUMAN	human	Q9P2S2	NRXN2	Q9P2S2	16	132		
NRX2B_HUMAN	human	P58401	NRXN2	P58401	8	39		
NRX3A_HUMAN	human	Q9Y4C0	NRXN3	Q9Y4C0	17	81		
NRX3B_HUMAN	human	Q9HDB5	NRXN3	Q9HDB5	18	72		
NRXN1	human	P58400	NRXN1	P58400	38	206	Neurexin-1-beta (Neurexin I-beta)	
NRXN1	human	Q9ULB1	NRXN1	Q9ULB1	22	143	Neurexin-1 (Neurexin I-alpha) (Neurexin-1-alpha)	
NRXN1A	zebrafish	A1XQX1	nrxn1a	A1XQX1	11	53	Neurexin-1a-beta	
NRXN1B	zebrafish	A1XQX2	nrxn1b	A1XQX2	4	37	Neurexin-1b	
NRXN2	human	P58401	NRXN2	P58401	8	39	Neurexin-2-beta (Neurexin II-beta)	
NRXN2	human	Q9P2S2	NRXN2	Q9P2S2	16	132	Neurexin-2 (Neurexin II-alpha) (Neurexin-2-alpha)	
NRXN2A	zebrafish	B7ZCV1	nrxn2a	B7ZCV1	6	40	Neurexin 2a	
NRXN3	human	Q9HDB5	NRXN3	Q9HDB5	18	72	Neurexin-3-beta (Neurexin III-beta) [Cleaved into: Neurexin-	
NRXN3	human	Q9Y4C0	NRXN3	Q9Y4C0	17	81	Neurexin-3 (Neurexin III-alpha) (Neurexin-3-alpha)	
NRXN3-CTF	human	Q9HDB5	NRXN3	Q9HDB5	18	72	Neurexin-3-beta (Neurexin III-beta) [Cleaved into: Neurexin-	w
NRXN4	human	P78357	CNTNAP1	P78357	15	153		
