P91001	worm	P91001	csn-5	P91001	9	113	COP9 signalosome complex subunit 5	
P91002	worm	P91002	dod-20	P91002	0	2	Downstream Of DAF-16 (Regulated by DAF-16)	
P91004	worm	P91004	B0554.4	P91004	0	1	C6 domain-containing protein	
P91011	worm	P91011	C01G8.1	P91011	1	26	Uncharacterized protein	
P91013	worm	P91013	dhs-1	P91013	0	2	Retinol dehydrogenase 12-like	
P91014	worm	P91014	dnj-4	P91014	3	9	J domain-containing protein	
P91017	worm	P91017	hpo-32	P91017	0	16	Remorin_C domain-containing protein	
P91020	worm	P91020	C07D8.6	P91020	0	25	NADP-dependent oxidoreductase domain-containing protein	
P91021	worm	P91021	C07D8.5	P91021	0	1	NADP-dependent oxidoreductase domain-containing protein	
P91025	worm	P91025	C10G11.8	P91025	4	46	AAA+ ATPase domain-containing protein	
P91026	worm	P91026	spch-2	P91026	0	4	SPerm CHromatin enriched	
P91027	worm	P91027	chdp-1	P91027	0	9	Calponin homology domain-containing protein	
P91033	worm	P91033	C10G11.10	P91033	0	2	Uncharacterized protein	
P91035	worm	P91035	C10H11.7	P91035	0	1	Major sperm protein	
P91037	worm	P91037	ugt-27	P91037	0	3	UDP-glucuronosyltransferase	
P91040	worm	P91040	mlst-8	P91040	0	69	Target of rapamycin complex subunit lst8	
P91041	worm	P91041	viln-1	P91041	0	5	HP domain-containing protein	
P91047	worm	P91047	C16C8.9	P91047	0	1	DUF3828 domain-containing protein	
P91050	worm	P91050	C16C8.11	P91050	0	19	Ubiquitin-like domain-containing protein	
P91052	worm	P91052	gldi-6	P91052	0	16	Ubiquitin-like domain-containing protein	
P91053	worm	P91053	C16C8.14	P91053	1	15	Ubiquitin-like domain-containing protein	
P91055	worm	P91055	C16C8.16	P91055	0	1	Ubiquitin-like domain-containing protein	
P91056	worm	P91056	C16C8.5	P91056	0	16	Ubiquitin-like domain-containing protein	
P91057	worm	P91057	C16C8.4	P91057	1	16	Ubiquitin-like domain-containing protein	
P91060	worm	P91060	skpo-2	P91060	0	6	peroxidase	
P91063	worm	P91063	C17H11.2	P91063	0	13	CNDH2_C domain-containing protein	
P91065	worm	P91065	C17H11.4	P91065	0	5	FERM domain-containing protein	
P91066	worm	P91066	C17H11.5	P91066	0	9	Phage protein	
P91079	worm	P91079	sptl-1	P91079	2	14	Serine palmitoyltransferase 1	
P91082	worm	P91082	egl-26	P91082	0	2	Egg-laying defective protein 26	
P91093	worm	P91093	coq-1	P91093	0	12	All trans-polyprenyl-diphosphate synthase PDSS1	
P91096	worm	P91096	dop-6	P91096	0	30	G-protein coupled receptors family 1 profile domain-containi	
P91100	worm	P91100	acd-2	P91100	9	14	DEgenerin Like	
P91102	worm	P91102	acd-1	P91102	8	14	DEgenerin Like	
P91103	worm	P91103	delm-2	P91103	9	14	DEgenerin Linked to Mechanosensation	
P91104	worm	P91104	fbxc-32	P91104	1	1	F-box domain-containing protein	
P91109	worm	P91109	sdz-4	P91109	0	2	F-box domain-containing protein	
P91114	worm	P91114	C32B5.15	P91114	0	4	F-box domain-containing protein	
P91115	worm	P91115	fbxc-14	P91115	0	4	F-box domain-containing protein	
P91119	worm	P91119	pde-5	P91119	0	2	Probable 3,5-cyclic phosphodiesterase pde-5	
P91122	worm	P91122	C32E12.1	P91122	1	16	SAM domain-containing protein	
P91124	worm	P91124	ric-19	P91124	4	7	Resistance to inhibitors of cholinesterase protein 19	
P91125	worm	P91125	pmlr-1	P91125	7	66	FHA domain-containing protein	
P91126	worm	P91126	C32E8.4	P91126	0	8	Uncharacterized protein	
P91127	worm	P91127	tppp-1	P91127	0	10	Tubulin polymerization-promoting protein homolog	
P91128	worm	P91128	rpl-13	P91128	17	226	Large ribosomal subunit protein eL13	
P91129	worm	P91129	ptr-2	P91129	1	47	SSD domain-containing protein	
P91130	worm	P91130	C32E8.9	P91130	0	40	Ethylmalonyl-CoA decarboxylase	
P91134	worm	P91134	adss-1	P91134	0	32	Adenylosuccinate synthetase	
P91136	worm	P91136	C37H5.5	P91136	10	84	Nucleolar complex protein 3 homolog	
P91137	worm	P91137	nas-9	P91137	0	1	Zinc metalloproteinase nas-9	
P91139	worm	P91139	cwp-2	P91139	0	3	Secreted protein	
P91143	worm	P91143	abhd-5.1	P91143	0	7	Abhydrolase domain-containing protein abhd-5.1	
P91148	worm	P91148	ndx-7	P91148	0	10	Putative nudix hydrolase 7	
P91149	worm	P91149	exoc-7	P91149	6	47	Exocyst complex component 7	
P91151	worm	P91151	cogc-5	P91151	8	43	Conserved oligomeric Golgi complex subunit 5	
P91153	worm	P91153	mus-81	P91153	5	86	Crossover junction endonuclease MUS81	
P91154	worm	P91154	C43E11.9	P91154	10	100	60S ribosome subunit biogenesis protein NIP7 homolog	
P91155	worm	P91155	cdc-6	P91155	4	53	Cell division control protein	
P91156	worm	P91156	acin-1	P91156	5	26	SAP domain-containing protein	
P91167	worm	P91167	C46H11.3	P91167	3	35	Probable actin-related protein 2/3 complex subunit 5	
P91175	worm	P91175	syf-1	P91175	18	150	Pre-mRNA-splicing factor SYF1	
P91176	worm	P91176	C50F2.2	P91176	0	1	CCHC-type domain-containing protein	
P91177	worm	P91177	C50F2.4	P91177	0	1	DUF281 domain-containing protein	
P91179	worm	P91179	C50F2.5	P91179	0	5	Tyrosine-protein phosphatase domain-containing protein	
P91182	worm	P91182	magu-3	P91182	0	3	Guanylate kinase-like domain-containing protein	
P91185	worm	P91185	C53C11.2	P91185	0	1	Uncharacterized protein	
P91189	worm	P91189	dnj-7	P91189	4	12	J domain-containing protein	
P91194	worm	P91194	CELE_D2092.4	P91194	0	15	Thioredoxin domain-containing protein	
P91197	worm	P91197	acr-11	P91197	11	11	AcetylCholine Receptor	
P91198	worm	P91198	ppfr-2	P91198	7	34	Protein Phosphatase Four Regulatory subunit	
P91203	worm	P91203	tat-6	P91203	0	10	Phospholipid-transporting ATPase	
P91204	worm	P91204	CELE_F02C9.2	P91204	0	1	Uncharacterized protein	
P91205	worm	P91205	irld-3	P91205	0	1	Receptor L-domain domain-containing protein	
P91214	worm	P91214	clec-45	P91214	0	2	C-type lectin domain-containing protein	
P91215	worm	P91215	CELE_F07C4.10	P91215	0	1	ShKT domain-containing protein	
P91216	worm	P91216	CELE_F07C4.11	P91216	0	1	ShKT domain-containing protein	
P91223	worm	P91223	CELE_F07E5.5	P91223	0	11	CCHC-type domain-containing protein	
P91229	worm	P91229	fbxb-108	P91229	0	1	F-box domain-containing protein	
P91230	worm	P91230	CELE_F08D12.7	P91230	0	7	DUF19 domain-containing protein	
P91233	worm	P91233	sdz-9	P91233	0	4	F-box domain-containing protein	
P91237	worm	P91237	CELE_F08D12.3	P91237	0	1	CC domain-containing protein	
P91240	worm	P91240	srpa-72	P91240	23	75	Signal recognition particle subunit SRP72	
P91243	worm	P91243	dnj-9	P91243	2	8	J domain-containing protein	
P91245	worm	P91245	CELE_F11G11.5	P91245	1	4	Membrane protein BRI3	
P91246	worm	P91246	CELE_F11G11.4	P91246	0	3	Uncharacterized protein	
P91247	worm	P91247	mpst-4	P91247	0	10	Putative thiosulfate sulfurtransferase mpst-4	
P91248	worm	P91248	col-17	P91248	0	4	COLlagen	
P91249	worm	P91249	col-20	P91249	0	2	Nematode cuticle collagen N-terminal domain-containing prote	
P91250	worm	P91250	col-73	P91250	0	4	Nematode cuticle collagen N-terminal domain-containing prote	
P91251	worm	P91251	CELE_F11G11.13	P91251	0	4	arginine kinase	
P91252	worm	P91252	gst-6	P91252	1	8	Probable glutathione S-transferase 6	
P91253	worm	P91253	gst-7	P91253	4	50	Probable glutathione S-transferase 7	
P91254	worm	P91254	gst-8	P91254	0	4	Probable glutathione S-transferase 8	
P91262	worm	P91262	pxmp-4	P91262	0	2	Peroxisomal membrane protein 4	
P91266	worm	P91266	icmt-1	P91266	0	3	Protein-S-isoprenylcysteine O-methyltransferase	
P91267	worm	P91267	CELE_F21F3.2	P91267	0	11	Protein kinase domain-containing protein	
P91268	worm	P91268	pgal-1	P91268	0	1	Probable peptidyl-alpha-hydroxyglycine alpha-amidating lyase	
P91270	worm	P91270	CELE_F25B4.7	P91270	0	5	ADP/ATP translocase	
P91272	worm	P91272	CELE_F25F8.1	P91272	0	2	B box-type domain-containing protein	
P91273	worm	P91273	CELE_F26B1.5	P91273	1	3	Serine/threonine-protein phosphatase	
P91276	worm	P91276	ima-2	P91276	9	29	Importin subunit alpha-2	
P91277	worm	P91277	hrpk-1	P91277	1	112	Heterogeneous nuclear ribonucleoprotein K homolog	
P91278	worm	P91278	let-381	P91278	2	11	Forkhead box protein F	
P91280	worm	P91280	CELE_F27C1.6	P91280	14	105	Small-subunit processome	
P91281	worm	P91281	CELE_F27C1.4	P91281	1	6	Similar to	
P91297	worm	P91297	CELE_F36H5.4	P91297	0	4	DUF1084 domain-containing protein	
P91302	worm	P91302	ubl-5	P91302	3	17	Ubiquitin-like protein 5	
P91303	worm	P91303	vha-10	P91303	2	49	Probable V-type proton ATPase subunit G	
P91305	worm	P91305	xrep-4	P91305	1	2	F-box domain-containing protein	
P91306	worm	P91306	cey-2	P91306	1	26	CSD domain-containing protein	
P91307	worm	P91307	CELE_F46F11.7	P91307	0	1	Tenascin	
P91309	worm	P91309	F46F11.1	P91309	0	5	Inositol hexakisphosphate and diphosphoinositol-pentakisphos	
P91318	worm	P91318	F53E10.6	P91318	3	31	RRP15-like protein	
P91321	worm	P91321	CELE_F53E10.1	P91321	0	4	MOSC domain-containing protein	
P91326	worm	P91326	CELE_F54C1.1	P91326	0	6	glucuronosyltransferase	
P91330	worm	P91330	CELE_F54H5.3	P91330	6	22	Major sperm protein	
P91340	worm	P91340	CELE_F55F8.2	P91340	0	22	ATP-dependent RNA helicase	
P91341	worm	P91341	F55F8.3	P91341	6	108	Periodic tryptophan protein 2 homolog	
P91343	worm	P91343	wdr-12	P91343	16	137	Ribosome biogenesis protein WDR12 homolog	
P91344	worm	P91344	mff-2	P91344	1	5	Mitochondrial fission factor	
P91347	worm	P91347	CELE_F55F8.8	P91347	0	24	Secreted protein	
P91348	worm	P91348	zipt-2.4	P91348	0	5	Zinc transporter ZIP3	
P91349	worm	P91349	spd-5	P91349	2	14	Spindle-defective protein 5	
P91351	worm	P91351	slx-1	P91351	3	19	Structure-specific endonuclease subunit SLX1 homolog	
P91352	worm	P91352	fncm-1	P91352	1	21	FANCM (Fanconi anemia complex component M) homolog	
P91353	worm	P91353	mrpl-24	P91353	15	261	Large ribosomal subunit protein uL24m	
P91356	worm	P91356	rpa-4	P91356	4	72	RPA_C domain-containing protein	
P91357	worm	P91357	CELE_F59A3.12	P91357	0	1	MIF4G domain-containing protein	
P91359	worm	P91359	cpd-1	P91359	0	20	Carboxypeptidase D	
P91360	worm	P91360	CELE_F59A3.8	P91360	0	1	Tyrosine-protein kinase	
P91361	worm	P91361	pup-3	P91361	0	7	PAP-associated domain-containing protein	
P91364	worm	P91364	CELE_K06A9.2	P91364	0	3	F-box domain-containing protein	
P91368	worm	P91368	CELE_K11H12.5	P91368	0	4	DUF4276 family protein	
P91372	worm	P91372	CELE_K11H12.7	P91372	0	1	Protein sleepless	
P91373	worm	P91373	CELE_K11H12.8	P91373	0	7	Growth hormone-inducible transmembrane protein	
P91374	worm	P91374	rpl-15	P91374	23	222	Large ribosomal subunit protein eL15	
P91375	worm	P91375	K11H12.1	P91375	2	15	Putative bolA-like protein K11H12.1	
P91387	worm	P91387	CELE_K12D9.1	P91387	0	6	Methyltransferase domain-containing protein	
P91390	worm	P91390	ostd-1	P91390	2	17	Dolichyl-diphosphooligosaccharide--protein glycosyltransfera	
P91393	worm	P91393	fubl-4	P91393	0	9	K Homology domain-containing protein	
P91398	worm	P91398	cey-3	P91398	1	20	CSD domain-containing protein	
P91399	worm	P91399	rmh-1	P91399	5	19	RecQ-mediated genome instability protein 1 homolog	
P91400	worm	P91400	klp-15	P91400	5	59	Kinesin motor domain-containing protein	
P91401	worm	P91401	ctnb-1	P91401	3	32	Beta-catenin-like protein 1 N-terminal domain-containing pro	
P91402	worm	P91402	CELE_M01E11.1	P91402	0	1	Protein-S-isoprenylcysteine O-methyltransferase	
P91404	worm	P91404	rbx-2	P91404	14	111	RING-box protein 2	
P91405	worm	P91405	CELE_R57.2	P91405	1	3	Domain of unknown function DB domain-containing protein	
P91406	worm	P91406	gcp-2.1	P91406	1	3	Glutamate carboxypeptidase 2 homolog	
P91408	worm	P91408	eppl-1	P91408	1	2	Ethanolamine-phosphate phospho-lyase homolog 1	
P91409	worm	P91409	syx-4	P91409	6	38	Putative syntaxin-4	
P91416	worm	P91416	T01D1.4	P91416	0	3	Probable inactive acireductone dioxygenase 1	
P91419	worm	P91419	abu-11	P91419	0	3	Activated in Blocked Unfolded protein response	
P91420	worm	P91420	gsp-4	P91420	3	21	Serine/threonine-protein phosphatase PP1-delta	
P91423	worm	P91423	CELE_T03F1.11	P91423	0	6	EF-hand domain-containing protein	
P91424	worm	P91424	tfbm-1	P91424	2	66	Dimethyladenosine transferase 1, mitochondrial	
P91425	worm	P91425	guk-1	P91425	0	9	guanylate kinase	
P91427	worm	P91427	pgk-1	P91427	0	41	Probable phosphoglycerate kinase	
P91428	worm	P91428	coq-4	P91428	0	8	Ubiquinone biosynthesis protein coq-4, mitochondrial	
P91429	worm	P91429	clec-53	P91429	1	9	C-type lectin domain-containing protein	
P91430	worm	P91430	uba-5	P91430	2	24	Ubiquitin-like modifier-activating enzyme 5	
P91437	worm	P91437	CELE_T07F8.4	P91437	3	7	ELM2 domain-containing protein	
P91439	worm	P91439	npr-31	P91439	6	33	G-protein coupled receptors family 1 profile domain-containi	
P91439_CAEEL	worm	P91439	npr-31	P91439	6	33		
P91441	worm	P91441	sav-1	P91441	3	13	Protein salvador homolog 1	
P91442	worm	P91442	CELE_T10H10.2	P91442	0	1	Sulfhydryl oxidase	
P91448	worm	P91448	trpl-5	P91448	0	1	Ion_trans domain-containing protein	
P91453	worm	P91453	CELE_T19B4.5	P91453	1	9	Uncharacterized protein	
P91454	worm	P91454	dnj-21	P91454	5	27	Mitochondrial import inner membrane translocase subunit TIM1	
P91455	worm	P91455	aprt-1	P91455	0	23	Adenine phosphoribosyltransferase	
P91457	worm	P91457	npp-7	P91457	6	55	RanBP2-type domain-containing protein	
P91470	worm	P91470	txt-11	P91470	0	2	PAW domain-containing protein	
P91473	worm	P91473	srab-21	P91473	0	10	Serpentine Receptor, class AB (Class A-like)	
P91477	worm	P91477	pbs-4	P91477	1	54	Proteasome subunit beta type-2	
P91478	worm	P91478	mrrf-1	P91478	7	124	Ribosome-recycling factor, mitochondrial	
P91479	worm	P91479	CELE_T20F5.4	P91479	1	2	Uncharacterized protein	
P91481	worm	P91481	CELE_T20F5.5	P91481	0	1	Flocculation protein FLO11-like	
P91482	worm	P91482	CELE_T20F5.6	P91482	0	6	RING-type domain-containing protein	
P91483	worm	P91483	CELE_T20F5.7	P91483	0	1	RING-type domain-containing protein	
P91484	worm	P91484	try-15	P91484	1	2	Peptidase S1 domain-containing protein	
P91485	worm	P91485	CELE_T21E12.5	P91485	0	1	Guided entry of tail-anchored proteins factor 1	
P91487	worm	P91487	ckr-1	P91487	1	2	G-protein coupled receptors family 1 profile domain-containi	
P91492	worm	P91492	CELE_T23B3.1	P91492	0	1	Movement protein	
P91493	worm	P91493	snt-4	P91493	1	22	C2 domain-containing protein	
P91494	worm	P91494	CELE_T23H2.3	P91494	0	6	Transcription termination factor 2	
P91498	worm	P91498	CELE_T27A3.5	P91498	0	6	Protein-tyrosine phosphatase	
P91499	worm	P91499	ssp-16	P91499	0	1	Sperm-specific class P protein 16	
P91500	worm	P91500	nmrk-1	P91500	1	17	Molybdopterin synthase catalytic subunit	
P91501	worm	P91501	nse-1	P91501	1	23	Phorbol-ester/DAG-type domain-containing protein	
P91502	worm	P91502	usp-5	P91502	2	19	Ubiquitin carboxyl-terminal hydrolase	
P91503	worm	P91503	trak-1	P91503	4	17	HAP1 N-terminal domain-containing protein	
P91505	worm	P91505	gst-23	P91505	2	17	Glutathione S-transferase	
P91515	worm	P91515	CELE_T28A11.17	P91515	0	5	Peptidase_M13 domain-containing protein	
P91521	worm	P91521	CELE_T28A11.3	P91521	0	4	DUF19 domain-containing protein	
P91522	worm	P91522	fbxa-64	P91522	0	2	F-box domain-containing protein	
P91529	worm	P91529	W09C3.4	P91529	8	25	Probable DNA-directed RNA polymerase III subunit RPC6	
P91544	worm	P91544	CELE_ZC204.12	P91544	21	731	MATH domain-containing protein	
P91546	worm	P91546	CELE_ZC204.14	P91546	0	19	BESS domain-containing protein	
P91548	worm	P91548	srlf-29	P91548	0	2	SXP/RAL-2 family protein Ani s 5-like cation-binding domain-	
P91550	worm	P91550	gcy-15	P91550	2	64	Receptor-type guanylate cyclase gcy-15	
P91555	worm	P91555	sdz-35	P91555	1	1	BTB domain-containing protein	
P91561	worm	P91561	CELE_ZC239.14	P91561	1	1	BTB domain-containing protein	
P91563	worm	P91563	CELE_ZC239.15	P91563	1	11	BTB domain-containing protein	
P91564	worm	P91564	CELE_ZC239.16	P91564	0	1	BTB domain-containing protein	
P91567	worm	P91567	CELE_ZK354.7	P91567	1	7	Major sperm protein	
P91569	worm	P91569	CELE_ZK354.9	P91569	2	3	Serine/threonine-protein phosphatase	
P91570	worm	P91570	CELE_ZK354.3	P91570	0	8	Uncharacterized protein	
P91573	worm	P91573	wrt-6	P91573	0	10	Warthog protein 6	
P91575	worm	P91575	CELE_W05B10.4	P91575	2	2	Ras-associating domain-containing protein	
P91615	fly	FBgn0000056	Adhr	P91615	0	1	Alcohol dehydrogenase-related 31 kDa protein	
P91622	fly	FBgn0017558	Pdk	A8DY78	135	1164		
P91634	fly	FBgn0015279	Pi3K92E	P91634	15	199	PI-3 kinase (Phosphatidylinositol 3-kinase 92E, isoform A) (	
P91641	fly	FBgn0013531	MED20	M9PCC3	44	471		
P91645	fly	FBgn0263111	cac	P91645	3	52	cacophony	
P91657	fly	FBgn0014019	Rh5	P91657	2	14	Opsin Rh5	
P91659	fly	FBgn0017448	CG2187	P91659	0	7	Uncharacterized protein D3-100EF (Uncharacterized protein, i	
P91660	fly	FBgn0010549	l(2)03659	A0A0B4KEG2	0	50		
P91664	fly	FBgn0017578	Max	P91664	57	410	Protein max (dMax) (Myc-associated factor X)	
P91682	fly	FBgn0003444	smo	P91682	12	117	Protein smoothened (dSMO) (SMOH) (Smooth)	
P91685	fly	FBgn0019985	mGluR	P91685	7	99	Metabotropic glutamate receptor (DmGluRA)	
P91804	schistosoma-mansoni	P91804	Sm 20.8	P91804	13	17	Sm 20.8	
P91820	worm	P91820	lst-1	P91820	3	17	Lateral signaling target 1 protein	
P91823	worm	P91823	CELE_T22A3.6	P91823	0	59	Kringle domain-containing protein	
P91829	worm	P91829	nhr-69	P91829	2	41	Nuclear hormone receptor family member nhr-69	
P91835	worm	P91835	del-4	P91835	13	20	Amiloride-sensitive sodium channel	
P91844	worm	P91844	msa-1	P91844	0	1	Transmembrane protein	
P91850	brugia-malayi	P91850	Bm1_28435	P91850	0	6	Macrophage migration inhibitory factor homolog	
P91851	worm	P91851	nmat-2	P91851	1	3	Nicotinamide/nicotinic acid mononucleotide adenylyltransfera	
P91853	worm	P91853	uev-3	P91853	3	59	Ubiquitin-conjugating enzyme E2 variant 3	
P91855	worm	P91855	phac-1	P91855	1	29	Phosphatase and actin regulator 2	
P91856	worm	P91856	F26H9.5	P91856	0	14	Probable phosphoserine aminotransferase	
P91857	worm	P91857	rab-5	P91857	22	71	small monomeric GTPase	
P91859	worm	P91859	maph-1.1	P91859	1	9	Microtubule-associated protein homolog maph-1.1	
P91860	worm	P91860	str-245	P91860	0	2	Seven TM Receptor	
P91862	worm	P91862	metl-17	P91862	2	70	Methyltransferase-like protein 17, mitochondrial	
P91863	worm	P91863	aex-5	P91863	0	1	Endoprotease aex-5	
P91866	worm	P91866	CELE_F32H2.6	P91866	0	11	Fatty acid synthase	
P91867	worm	P91867	thoc-3	P91867	4	41	WD_REPEATS_REGION domain-containing protein	
P91868	worm	P91868	snpc-4	P91868	9	38	snRNA-activating protein complex subunit 4 homolog	
P91869	worm	P91869	mdt-31	P91869	7	80	Mediator of RNA polymerase II transcription subunit 31	
P91870	worm	P91870	spd-2	P91870	2	50	Spindle-defective protein 2	
P91873	worm	P91873	tba-6	P91873	6	12	Tubulin alpha chain	
P91875	fly	FBgn0019938	Polr1A	P91875	1	13	DNA-directed RNA polymerase I subunit RPA1 (RNA polymerase I	
P91891	fly	FBgn0017572	Mo25	P91891	5	20	Protein Mo25 (dMo25)	
P91906	worm	P91906	CELE_M04C7.3	P91906	0	13	Uncharacterized protein	
P91907	worm	P91907	gpa-15	P91907	2	27	Guanine nucleotide-binding protein alpha-15 subunit	
P91910	worm	P91910	mec-12	P91910	11	25	Tubulin alpha-3 chain	
P91913	worm	P91913	rplp-1	P91913	5	164	Large ribosomal subunit protein P1	
P91914	worm	P91914	rpl-27	P91914	4	193	Large ribosomal subunit protein eL27	
P91917	worm	P91917	ola-1	P91917	0	13	Obg-like ATPase 1	
P91918	worm	P91918	snr-2	P91918	21	155	Probable small nuclear ribonucleoprotein-associated protein 	
P91926	fly	FBgn0264855	AP-2alpha	E8NH12	24	217		
P91927	fly	FBgn0284252	Letm1	P91927	1	98	Mitochondrial proton/calcium exchanger protein (Leucine zipp	
P91928	fly	FBgn0019960	Mitofilin	A0A0B4KGN2	6	62		
P91929	fly	FBgn0019957	ND-42	P91929	11	133	NADH dehydrogenase [ubiquinone] 1 alpha subcomplex subunit 1	
P91931	fly	FBgn0019932	SamDC	P91931	4	93	S-adenosylmethionine decarboxylase proenzyme (AdoMetDC) (SAM	
P91938	fly	FBgn0020653	Trxr1	P91938	15	219	Thioredoxin reductase 1, mitochondrial (EC 1.8.1.9)	
P91939	fly	FBgn0020641	Lcp65Ad	P91939	9	270	Cuticle protein LCP65Ad (GEO09318p1) (Lcp65Ad, isoform A) (L	
P91940	fly	FBgn0020645	Lcp65Aa	P91940	12	262	Lcp65Aa (RT02902p)	
P91941	fly	FBgn0020765	Acp65Aa	P91941	16	345	Adult cuticle protein 65Aa (GEO08401p1) (RH61147p)	
P91942	fly	FBgn0020640	Lcp65Ae	P91942	6	266	Lcp65Ae (GEO11775p1) (RT03322p)	
P91981	worm	P91981	srh-15	P91981	0	5	Serpentine Receptor, class H	
P91982	worm	P91982	C50B6.7	P91982	0	3	Alpha-amylase	
P91983	worm	P91983	nhr-168	P91983	1	7	Nuclear Hormone Receptor family	
P91988	worm	P91988	CELE_F25H9.6	P91988	0	6	Flavoprotein domain-containing protein	
P91989	worm	P91989	CELE_F25H9.7	P91989	2	12	Succinate dehydrogenase assembly factor 3	
P91993	worm	P91993	CELE_F32H5.4	P91993	0	16	Major facilitator superfamily (MFS) profile domain-containin	
P91997	worm	P91997	CELE_F53F1.2	P91997	0	8	NADP-dependent oxidoreductase domain-containing protein	
P91998	worm	P91998	CELE_F53F1.3	P91998	0	4	NADP-dependent oxidoreductase domain-containing protein	
