PCI	human	P05154	SERPINA5	P05154	33	293		
PCI8	yeast	P40512	PCI8	P40512	1	18	Cop9 signalosome complex subunit 11	
PCIA-1	human	Q9BW61	DDA1	Q9BW61	20	395	DET1- and DDB1-associated protein 1 (Placenta cross-immune r	w
PCIA1	human	Q9BW61	DDA1	Q9BW61	20	395		
PCID1	human	Q7L2H7	EIF3M	Q7L2H7	29	243		
PCID2	dictyostelium-discoideum	Q54PX7	pcid2	Q54PX7	3	8	PCI domain-containing protein 2 homolog	
PCID2	fly	FBgn0036184	PCID2	Q9VTL1	9	37	PCI domain-containing protein 2 homolog (CSN12-like protein)	
PCID2	human	Q5JVF3	PCID2	Q5JVF3	12	144	PCI domain-containing protein 2 (CSN12-like protein)	
PCID2	mus-musculus	Q8BFV2	Pcid2	Q8BFV2	4	21	PCI domain-containing protein 2	
PCID2	rattus-norvegicus	F1MAF5	Pcid2	F1MAF5	4	18	PCI domain-containing protein 2	
PCID2	zebrafish	Q5U3P0	pcid2	Q5U3P0	2	10	PCI domain-containing protein 2	
PCID2_HUMAN	human	Q5JVF3	PCID2	Q5JVF3	12	144		
PCIF1	fly	FBgn0037021	Pcif1	Q9VPB7	1	3	FI17508p1 (Phosphorylated CTD-interacting factor 1)	
PCIF1	human	Q9H4Z3	PCIF1	Q9H4Z3	7	69	mRNA (2'-O-methyladenosine-N(6)-)-methyltransferase (EC 2.1.	
PCIF1	mus-musculus	P59114	Pcif1	P59114	0	2	mRNA (2'-O-methyladenosine-N(6)-)-methyltransferase	
PCINP	human	O95450	ADAMTS2	O95450	15	107		
PCIP	human	Q9Y6Q9	NCOA3	Q9Y6Q9	115	509	Nuclear receptor coactivator 3 (NCoA-3) (EC 2.3.1.48) (ACTR)	w
PCIP1	human	O75901	RASSF9	O75901	21	73		
