PEG	fly	FBgn0046763	peg	Q9VDG1	43	280	SD04019p	
PEG1	human	Q5EB52	MEST	Q5EB52	5	91		
PEG1	schizosaccharomyces-pombe	O42874	peg1	O42874	0	5	Protein peg1	
PEG10	human	Q86TG7	PEG10	Q86TG7	16	120	Retrotransposon-derived protein PEG10 (Embryonal carcinoma d	
PEG10	mus-musculus	Q7TN75	Peg10	Q7TN75	1	8	Retrotransposon-derived protein PEG10	
PEG10_HUMAN	human	Q86TG7	PEG10	Q86TG7	16	120		
PEG11	human	A6NKG5	RTL1	A6NKG5	1	35		
PEG12	mus-musculus	Q9WVA7	Peg12	Q9WVA7	0	10	FRAT3	
PEG12	rattus-norvegicus	D3Z8R0	Peg12	D3Z8R0	1	14	Paternally expressed 12	
PEG2	arabidopsis-thaliana	Q9XI97	PEG2	Q9XI97	0	4	F13F21.27 protein	
PEG3	human	Q14680	MELK	Q14680	180	1353	Maternal embryonic leucine zipper kinase (hMELK) (EC 2.7.11.	w
PEG3	human	Q9GZU2	PEG3	Q9GZU2	19	110	Paternally-expressed gene 3 protein (Zinc finger and SCAN do	
PEG3_HUMAN	human	Q9GZU2	PEG3	Q9GZU2	19	110		
PEG7	arabidopsis-thaliana	Q9SCQ4	PEG7	Q9SCQ4	0	4	Protein kinase ATN1-like protein	
PEG8	human	Q6U949	IGF2-AS	Q6U949	0	14	Putative insulin-like growth factor 2 antisense gene protein	w
PEGASUS	human	Q9H5V7	IKZF5	Q9H5V7	70	402	Zinc finger protein Pegasus (Ikaros family zinc finger prote	w
