Q42029	arabidopsis-thaliana	Q42029	PSBP1	Q42029	7	121	Oxygen-evolving enhancer protein 2-1, chloroplastic
Q42044	arabidopsis-thaliana	Q42044	At2g45180	Q42044	0	3	At2g45180
Q42059	arabidopsis-thaliana	Q42059	At1g64390	Q42059	0	13	Endoglucanase 6
Q42064	arabidopsis-thaliana	Q42064	RPL8C	Q42064	19	656	Large ribosomal subunit protein uL2x
Q42112	arabidopsis-thaliana	Q42112	RPP0B	Q42112	12	539	Large ribosomal subunit protein uL10y
Q42134	arabidopsis-thaliana	Q42134	PAE2	Q42134	3	242	Proteasome subunit alpha type-5-B
Q42139	arabidopsis-thaliana	Q42139	PDE334	Q42139	2	61	AT4g32260/F10M6_100
Q42182	arabidopsis-thaliana	Q42182	At2g29300	Q42182	0	3	Tropinone reductase homolog At2g29300
Q42191	arabidopsis-thaliana	Q42191	OXA1	Q42191	0	8	Mitochondrial inner membrane protein OXA1
Q42202	arabidopsis-thaliana	Q42202	RPL40B	Q42202	104	1493	Ubiquitin-ribosomal protein eL40y fusion protein
Q42262	arabidopsis-thaliana	Q42262	RPS3AB	Q42262	35	727	Small ribosomal subunit protein eS1y
Q42290	arabidopsis-thaliana	Q42290	MPPbeta	Q42290	5	149	Probable mitochondrial-processing peptidase subunit beta, mitochondrial
Q42328	arabidopsis-thaliana	Q42328	ATTI1	Q42328	0	4	Defensin-like protein 195
Q42330	arabidopsis-thaliana	Q42330	ATTI7	Q42330	0	1	Defensin-like protein 192
Q42337	arabidopsis-thaliana	Q42337	S1FA2	Q42337	1	244	DNA-binding protein S1FA2
Q42340	arabidopsis-thaliana	Q42340	RPS16C	Q42340	34	836	Small ribosomal subunit protein uS9x
Q42342	arabidopsis-thaliana	Q42342	CYTB5-E	Q42342	4	30	Cytochrome b5 isoform E
Q42344	arabidopsis-thaliana	Q42344	HMGB4	Q42344	2	87	High mobility group B protein 4
Q42347	arabidopsis-thaliana	Q42347	RPL24A	Q42347	22	534	Large ribosomal subunit protein eL24z
Q42351	arabidopsis-thaliana	Q42351	RPL34A	Q42351	25	551	Large ribosomal subunit protein eL34z
Q42368	zea-mays	Q42368	PPDK2	Q42368	1	9	Pyruvate, phosphate dikinase 2
Q42371	arabidopsis-thaliana	Q42371	ERECTA	Q42371	4	68	LRR receptor-like serine/threonine-protein kinase ERECTA
Q42374	arabidopsis-thaliana	Q42374	KN	Q42374	18	118	Syntaxin-related protein KNOLLE
Q42379	arabidopsis-thaliana	Q42379	MYB7	Q42379	5	10	Transcription factor MYB7
Q42381	arabidopsis-thaliana	Q42381	HLS1	Q42381	0	3	Probable N-acetyltransferase HLS1
Q42384	arabidopsis-thaliana	Q42384	PRL1	Q42384	24	296	Protein pleiotropic regulatory locus 1
Q42396	arabidopsis-thaliana	Q42396	CPK12	Q42396	1	6	Calcium-dependent protein kinase 12
Q42400	arabidopsis-thaliana	Q42400	AAP1	Q42400	0	6	Amino acid permease 1
Q42403	arabidopsis-thaliana	Q42403	TRX3	Q42403	6	68	Thioredoxin H3
Q42404	arabidopsis-thaliana	Q42404	RNU1	Q42404	19	220	U1 small nuclear ribonucleoprotein 70 kDa
Q42406	arabidopsis-thaliana	Q42406	CYP18-4	Q42406	12	140	Peptidyl-prolyl cis-trans isomerase CYP18-4
Q42410	arabidopsis-thaliana	Q42410	ZAT12	Q42410	1	39	Zinc finger protein ZAT12
Q42418	arabidopsis-thaliana	Q42418	PRF2	Q42418	24	98	Profilin-2
Q42420	zea-mays	Q42420	pis7	Q42420	0	18	Protease inhibitor
Q42431	arabidopsis-thaliana	Q42431	OL2	Q42431	0	2	Oleosin 20.3 kDa
Q42438	arabidopsis-thaliana	Q42438	CPK8	Q42438	0	6	Calcium-dependent protein kinase 8
Q42440	arabidopsis-thaliana	Q42440	PAI1	Q42440	1	13	N-(5'-phosphoribosyl)anthranilate isomerase 1, chloroplastic
Q42447	glycine-max	Q42447	MAT1	Q42447	0	2	Maturation protein
Q42449	arabidopsis-thaliana	Q42449	PRF1	Q42449	28	93	Profilin-1
Q42453	arabidopsis-thaliana	Q42453	ZAT7	Q42453	4	78	Zinc finger protein ZAT7
Q42479	arabidopsis-thaliana	Q42479	CPK3	Q42479	1	42	Calcium-dependent protein kinase 3
Q42484	arabidopsis-thaliana	Q42484	RPS2	Q42484	0	16	Disease resistance protein RPS2
Q42485	arabidopsis-thaliana	Q42485	ZFP1	Q42485	0	2	Zinc finger protein 1
Q42510	arabidopsis-thaliana	Q42510	GN	Q42510	19	96	ARF guanine-nucleotide exchange factor GNOM
Q42512	arabidopsis-thaliana	Q42512	COR15A	Q42512	0	1	Protein COLD-REGULATED 15A, chloroplastic
Q42521	arabidopsis-thaliana	Q42521	GAD1	Q42521	0	6	Glutamate decarboxylase 1
Q42522	arabidopsis-thaliana	Q42522	GSA2	Q42522	1	22	Glutamate-1-semialdehyde 2,1-aminomutase 2, chloroplastic
Q42523	arabidopsis-thaliana	Q42523	MCCA	Q42523	4	96	Methylcrotonoyl-CoA carboxylase subunit alpha, mitochondrial
Q42524	arabidopsis-thaliana	Q42524	4CL1	Q42524	0	113	4-coumarate--CoA ligase 1
Q42525	arabidopsis-thaliana	Q42525	HXK1	Q42525	0	20	Hexokinase-1
Q42527	arabidopsis-thaliana	Q42527	PAI2	Q42527	1	12	N-(5'-phosphoribosyl)anthranilate isomerase 2, chloroplastic
Q42529	arabidopsis-thaliana	Q42529	TSA1	Q42529	3	12	Tryptophan synthase alpha chain, chloroplastic
Q42533	arabidopsis-thaliana	Q42533	BCCP1	Q42533	10	124	Biotin carboxyl carrier protein of acetyl-CoA carboxylase 1, chloroplastic
Q42534	arabidopsis-thaliana	Q42534	PME2	Q42534	0	4	Pectinesterase 2
Q42536	arabidopsis-thaliana	Q42536	PORA	Q42536	2	8	Protochlorophyllide reductase A, chloroplastic
Q42538	arabidopsis-thaliana	Q42538	SAT5	Q42538	0	9	Serine acetyltransferase 5
Q42539	arabidopsis-thaliana	Q42539	PIMT1	Q42539	0	1	Protein-L-isoaspartate O-methyltransferase 1
Q42540	arabidopsis-thaliana	Q42540	UBC7	Q42540	11	160	Ubiquitin-conjugating enzyme E2 7
Q42541	arabidopsis-thaliana	Q42541	UBC13	Q42541	14	159	Ubiquitin-conjugating enzyme E2 13
Q42545	arabidopsis-thaliana	Q42545	FTSZ1	Q42545	1	26	Cell division protein FtsZ homolog 1, chloroplastic
Q42546	arabidopsis-thaliana	Q42546	SAL1	Q42546	0	7	3(2),5'-bisphosphate nucleotidase 1
Q42547	arabidopsis-thaliana	Q42547	CAT3	Q42547	2	28	Catalase-3
Q42551	arabidopsis-thaliana	Q42551	SCE1	Q42551	29	307	SUMO-conjugating enzyme SCE1
Q42553	arabidopsis-thaliana	Q42553	IPP2	Q42553	1	16	Isopentenyl-diphosphate Delta-isomerase II, chloroplastic
Q42556	arabidopsis-thaliana	Q42556	AHA9	Q42556	0	2	ATPase 9, plasma membrane-type
Q42560	arabidopsis-thaliana	Q42560	ACO1	Q42560	1	186	Aconitate hydratase 1
Q42561	arabidopsis-thaliana	Q42561	FATA	Q42561	2	15	Oleoyl-acyl carrier protein thioesterase 1, chloroplastic
Q42563	arabidopsis-thaliana	Q42563	APT2	Q42563	2	2	Adenine phosphoribosyltransferase 2
Q42564	arabidopsis-thaliana	Q42564	APX3	Q42564	0	9	L-ascorbate peroxidase 3
Q42565	arabidopsis-thaliana	Q42565	ASB1	Q42565	5	26	Anthranilate synthase beta subunit 1, chloroplastic
Q42566	arabidopsis-thaliana	Q42566	SEH	Q42566	1	2	soluble epoxide hydrolase
Q42569	arabidopsis-thaliana	Q42569	CYP90A1	Q42569	0	2	3beta,22alpha-dihydroxysteroid 3-dehydrogenase
Q42572	arabidopsis-thaliana	Q42572	LIG1	Q42572	3	82	DNA ligase 1
Q42575	arabidopsis-thaliana	Q42575	MYB1	Q42575	0	5	Transcription factor MYB1
Q42577	arabidopsis-thaliana	Q42577	At5g11770	Q42577	15	214	NADH dehydrogenase
Q42578	arabidopsis-thaliana	Q42578	PER53	Q42578	0	5	Peroxidase 53
Q42581	arabidopsis-thaliana	Q42581	PRS1	Q42581	3	60	Ribose-phosphate pyrophosphokinase 1, chloroplastic
Q42583	arabidopsis-thaliana	Q42583	PRS2	Q42583	3	61	Ribose-phosphate pyrophosphokinase 2, chloroplastic
Q42586	arabidopsis-thaliana	Q42586	PYRE-F	Q42586	0	4	Uridine 5'-monophosphate synthase
Q42588	arabidopsis-thaliana	Q42588	SAT1	Q42588	0	4	Serine acetyltransferase 1, chloroplastic
Q42589	arabidopsis-thaliana	Q42589	LTP1	Q42589	3	6	Non-specific lipid-transfer protein 1
Q42592	arabidopsis-thaliana	Q42592	APXS	Q42592	0	3	L-ascorbate peroxidase S, chloroplastic/mitochondrial
Q42593	arabidopsis-thaliana	Q42593	APXT	Q42593	0	6	L-ascorbate peroxidase T, chloroplastic
Q42598	schizosaccharomyces-pombe	Q42598	thrc	Q42598	0	3	Threonine synthase
Q42599	arabidopsis-thaliana	Q42599	At1g79010	Q42599	21	224	NADH dehydrogenase
Q42600	arabidopsis-thaliana	Q42600	CYP84A1	Q42600	1	22	Cytochrome P450 84A1
Q42601	arabidopsis-thaliana	Q42601	CARB	Q42601	1	21	Carbamoyl phosphate synthase arginine-specific large chain, chloroplastic
Q42602	arabidopsis-thaliana	Q42602	CYP89A2	Q42602	0	1	Cytochrome P450 89A2
Q42605	arabidopsis-thaliana	Q42605	UGE1	Q42605	1	3	Bifunctional UDP-glucose 4-epimerase and UDP-xylose 4-epimerase 1
Q42606	arabidopsis-thaliana	Q42606	UPM1	Q42606	0	17	S-adenosyl-L-methionine-dependent uroporphyrinogen III methyltransferase, chloro
Q42777	glycine-max	Q42777	MCCA	Q42777	12	174	Methylcrotonoyl-CoA carboxylase subunit alpha, mitochondrial
Q42783	glycine-max	Q42783	ACCB-1	Q42783	16	306	Biotin carboxyl carrier protein of acetyl-CoA carboxylase, chloroplastic
Q42785	glycine-max	Q42785	HB2	Q42785	7	100	Anaerobic nitrite reductase Hb2
Q42796	glycine-max	Q42796	FBP	Q42796	1	11	Fructose-1,6-bisphosphatase, chloroplastic
Q42797	glycine-max	Q42797	CYP73A11	Q42797	0	26	Trans-cinnamate 4-monooxygenase
Q42798	glycine-max	Q42798	CYP93A1	Q42798	0	4	3,9-dihydroxypterocarpan 6A-monooxygenase
Q42799	glycine-max	Q42799	CYP93A2	Q42799	0	3	Cytochrome P450 93A2
Q42805	glycine-max	Q42805	PUR3	Q42805	0	15	Phosphoribosylglycinamide formyltransferase, chloroplastic
Q42806	glycine-max	Q42806	?	Q42806	2	471	Pyruvate kinase, cytosolic isozyme
Q42808	glycine-max	Q42808	TBP1	Q42808	82	609	TATA-box-binding protein
Q42809	glycine-max	Q42809	LOC547972	Q42809	0	40	GmCK1p
Q42810	glycine-max	Q42810	LOC547866	Q42810	1	40	GmCK2p
Q42971	oryza-sativa-subsp-japonica	Q42971	ENO1	Q42971	4	75	Enolase
Q42972	oryza-sativa-subsp-japonica	Q42972	Os12g0632700	Q42972	0	14	Malate dehydrogenase, glyoxysomal
Q42982	oryza-sativa-subsp-japonica	Q42982	4CL2	Q42982	1	206	4-coumarate--CoA ligase 2
Q42993	oryza-sativa-subsp-japonica	Q42993	Cht1	Q42993	0	1	Chitinase 1
Q42997	oryza-sativa-subsp-japonica	Q42997	Os01g0357100	Q42997	6	31	Ferredoxin--nitrite reductase, chloroplastic
