Q9VY00	fly	FBgn0030598	CG9503	Q9VY00	0	9	CG9503-PA (FI21474p1)	
Q9VY01	fly	FBgn0030597	Eo	Q9VY01	1	8	Ecdysone oxidase (EC 1.1.3.16)	
Q9VY02	fly	FBgn0030596	CG12398	Q9VY02	0	8	Glucose-methanol-choline oxidoreductase N-terminal domain-co	
Q9VY03	fly	FBgn0030595	CG14406	Q9VY03	36	244	Uncharacterized protein, isoform A (Uncharacterized protein,	
Q9VY04	fly	FBgn0030594	fiz	Q9VY04	1	9	Fezzik, isoform A (EC 1.-.-.-, EC 1.1.-.-) (Fezzik, isoform 	
Q9VY05	fly	FBgn0030593	CG9512	Q9VY05	0	9	GH11762p	
Q9VY06	fly	FBgn0030592	CG9514	Q9VY06	0	9	FI04917p	
Q9VY08	fly	FBgn0030590	CG9518	Q9VY08	1	8	FI02019p	
Q9VY09	fly	FBgn0030589	CG9519	Q9VY09	31	252	GH23626p	
Q9VY10	fly	FBgn0030588	CG9521	Q9VY10	21	252	Glucose-methanol-choline oxidoreductase N-terminal domain-co	
Q9VY11	fly	FBgn0030587	CG9522	Q9VY11	32	254	RE36204p	
Q9VY14	fly	FBgn0030583	CG14410	Q9VY14	3	27	Uncharacterized protein	
Q9VY15	fly	FBgn0030582	CG14411	Q9VY15	113	885	FI17948p1	
Q9VY18	fly	FBgn0015010	Ag5r	Q9VY18	46	248	Antigen 5-related, isoform A (Antigen 5-related, isoform B) 	
Q9VY19	fly	FBgn0020508	Ag5r2	Q9VY19	52	249	Antigen 5-related 2 (LP10960p)	
Q9VY20	fly	FBgn0030578	CG5347	Q9VY20	0	4	RING-type E3 ubiquitin transferase (EC 2.3.2.27)	
Q9VY21	fly	FBgn0030577	CG5334	Q9VY21	0	8	RING-type E3 ubiquitin transferase (EC 2.3.2.27)	
Q9VY22	fly	FBgn0030576	CG15890	Q9VY22	0	2	FI18259p1	
Q9VY24	fly	FBgn0030575	CG5321	Q9VY24	2	9	Uncharacterized protein, isoform B (Uncharacterized protein,	
Q9VY27	fly	FBgn0030573	nmdyn-D6	Q9VY27	5	191	Nucleoside diphosphate kinase (EC 2.7.4.6)	
Q9VY27_DROME	fly	FBgn0030573	nmdyn-D6	Q9VY27	5	191		
Q9VY28	fly	FBgn0030572	mRpS25	Q9VY28	8	163	Small ribosomal subunit protein mS25 (28S ribosomal protein 	
Q9VY30	fly	FBgn0030570	CG12540	Q9VY30	29	247	GEO12540p1 (RE49992p)	
Q9VY31	fly	FBgn0030569	CG9411	Q9VY31	56	246	LD45449p	
Q9VY33	fly	FBgn0052600	dpr8	Q9VY33	6	13	Defective proboscis extension response 8, isoform A (Defecti	
Q9VY34	fly	FBgn0030566	betaNACtes4	Q9VY34	10	45	Transcription factor BTF3	
Q9VY38	fly	FBgn0030563	betaNACtes2	Q9VY38	9	44	Transcription factor BTF3	
Q9VY39	fly	FBgn0030562	CG9400	Q9VY39	28	244	SCP domain-containing protein	
Q9VY41	fly	FBgn0030559	CG13404	Q9VY41	0	7	Plasminogen receptor (KT)	
Q9VY42	fly	FBgn0030558	Tat	Q9VY42	3	46	Tyrosine aminotransferase (TAT) (EC 2.6.1.5)	
Q9VY44	fly	FBgn0030556	mRNA-cap	Q9VY44	44	959	mRNA-capping enzyme [Includes: mRNA 5'-triphosphate monophos	
Q9VY45	fly	FBgn0030554	Dus2	Q9VY45	0	6	GH10289p	
Q9VY46	fly	FBgn0030555	Fbxl4	Q9VY46	10	41	F box and leucine-rich-repeat gene 4 (GH11272p)	
Q9VY46_DROME	fly	FBgn0030555	Fbxl4	Q9VY46	10	41		
Q9VY47	fly	FBgn0259166	CG42271	Q9VY47	1	3	phosphatidylinositol-3,4-bisphosphate 4-phosphatase (EC 3.1.	
Q9VY48	fly	FBgn0030552	mRpL38	Q9VY48	15	118	Large ribosomal subunit protein mL38 (39S ribosomal protein 	
Q9VY48_DROME	fly	FBgn0030552	mRpL38	Q9VY48	15	118		
Q9VY49	fly	FBgn0030551	CG11674	Q9VY49	0	6	LD24340p	
Q9VY54	fly	FBgn0026713	Prp16	Q9VY54	7	90	RNA helicase (EC 3.6.4.13)	
Q9VY55	fly	FBgn0030545	CG11590	Q9VY55	2	8	FI09726p	
Q9VY57	fly	FBgn0030544	CG13403	Q9VY57	14	243	Uncharacterized protein, isoform A	
Q9VY58	fly	FBgn0030543	CG11585	Q9VY58	17	244	IP09321p	
Q9VY59	fly	FBgn0030542	CG12481	Q9VY59	20	243	GEO07193p1 (LP14856p)	
Q9VY61	fly	FBgn0030540	CG11581	Q9VY61	24	285	Uncharacterized protein, isoform A (Uncharacterized protein,	
Q9VY62	fly	FBgn0030539	CG1368	Q9VY62	8	261	Cuticle protein 16.5	
Q9VY63	fly	FBgn0030538	betaNACtes1	Q9VY63	12	48	Transcription factor BTF3	
Q9VY64	fly	FBgn0030537	CG12480	Q9VY64	0	3	Uncharacterized protein, isoform A	
Q9VY65	fly	FBgn0040871	Mic10a	Q9VY65	1	15	MICOS complex subunit MIC10	
Q9VY65_DROME	fly	FBgn0040871	Mic10a	Q9VY65	1	15		
Q9VY68	fly	FBgn0030536	CG11068	Q9VY68	0	1	AT20767p	
Q9VY72	fly	FBgn0267033	mamo	Q9VY72	14	73	Maternal gene required for meiosis, isoform H (Maternal gene	
Q9VY77	fly	FBgn0030530	jub	Q9VY77	75	387	LIM domain-containing protein jub	
Q9VY78	fly	FBgn0030529	Clic	Q9VY78	21	163	Chloride intracellular channel Clic	
Q9VY79	fly	FBgn0030528	CG11095	Q9VY79	1	17	LP09908p	
Q9VY79_DROME	fly	FBgn0030528	CG11095	Q9VY79	1	17		
Q9VY83	fly	FBgn0030525	Galml2	Q9VY83	4	56	Galactose mutarotase (Aldose 1-epimerase)	
Q9VY84	fly	FBgn0030524	CG10993	Q9VY84	1	8	Activator of basal transcription 1	
Q9VY86	fly	FBgn0030522	amrt	Q9VY86	0	2	amaretto	
Q9VY87	fly	FBgn0030521	CtsB	Q9VY87	37	434	Cathepsin B1, isoform A (Cathepsin B1, isoform C (EC 3.4.-.-	
Q9VY91	fly	FBgn0030520	Pdcd4	Q9VY91	2	20	LD21074p (Programmed cell death 4, isoform A) (Programmed ce	
Q9VY92	fly	FBgn0030519	CG11151	Q9VY92	2	6	GEO07753p1 (RE42326p)	
Q9VY93	fly	FBgn0030518	CG11134	Q9VY93	1	45	Probable methylthioribulose-1-phosphate dehydratase (MTRu-1-	
Q9VY97	fly	FBgn0002878	mus101	Q9VY97	5	58	Mutagen-sensitive 101	
Q9VY98	fly	FBgn0030514	Mgrn1	Q9VY98	4	21	RING-type E3 ubiquitin transferase (EC 2.3.2.27)	
Q9VY99	fly	FBgn0265726	Nna1	X2JBR4	0	3		
Q9VYA0	fly	FBgn0030512	Nadsyn	Q9VYA0	1	9	Glutamine-dependent NAD(+) synthetase (EC 6.3.5.1) (NAD(+) s	
Q9VYA1	fly	FBgn0030510	CG12177	Q9VYA1	0	6	RE18811p	
Q9VYA2	fly	FBgn0030509	CG11162	Q9VYA2	2	46	Fatty acid hydroxylase domain-containing protein	
Q9VYA4	fly	FBgn0030507	CG11164	Q9VYA4	26	115	Ribonuclease H2 subunit B (Ribonuclease HI subunit B)	
Q9VYA5	fly	FBgn0030506	DNAlig4	Q9VYA5	7	43	DNA ligase 4 (EC 6.5.1.1) (DNA ligase IV) (Polydeoxyribonucl	
Q9VYA7	fly	FBgn0030504	CG2691	Q9VYA7	17	104	RRP12-like protein	
Q9VYA8	fly	FBgn0030503	Tango2	M9NDW0	1	28		
Q9VYA9	fly	FBgn0030502	tth	Q9VYA9	2	40	SD08423p (Toothrin, isoform B) (Toothrin, isoform C)	
Q9VYB0	fly	FBgn0030501	BthD	Q9VYB0	34	284	Selenoprotein BthD (dSelM)	
Q9VYB1	fly	FBgn0030500	Ndc80	Q9VYB1	15	47	Kinetochore protein NDC80	
Q9VYB2	fly	FBgn0030499	CG11178	Q9VYB2	2	19	LD19061p	
Q9VYB7	fly	FBgn0086674	Tpst	M9PHI3	569	2391		
Q9VYB9	fly	FBgn0052631	CG32631	Q9VYB9	29	258	LP02557p	
Q9VYC1	fly	FBgn0030494	Cpr12A	Q9VYC1	23	250	Cuticular protein 12A (LP12385p)	
Q9VYC2	fly	FBgn0030493	CG15756	Q9VYC2	36	252	Uncharacterized protein	
Q9VYC3	fly	FBgn0030492	CG15754	Q9VYC3	32	246	Uncharacterized protein	
Q9VYC9	fly	FBgn0085353	CG34324	Q9VYC9	30	267	FI16963p1	
Q9VYD1	fly	FBgn0030486	Set2	Q9VYD1	1	10	SET domain containing 2	
Q9VYD2	fly	FBgn0030485	CG1998	Q9VYD2	2	18	RE26969p	
Q9VYD4	fly	FBgn0030483	CG12725	Q9VYD4	2	15	GEO12007p1 (IP04025p) (IP04325p)	
Q9VYD5	fly	FBgn0030482	Bcat	Q9VYD5	1	53	Branched-chain-amino-acid aminotransferase (EC 2.6.1.42)	
Q9VYD6	fly	FBgn0030481	CG1662	Q9VYD6	0	2	Mpv17-like protein 2	
Q9VYD7	fly	FBgn0030480	Tim9a	Q9VYD7	9	49	Mitochondrial import inner membrane translocase subunit Tim9	
Q9VYD9	fly	FBgn0030478	Alat	Q9VYD9	5	64	alanine transaminase (EC 2.6.1.2)	
Q9VYD9_DROME	fly	FBgn0030478	Alat	Q9VYD9	5	64		
Q9VYE0	fly	FBgn0030477	dmrt11E	Q9VYE0	71	379	Doublesex-Mab related 11E	
Q9VYE1	fly	FBgn0261085	Syt12	Q9VYE1	0	18	FI18604p1 (Synaptotagmin 12, isoform A) (Synaptotagmin 12, i	
Q9VYE3	fly	FBgn0030474	CG15747	Q9VYE3	0	8	FI21110p1	
Q9VYE9	fly	FBgn0030468	CG1622	Q9VYE9	1	15	Pre-mRNA-splicing factor 38	
Q9VYF0	fly	FBgn0030467	CG1764	Q9VYF0	0	9	GM09012p	
Q9VYF2	fly	FBgn0030465	Bpnt2	Q9VYF2	0	7	Putative inositol monophosphatase 3 (IMP 3) (IMPase 3) (EC 3	
Q9VYF5	fly	FBgn0030462	CG15742	Q9VYF5	2	28	Uncharacterized protein, isoform A	
Q9VYF8	fly	FBgn0030460	Coq5	Q9VYF8	2	15	2-methoxy-6-polyprenyl-1,4-benzoquinol methylase, mitochondr	
Q9VYG1	fly	FBgn0030457	CG12096	Q9VYG1	5	43	26S proteasome non-ATPase regulatory subunit 5 (26S proteaso	
Q9VYG2	fly	FBgn0025463	Bap60	Q9VYG2	87	591	Brahma-associated protein of 60 kDa (BRM-associated protein 	
Q9VYG3	fly	FBgn0030456	CG4332	Q9VYG3	16	58	Lipid scramblase CLPTM1L (Cisplatin resistance-related prote	
Q9VYG4	fly	FBgn0030455	CG4318	Q9VYG4	54	388	IP01435p	
Q9VYG5	fly	FBgn0052645	CG32645	Q9VYG5	0	9	FI21449p1	
Q9VYG7	fly	FBgn0030452	MFS10	Q9VYG7	0	4	FI19708p1 (Major facilitator superfamily transporter 10, iso	
Q9VYG8	fly	FBgn0030451	CG15717	Q9VYG8	3	37	CG15717-PA (RE15818p) (RE20610p)	
Q9VYG9	fly	FBgn0250862	CG42237	Q9VYG9	54	309	Uncharacterized protein, isoform A (EC 3.1.1.4)	
Q9VYH1	fly	FBgn0030449	Fer3HCH	Q9VYH1	2	22	Ferritin (EC 1.16.3.1)	
Q9VYH2	fly	FBgn0263005	Chpf	Q9VYH2	279	2380	Hexosyltransferase (EC 2.4.1.-)	
Q9VYH3	fly	FBgn0030447	CG2200	Q9VYH3	0	11	Probable alpha-aspartyl dipeptidase (EC 3.4.13.21) (Asp-spec	
Q9VYH4	fly	FBgn0030443	CG12715	Q9VYH4	0	1	Glycosyltransferase family 92 protein (EC 2.4.1.-)	
Q9VYH6	fly	FBgn0030440	CG15719	Q9VYH6	3	42	GEO02534p1	
Q9VYH7	fly	FBgn0030439	CG12716	Q9VYH7	30	244	MIP13722p	
Q9VYH8	fly	FBgn0030438	CG15721	Q9VYH8	33	244	Kazal-like domain-containing protein	
Q9VYH9	fly	FBgn0030437	hec	Q9VYH9	0	13	Hector, isoform A (Hector, isoform B)	
Q9VYI0	fly	FBgn0086675	fne	Q9VYI0	2	19	Found in neurons, isoform A (Found in neurons, isoform B) (F	
Q9VYI1	fly	FBgn0030435	CG4645	Q9VYI1	3	11	Protein YIPF	
Q9VYI2	fly	FBgn0030434	Brms1	Q9VYI2	6	46	BRMS1 transcriptional repressor (LD14895p)	
Q9VYI3	fly	FBgn0030433	mRpL49	Q9VYI3	6	201	Large ribosomal subunit protein mL49 (39S ribosomal protein 	
Q9VYI4	fly	FBgn0030432	CG4404	Q9VYI4	59	371	FI04833p	
Q9VYI5	fly	FBgn0030431	Flad1	Q9VYI5	5	34	FAD synthase (EC 2.7.7.2) (FAD pyrophosphorylase) (FMN adeny	
Q9VYI6	fly	FBgn0052649	Coq8	Q9VYI6	84	1111	Coenzyme Q8 (LD23884p)	
Q9VYI6_DROME	fly	FBgn0052649	Coq8	Q9VYI6	84	1111		
Q9VYI7	fly	FBgn0052650	CG32650	Q9VYI7	0	3	Uncharacterized protein	
Q9VYI8	fly	FBgn0030429	CG4661	Q9VYI8	0	1	Uncharacterized protein	
Q9VYJ0	fly	FBgn0259171	Pde9	Q9VYJ0	3	62	Phosphodiesterase (EC 3.1.4.-)	
Q9VYJ1	fly	FBgn0030425	Nep6	Q9VYJ1	147	2601	FI12805p (Neprilysin 6, isoform A (EC 3.4.24.-)) (Neprilysin	
Q9VYJ3	fly	FBgn0052647	CG32647	Q9VYJ3	1	15	MIP32831p1 (RH40632p)	
Q9VYJ4	fly	FBgn0030421	Agpat1	Q9VYJ4	2	18	1-acyl-sn-glycerol-3-phosphate acyltransferase (EC 2.3.1.51)	
Q9VYJ5	fly	FBgn0030420	pira	Q9VYJ5	6	27	FI06413p	
Q9VYJ6	fly	FBgn0030418	CG4004	Q9VYJ6	3	7		
Q9VYJ8	fly	FBgn0030417	CG15725	Q9VYJ8	0	15	Uncharacterized protein	
Q9VYK6	fly	FBgn0030412	Tomosyn	Q9VYK6	60	481	Tomosyn, isoform C (Tomosyn, isoform F) (Tomosyn, isoform I)	
Q9VYK7	fly	FBgn0030411	CG2540	Q9VYK7	4	98	Gamma-glutamylcyclotransferase (EC 4.3.2.7)	
Q9VYK8	fly	FBgn0030410	Aven	Q9VYK8	2	5	Apoptosis and caspase activation inhibitor, isoform A (Apopt	
Q9VYK9	fly	FBgn0030409	CG15728	Q9VYK9	5	18	LP16520p (MIP21929p)	
Q9VYL0	fly	FBgn0030408	CG11085	Q9VYL0	73	384	IP01054p	
Q9VYL1	fly	FBgn0030407	Fpgs1	Q9VYL1	0	10	Folylpolyglutamate synthase (EC 6.3.2.17) (Folylpoly-gamma-g	
Q9VYL5	fly	FBgn0030403	CG1824	Q9VYL5	3	16	GH19726p	
Q9VYL5_DROME	fly	FBgn0030403	CG1824	Q9VYL5	3	16		
Q9VYM0	fly	FBgn0030398	Cpr11B	Q9VYM0	9	254	CG2555-PA (Cuticular protein 11B, isoform A) (GH23965p)	
Q9VYM2	fly	FBgn0030396	mdu	Q9VYM2	0	2	RE14150p	
Q9VYM3	fly	FBgn0030395	Mks1	Q9VYM3	3	11	Tectonic-like complex member Mks1 (Meckel syndrome type 1 pr	
Q9VYM5	fly	FBgn0030394	Cpr11A	Q9VYM5	18	259	Cuticular protein 11A (RE57452p)	
Q9VYM7	fly	FBgn0259143	CG42258	Q9VYM7	0	0	Uncharacterized protein, isoform C	
Q9VYM9	fly	FBgn0030390	CG15731	Q9VYM9	10	243	DUF4766 domain-containing protein	
Q9VYN0	fly	FBgn0030389	CG15927	Q9VYN0	36	244	RH45522p	
Q9VYN3	fly	FBgn0030386	CG2574	Q9VYN3	9	41	E2 ubiquitin-conjugating enzyme (EC 2.3.2.23)	
Q9VYN4	fly	FBgn0030385	Ir11a	Q9VYN4	0	3	Ionotropic receptor 11a	
Q9VYN5	fly	FBgn0030384	CG2577	Q9VYN5	147	1104	non-specific serine/threonine protein kinase (EC 2.7.11.1)	
Q9VYP5	fly	FBgn0030376	CG2750	Q9VYP5	0	0	Uncharacterized protein, isoform B	
Q9VYP6	fly	FBgn0030375	CG11356	Q9VYP6	0	6	Uncharacterized protein	
Q9VYP9	fly	FBgn0030374	CG15734	Q9VYP9	0	3	IP05761p (IP05961p)	
Q9VYQ0	fly	FBgn0030373	moon	Q9VYQ0	3	18	Moonshiner	
Q9VYQ3	fly	FBgn0030370	Uch-L5R	Q9VYQ3	6	41	Ubiquitin carboxyl-terminal hydrolase (EC 3.4.19.12)	
Q9VYQ5	fly	FBgn0030369	Cyp318a1	Q9VYQ5	1	5	Probable cytochrome P450 318a1 (EC 1.14.-.-) (CYPCCCXVIIIA1)	
Q9VYQ7	fly	FBgn0030367	Cyp311a1	Q9VYQ7	0	1	Probable cytochrome P450 311a1 (EC 1.14.-.-) (CYPCCCXIA1)	
Q9VYQ8	fly	FBgn0030366	Usp7	Q9VYQ8	17	82	Ubiquitin carboxyl-terminal hydrolase 7 (EC 3.4.19.12) (Ubiq	
Q9VYQ9	fly	FBgn0030365	Tango4	Q9VYQ9	19	162	LD24662p (Transport and golgi organization 4)	
Q9VYR0	fly	FBgn0030364	Lsm12a	Q9VYR0	2	13	LSM12 homolog A	
Q9VYR2	fly	FBgn0030361	CG1492	Q9VYR2	2	82	RE13973p	
Q9VYR3	fly	FBgn0030360	CG1806	Q9VYR3	2	19	LP03706p	
Q9VYR4	fly	FBgn0001083	fw	Q9VYR4	2	20	Furrowed, isoform A (Furrowed, isoform C) (RE10878p)	
Q9VYR5	fly	FBgn0030359	CG18130	Q9VYR5	0	14	FI06001p	
Q9VYR9	fly	FBgn0030358	Pdzd8	Q9VYR9	1	9	LD34222p	
Q9VYS2	fly	FBgn0250871	pot	Q9VYS2	1	5	GH09980p (Papillote protein) (Papillote, isoform A) (Papillo	
Q9VYS3	fly	FBgn0030354	Upf1	Q9VYS3	12	161	Regulator of nonsense transcripts 1 homolog (EC 3.6.4.12) (E	
Q9VYS4	fly	FBgn0260780	wisp	Q9VYS4	7	44	Poly(A) RNA polymerase gld-2 homolog B (EC 2.7.7.19) (Protei	
Q9VYS5	fly	FBgn0030352	sicily	Q9VYS5	11	58	NADH dehydrogenase (ubiquinone) complex I, assembly factor 6	
Q9VYS6	fly	FBgn0030351	CG1840	Q9VYS6	1	11	LD12750p	
Q9VYT0	fly	FBgn0030347	CG15739	Q9VYT0	2	7	RE04130p	
Q9VYT1	fly	FBgn0030346	BORCS5	Q9VYT1	12	40	BLOC-1-related complex subunit 5	
Q9VYT2	fly	FBgn0030345	CG1847	Q9VYT2	2	7		
Q9VYT3	fly	FBgn0030344	Nrd1	Q9VYT3	7	161	FI23714p1 (Nardilysin (EC 3.4.24.-))	
Q9VYT4	fly	FBgn0030343	ATP7	Q9VYT4	0	18	P-type Cu(+) transporter (EC 7.2.2.8)	
Q9VYT5	fly	FBgn0030342	CG10347	Q9VYT5	0	6	NudC domain-containing protein 1	
Q9VYT6	fly	FBgn0030341	p24-1	Q9VYT6	234	2511	RE49489p (p24-related-1, isoform A) (p24-related-1, isoform 	
Q9VYT7	fly	FBgn0030340	CG15740	Q9VYT7	43	240	Uncharacterized protein	
Q9VYT8	fly	FBgn0030339	Cyp28c1	Q9VYT8	0	5	Probable cytochrome P450 28c1 (EC 1.14.-.-) (CYPXXVIIIC1)	
Q9VYT9	fly	FBgn0030338	CG15741	Q9VYT9	32	246	Uncharacterized protein	
Q9VYU5	fly	FBgn0030334	Karl	Q9VYU5	0	3	Karl, isoform A (Karl, isoform B) (Karl, isoform C) (Karl, i	
Q9VYU7	fly	FBgn0004511	dy	Q9VYU7	0	4	Dusky (LP20007p)	
Q9VYU8	fly	FBgn0002577	m	Q9VYU8	0	7	Miniature (RE53556p)	
Q9VYU9	fly	FBgn0030332	CG9360	Q9VYU9	0	6	RH17287p	
Q9VYV0	fly	FBgn0030331	CG15221	Q9VYV0	0	1	Major facilitator superfamily (MFS) profile domain-containin	
Q9VYV3	fly	FBgn0030329	prtp	Q9VYV3	7	167	Thioredoxin domain-containing protein 5 homolog (Protein pre	
Q9VYV4	fly	FBgn0030328	Amun	Q9VYV4	2	39	Amun, isoform A (Amun, isoform B) (Amun, isoform E) (Amun, i	
Q9VYV5	fly	FBgn0030327	Fut6	Q9VYV5	104	2395	Alpha-(1,6)-fucosyltransferase (Alpha1-6FucT) (EC 2.4.1.68) 	
Q9VYV6	fly	FBgn0030326	CG2444	Q9VYV6	11	258	GEO09033p1 (LP01642p)	
Q9VYV9	fly	FBgn0030323	Vlet	Q9VYV9	9	103	LD41421p (Valette, isoform B)	
Q9VYW2	fly	FBgn0002723	Met	Q9VYW2	62	383	FI10506p (Methoprene-tolerant, isoform A) (Methoprene-tolera	
Q9VYW3	fly	FBgn0288833	RPA3	Q9VYW3	4	102	Replication protein A3	
Q9VYW4	fly	FBgn0030321	CG1703	Q9VYW4	5	116	LD04461p	
Q9VYW5	fly	FBgn0030320	CG2247	Q9VYW5	3	46	LD23158p	
Q9VYW6	fly	FBgn0030318	rho-4	Q9VYW6	0	16	Rhomboid-4 (EC 3.4.21.-) (Rhomboid-4, isoform B) (SD06923p)	
Q9VYW7	fly	FBgn0030319	CG2533	Q9VYW7	0	2	Uncharacterized protein	
Q9VYX0	fly	FBgn0030316	CG11695	Q9VYX0	49	372	GH18834p	
Q9VYX1	fly	FBgn0000618	e(y)2	Q9VYX1	36	470	Enhancer of yellow 2 transcription factor	
Q9VYX2	fly	FBgn0030314	CG11696	Q9VYX2	66	364	LD18373p	
Q9VYX3	fly	FBgn0030313	Reepl1	Q9VYX3	1	4	Receptor expression-enhancing protein	
Q9VYX4	fly	FBgn0027259	Kmn1	Q9VYX4	6	11	CG1558-RA protein (Kinetochore Mis12-Ndc80 network component	
Q9VYX5	fly	FBgn0030311	CG11699	Q9VYX5	1	5	Transmembrane protein 242	
Q9VYX7	fly	FBgn0030310	PGRP-SA	Q9VYX7	28	263	Peptidoglycan-recognition protein SA (EC 3.4.17.13) (Protein	
Q9VYX8	fly	FBgn0030309	CG1572	Q9VYX8	1	15	LD04844p	
Q9VYY2	fly	FBgn0030306	Spase25	Q9VYY2	4	36	Signal peptidase complex subunit 2 (Microsomal signal peptid	
Q9VYY3	fly	FBgn0030305	Uba5	Q9VYY3	6	85	Ubiquitin-like modifier-activating enzyme 5 (Ubiquitin-activ	
Q9VYY4	fly	FBgn0030304	Cyp4g15	Q9VYY4	1	7	Cytochrome P450 4g15 (EC 1.14.-.-) (CYPIVG15)	
Q9VYY5	fly	FBgn0262685	CG43155	Q9VYY5	7	10	Potassium channel domain-containing protein	
Q9VYY7	fly	FBgn0030301	HP5	Q9VYY7	13	50	Heterochromatin protein 5, isoform B	
Q9VYY8	fly	FBgn0030300	Sk1	Q9VYY8	5	74	sphingosine kinase (EC 2.7.1.91)	
Q9VYY9	fly	FBgn0262740	Evi5	Q9VYY9	5	8	Ecotropic viral integration site 5 ortholog	
Q9VYZ1	fly	FBgn0030298	Or10a	Q9VYZ1	0	1	Odorant receptor 10a	
Q9VYZ2	fly	FBgn0030297	Gr10b	Q9VYZ2	1	1	Putative gustatory receptor 10b	
Q9VYZ3	fly	FBgn0030296	CG15196	Q9VYZ3	1	1	Uncharacterized protein, isoform B	
Q9VYZ8	fly	FBgn0287454	Pa1	Q9VYZ8	6	28	GEO08286p1 (PTIP associated 1) (RE09126p) (RH21749p)	
