RGC-32	human	Q9H4X1	RGCC	Q9H4X1	17	118	Regulator of cell cycle RGCC (Response gene to complement 32	w
RGC1	human	P98171	ARHGAP4	P98171	34	198		
RGC1	yeast	Q06108	RGC1	Q06108	6	84	Regulator of the glycerol channel 1	
RGC32	human	Q9H4X1	RGCC	Q9H4X1	17	118		
RGCC	human	Q9H4X1	RGCC	Q9H4X1	17	118	Regulator of cell cycle RGCC (Response gene to complement 32	
RGCC	mus-musculus	Q9DBX1	Rgcc	Q9DBX1	0	2	Regulator of cell cycle RGCC	
RGCC	rattus-norvegicus	Q9Z2P4	Rgcc	Q9Z2P4	0	1	Regulator of cell cycle RGCC	
RGCC	zebrafish	A0A8M1N018	rgcc	A0A8M1N018	0	3	Regulator of cell cycle RGCC	w
RGCC	zebrafish	A0A8M1N018	rgcc	A0A8M1N018	0	3	Regulator of cell cycle RGCC	w
RGCC_HUMAN	human	Q9H4X1	RGCC	Q9H4X1	17	118		
