RPS-0	worm	P46769	rps-0	P46769	21	317	Small ribosomal subunit protein uS2	
RPS-10	worm	O01869	rps-10	O01869	7	222	Plectin/eS10 N-terminal domain-containing protein	
RPS-11	worm	Q20206	rps-11	Q20206	5	351	Small ribosomal subunit protein uS17	
RPS-12	worm	P49196	rps-12	P49196	19	249	Small ribosomal subunit protein eS12	
RPS-13	worm	P51404	rps-13	P51404	26	354	Small ribosomal subunit protein uS15	
RPS-14	worm	P48150	rps-14	P48150	14	326	Small ribosomal subunit protein uS11	
RPS-15	worm	Q9XVP0	rps-15	Q9XVP0	9	289	Small ribosomal subunit protein uS19	
RPS-15A	worm	O17218	rps-15a	O17218	13	313	Ribosomal Protein, Small subunit	
RPS-16	worm	Q22054	rps-16	Q22054	17	316	Small ribosomal subunit protein uS9	
RPS-17	worm	O01692	rps-17	O01692	29	241	Small ribosomal subunit protein eS17	
RPS-18	worm	O18240	rps-18	O18240	19	310	Small ribosomal subunit protein uS13	
RPS-19	worm	O18650	rps-19	O18650	15	263	Small ribosomal subunit protein eS19	
RPS-2	worm	P51403	rps-2	P51403	12	319	Small ribosomal subunit protein uS5	
RPS-20	worm	Q8WQA8	rps-20	Q8WQA8	18	300	Small ribosomal subunit protein uS10	
RPS-21	worm	P49197	rps-21	P49197	7	218	Small ribosomal subunit protein eS21	
RPS-23	brugia-malayi	P90707	rps-23	P90707	6	212	Small ribosomal subunit protein uS12	
RPS-23	worm	Q19877	rps-23	Q19877	10	279	Small ribosomal subunit protein uS12	
RPS-24	worm	Q1XFY9	rps-24	Q1XFY9	12	237	Small ribosomal subunit protein eS24	
RPS-25	worm	P52821	rps-25	P52821	12	192	Small ribosomal subunit protein eS25	
RPS-26	worm	O45499	rps-26	O45499	5	199	Small ribosomal subunit protein eS26	
RPS-27	worm	Q9TXP0	rps-27	Q9TXP0	10	280	Small ribosomal subunit protein eS27	
RPS-27A	worm	P37165	rps-27A	P37165	15	261	Ubiquitin-like protein 1-ribosomal protein eS31 fusion prote	
RPS-28	worm	Q95Y04	rps-28	Q95Y04	6	254	Small ribosomal subunit protein eS28	
RPS-29	worm	P90983	rps-29	P90983	8	300	Small ribosomal subunit protein uS14	
RPS-3	worm	P48152	rps-3	P48152	6	298	Small ribosomal subunit protein uS3	
RPS-3A	worm	P48154	rps-3A	P48154	15	258	Small ribosomal subunit protein eS1	
RPS-4	worm	Q9N3X2	rps-4	Q9N3X2	7	243	Small ribosomal subunit protein eS4	
RPS-5	worm	P49041	rps-5	P49041	19	334	Small ribosomal subunit protein uS7	
RPS-6	worm	Q9NEN6	rps-6	Q9NEN6	22	273	Small ribosomal subunit protein eS6	
RPS-7	worm	Q23312	rps-7	Q23312	14	320	Small ribosomal subunit protein eS7	
RPS-8	worm	P48156	rps-8	P48156	17	271	Small ribosomal subunit protein eS8	
RPS-9	worm	Q20228	rps-9	Q20228	10	318	Small ribosomal subunit protein uS4	
RPS0	ajellomyces-capsulatus	C0NKW7	RPS0	C0NKW7	23	316	Small ribosomal subunit protein uS2	
RPS0	candida-albicans-237561	O42817	RPS0	O42817	15	237	Small ribosomal subunit protein uS2	
RPS0	cladophialophora-carrionii	A0A1C1CEL7	RPS0	A0A1C1CEL7	19	368	Small ribosomal subunit protein uS2	
RPS0	fonsecaea-pedrosoi-cbs-271-37	A0A0D2GSI6	RPS0	A0A0D2GSI6	16	269	Small ribosomal subunit protein uS2	
RPS0	madurella-mycetomatis	A0A175VMU3	RPS0	A0A175VMU3	25	369	Small ribosomal subunit protein uS2	
RPS0	paracoccidioides-lutzii	C1GUB6	RPS0	C1GUB6	23	281	Small ribosomal subunit protein uS2	
RPS0	sporothrix-schenckii	U7PWE3	RPS0	U7PWE3	29	438	Small ribosomal subunit protein uS2	
RPS001	schizosaccharomyces-pombe	Q9Y7L8	rps001	Q9Y7L8	16	256	Small ribosomal subunit protein uS2A	
RPS002	schizosaccharomyces-pombe	Q9P546	rps002	Q9P546	17	249	Small ribosomal subunit protein uS2B	
RPS0A	yeast	P32905	RPS0A	P32905	32	796	Small ribosomal subunit protein uS2A	
RPS0B	yeast	P46654	RPS0B	P46654	21	356	Small ribosomal subunit protein uS2B	
RPS1	ajellomyces-capsulatus	C0P0F6	RPS1	C0P0F6	17	285	Small ribosomal subunit protein eS1	
RPS1	arabidopsis-thaliana	Q93VC7	RPS1	Q93VC7	5	435	Small ribosomal subunit protein bS1c	
RPS1	cladophialophora-carrionii	A0A1C1D257	rps1	A0A1C1D257	15	311	Small ribosomal subunit protein eS1	
RPS1	fonsecaea-pedrosoi-cbs-271-37	A0A0D2GST6	RPS1	A0A0D2GST6	10	287	Small ribosomal subunit protein eS1	
RPS1	madurella-mycetomatis	A0A175WDK0	RPS1	A0A175WDK0	15	318	Small ribosomal subunit protein eS1	
RPS1	paracoccidioides-lutzii	C1HDW2	RPS1	C1HDW2	12	271	Small ribosomal subunit protein eS1	
RPS1	sporothrix-schenckii	U7Q552	RPS1	U7Q552	18	336	Small ribosomal subunit protein eS1	
RPS10	arabidopsis-thaliana	P42797	RPS10	P42797	9	81	Small ribosomal subunit protein uS10m	
RPS10	arabidopsis-thaliana	Q9LK61	RPS10	Q9LK61	34	925	Small ribosomal subunit protein uS10c	
RPS10	candida-albicans-237561	A0A1D8PI15	RPS10	A0A1D8PI15	3	202	Small ribosomal subunit protein eS10	
RPS10	dictyostelium-discoideum	O77082	rps10	O77082	5	203	Small ribosomal subunit protein eS10	
RPS10	glycine-max	M1FPG3	rps10	M1FPG3	30	236	Ribosomal protein S10	
RPS10	human	P46783	RPS10	P46783	46	789	Small ribosomal subunit protein eS10 (40S ribosomal protein 	
RPS10	methanocaldococcus-jannaschii	P54029	rps10	P54029	3	85	Small ribosomal subunit protein uS10	
RPS10	mus-musculus	P63325	Rps10	P63325	12	286	Small ribosomal subunit protein eS10	
RPS10	oryza-sativa-subsp-japonica	Q9LRH5	rps10	Q9LRH5	11	134	Mitochondrial ribosomal protein S10	
RPS10	rattus-norvegicus	A0A0H2UI18	Rps10	A0A0H2UI18	15	346	Small ribosomal subunit protein eS10	
RPS10	rattus-norvegicus	D3ZCN9	Rps10	D3ZCN9	23	357	Small ribosomal subunit protein eS10	
RPS10	rattus-norvegicus	P63326	Rps10	P63326	13	363	Small ribosomal subunit protein eS10	
RPS10	zebrafish	Q7T1J9	rps10	Q7T1J9	19	379	Ribosomal protein S10	
RPS10-2	oryza-sativa-subsp-japonica	P0DKK9	RPS10-2	P0DKK9	12	679	Small ribosomal subunit protein eS10y	
RPS10-NUDT3	human	A0A1W2PQS6	RPS10-NUDT3	A0A1W2PQS6	46	343	Small ribosomal subunit protein eS10	
RPS1001	schizosaccharomyces-pombe	O14112	rps1001	O14112	6	202	Small ribosomal subunit protein eS10A	
RPS1002	schizosaccharomyces-pombe	O13614	rps1002	O13614	10	213	Small ribosomal subunit protein eS10B	
RPS101	schizosaccharomyces-pombe	Q09781	rps101	Q09781	14	272	Small ribosomal subunit protein eS1A	
RPS102	schizosaccharomyces-pombe	O94438	rps102	O94438	15	272	Small ribosomal subunit protein eS1B	
RPS10A	arabidopsis-thaliana	Q9SW09	RPS10A	Q9SW09	13	600	Small ribosomal subunit protein eS10z	
RPS10A	cladophialophora-carrionii	A0A1C1CIS0	rps10a	A0A1C1CIS0	8	242	40S ribosomal protein S10-A	
RPS10A	fly	FBgn0027494	RpS10a	Q9VB14	22	293	Small ribosomal subunit protein eS10A (40S ribosomal protein	
RPS10A	yeast	Q08745	RPS10A	Q08745	21	726	Small ribosomal subunit protein eS10A	
RPS10B	arabidopsis-thaliana	Q9FFS8	RPS10B	Q9FFS8	13	613	Small ribosomal subunit protein eS10y	
RPS10B	fly	FBgn0285947	RpS10b	Q9VWG3	17	282	Small ribosomal subunit protein eS10B (40S ribosomal protein	
RPS10B	yeast	P46784	RPS10B	P46784	13	254	Small ribosomal subunit protein eS10B	
RPS10C	arabidopsis-thaliana	Q9LTF2	RPS10C	Q9LTF2	14	615	Small ribosomal subunit protein eS10x	
RPS10L	human	Q9NQ39	RPS10P5	Q9NQ39	9	42		
RPS10L2	rattus-norvegicus	D4A5N7	Rps10l2	D4A5N7	19	357	Small ribosomal subunit protein eS10	
RPS10L6	rattus-norvegicus	D3ZJY5	Rps10l6	D3ZJY5	10	354	Small ribosomal subunit protein eS10	
RPS10P5	human	Q9NQ39	RPS10P5	Q9NQ39	9	42	Putative ribosomal protein eS10-like (Putative 40S ribosomal	
RPS11	arabidopsis-thaliana	P56802	rps11	P56802	50	808	Small ribosomal subunit protein uS11c	
RPS11	dictyostelium-discoideum	Q54S90	rps11	Q54S90	12	290	Small ribosomal subunit protein uS17	
RPS11	fly	FBgn0033699	RpS11	Q0E9B6	32	458	Small ribosomal subunit protein uS17 (40S ribosomal protein 	
RPS11	glycine-max	P17093	RPS11	P17093	64	1697	Small ribosomal subunit protein uS17	
RPS11	glycine-max	Q2PMQ2	rps11	Q2PMQ2	105	1683	Small ribosomal subunit protein uS11c	
RPS11	human	P62280	RPS11	P62280	64	1124	Small ribosomal subunit protein uS17 (40S ribosomal protein 	
RPS11	methanocaldococcus-jannaschii	P54021	rps11	P54021	6	89	Small ribosomal subunit protein uS11	
RPS11	mus-musculus	P62281	Rps11	P62281	22	655	Small ribosomal subunit protein uS17	
RPS11	oryza-sativa-subsp-japonica	P0C464	rps11	P0C464	58	935	Small ribosomal subunit protein uS11c	
RPS11	rattus-norvegicus	P62282	Rps11	P62282	28	703	Small ribosomal subunit protein uS17	
RPS11	zea-mays	P09561	rps11	P09561	53	695	Small ribosomal subunit protein uS11c	
RPS11	zea-mays	P25460	RPS11	P25460	45	871	Small ribosomal subunit protein uS17	
RPS11	zebrafish	Q7ZV05	rps11	Q7ZV05	28	657	Small ribosomal subunit protein uS17	
RPS1102	schizosaccharomyces-pombe	P0CT74	rps1102	P0CT74	16	277	Small ribosomal subunit protein uS17B	
RPS11A	arabidopsis-thaliana	P16181	RPS11A	P16181	32	787	Small ribosomal subunit protein uS17z	
RPS11A	cladophialophora-carrionii	A0A1C1D0M3	rps11a	A0A1C1D0M3	19	315	40S ribosomal protein S11	
RPS11B	arabidopsis-thaliana	O65569	RPS11B	O65569	28	782	Small ribosomal subunit protein uS17y	
RPS11B	yeast	P0CX48	RPS11B	P0CX48	12	432	Small ribosomal subunit protein uS17B	
RPS11B	zebrafish	A0A8M9QE68	rps11b	A0A8M9QE68	27	654	Small ribosomal subunit protein uS17	
RPS11C	arabidopsis-thaliana	P42733	RPS11C	P42733	34	784	Small ribosomal subunit protein uS17x	
RPS11L1	rattus-norvegicus	D3ZYK5	Rps11l1	D3ZYK5	33	698	Ribosomal protein S11 like 1	
RPS11_107	fly	FBgn0033699	RpS11	Q0E9B6	32	458		
RPS11_111	fly	FBgn0033699	RpS11	Q0E9B6	32	458		
RPS12	arabidopsis-thaliana	P92532	RPS12	P92532	40	806	Small ribosomal subunit protein uS12m	
RPS12	candida-albicans-237561	Q5ADQ6	RPS12	Q5ADQ6	14	246	Small ribosomal subunit protein eS12	
RPS12	cladophialophora-carrionii	A0A1C1CXI1	RPS12	A0A1C1CXI1	14	332	40S ribosomal protein S12	
RPS12	dictyostelium-discoideum	Q54PX9	rps12	Q54PX9	23	263	Small ribosomal subunit protein eS12	
RPS12	fly	FBgn0286213	RpS12	P80455	24	356	Small ribosomal subunit protein eS12 (40S ribosomal protein 	
RPS12	glycine-max	M1FIQ5	rps12	M1FIQ5	90	1750	Ribosomal protein S12	
RPS12	human	P25398	RPS12	P25398	59	715	Small ribosomal subunit protein eS12 (40S ribosomal protein 	
RPS12	methanocaldococcus-jannaschii	P54062	rps12	P54062	3	86	Small ribosomal subunit protein uS12	
RPS12	mus-musculus	P63323	Rps12	P63323	15	377	Small ribosomal subunit protein eS12	
RPS12	oryza-sativa-subsp-japonica	P28520	RPS12	P28520	55	1100	Small ribosomal subunit protein uS12m	
RPS12	oryza-sativa-subsp-japonica	Q7JAI8	rps12	Q7JAI8	63	1100	Ribosomal protein S12, mitochondrial	
RPS12	plasmodium-falciparum-36329	O97249	RPS12	O97249	11	195	Small ribosomal subunit protein eS12	
RPS12	plasmodium-falciparum-36329	Q25818	rps12	Q25818	4	142	Ribosomal protein S12, mitochondrial	
RPS12	rattus-norvegicus	P63324	Rps12	P63324	39	455	Small ribosomal subunit protein eS12	
RPS12	yeast	P48589	RPS12	P48589	24	800	Small ribosomal subunit protein eS12	
RPS12	zea-mays	Q6R9F5	rps12	Q6R9F5	40	876	Ribosomal protein S12, mitochondrial	
RPS12	zebrafish	Q6PC90	rps12	Q6PC90	19	515	40S ribosomal protein S12	
RPS12-A	glycine-max	P07134	rps12-A	P07134	76	1738	Small ribosomal subunit protein uS12cz/uS12cy	
RPS12-A	oryza-sativa-subsp-japonica	P12149	rps12-A	P12149	59	1086	Small ribosomal subunit protein uS12cz/uS12cy	
RPS12-A	zea-mays	P12340	rps12-A	P12340	44	878	Small ribosomal subunit protein uS12cz/uS12cy	
RPS1201	schizosaccharomyces-pombe	O14062	rps1201	O14062	21	241	Small ribosomal subunit protein eS12A	
RPS1202	schizosaccharomyces-pombe	O74322	rps1202	O74322	20	236	Small ribosomal subunit protein eS12B	
RPS12A	arabidopsis-thaliana	Q9S9P1	RPS12A	Q9S9P1	37	799	Small ribosomal subunit protein eS12z	
RPS12C	arabidopsis-thaliana	Q9SKZ3	RPS12C	Q9SKZ3	50	799	Small ribosomal subunit protein eS12y	
RPS12L1	rattus-norvegicus	D3ZHB3	Rps12l1	D3ZHB3	29	451	40S ribosomal protein S12	
RPS12L10	rattus-norvegicus	D4A9C8	Rps12l10	D4A9C8	36	451	40S ribosomal protein S12	
RPS12L4	rattus-norvegicus	A0ABK0LJM9	Rps12l4	A0ABK0LJM9	36	451	Ribosomal protein S12-like 4	
RPS12L5	rattus-norvegicus	D4AAJ3	Rps12l5	D4AAJ3	49	451	40S ribosomal protein S12	
RPS12L7	rattus-norvegicus	D3ZEB8	Rps12l7	D3ZEB8	32	451	40S ribosomal protein S12	
RPS13	arabidopsis-thaliana	P42732	RPS13	P42732	54	791	Small ribosomal subunit protein uS13c	
RPS13	arabidopsis-thaliana	Q9CA19	RPS13	Q9CA19	62	812	Small ribosomal subunit protein uS13m	
RPS13	candida-albicans-237561	A0A1D8PPE0	RPS13	A0A1D8PPE0	18	284	Small ribosomal subunit protein uS15	
RPS13	cladophialophora-carrionii	A0A1C1CK75	RPS13	A0A1C1CK75	36	393	40S ribosomal protein S13	
RPS13	dictyostelium-discoideum	Q54PH8	rps13	Q54PH8	10	254	Small ribosomal subunit protein uS15	
RPS13	fly	FBgn0010265	RpS13	Q03334	37	403	Small ribosomal subunit protein uS15 (40S ribosomal protein 	
RPS13	glycine-max	P62302	RPS13	P62302	91	2076	Small ribosomal subunit protein uS15	
RPS13	human	P62277	RPS13	P62277	88	1188	Small ribosomal subunit protein uS15 (40S ribosomal protein 	
RPS13	methanocaldococcus-jannaschii	P54019	rps13	P54019	4	84	Small ribosomal subunit protein uS13	
RPS13	mus-musculus	P62301	Rps13	P62301	33	520	Small ribosomal subunit protein uS15	
RPS13	oryza-sativa-subsp-japonica	Q8HCP0	rps13	Q8HCP0	31	887	Small ribosomal subunit protein uS13m	
RPS13	rattus-norvegicus	P62278	Rps13	P62278	39	719	Small ribosomal subunit protein uS15	
RPS13	schizosaccharomyces-pombe	P28189	rps13	P28189	21	355	Small ribosomal subunit protein uS15	
RPS13	wuchereria-bancrofti	P62300	RPS13	P62300	3	49	Small ribosomal subunit protein uS15	
RPS13	yeast	P05756	RPS13	P05756	44	796	Small ribosomal subunit protein uS15	
RPS13	zea-mays	Q05761	RPS13	Q05761	36	771	Small ribosomal subunit protein uS15	
RPS13	zebrafish	Q6IMW6	rps13	Q6IMW6	37	657	Small ribosomal subunit protein uS15	
RPS13A	arabidopsis-thaliana	P59223	RPS13A	P59223	55	816	Small ribosomal subunit protein uS15z	
RPS13B	arabidopsis-thaliana	P59224	RPS13B	P59224	48	817	Small ribosomal subunit protein uS15y	
RPS13L1	rattus-norvegicus	M0RCY2	Rps13l1	M0RCY2	45	719	Small ribosomal subunit protein uS15	
RPS14	arabidopsis-thaliana	P56804	rps14	P56804	29	927	Small ribosomal subunit protein uS14c	
RPS14	arabidopsis-thaliana	Q9SMX4	RPS14	Q9SMX4	52	948	Small ribosomal subunit protein uS14m	
RPS14	dictyostelium-discoideum	Q54EG3	rps14	Q54EG3	10	320	Small ribosomal subunit protein uS11	
RPS14	glycine-max	M1FQJ9	rps14	M1FQJ9	91	2358	Small ribosomal subunit protein uS14m	
RPS14	glycine-max	Q2PMU1	rps14	Q2PMU1	78	2356	Small ribosomal subunit protein uS14c	
RPS14	human	P62263	RPS14	P62263	70	1078	Small ribosomal subunit protein uS11 (40S ribosomal protein 	
RPS14	mus-musculus	P62264	Rps14	P62264	20	523	Small ribosomal subunit protein uS11	
RPS14	oryza-sativa-subsp-japonica	P0C467	rps14	P0C467	38	1308	Small ribosomal subunit protein uS14c	
RPS14	rattus-norvegicus	P13471	Rps14	P13471	27	624	Small ribosomal subunit protein uS11	
RPS14	zea-mays	P08527	rps14	P08527	41	1169	Small ribosomal subunit protein uS14c	
RPS14	zebrafish	Q6PBW3	rps14	Q6PBW3	23	667	Small ribosomal subunit protein uS11	
RPS1402	schizosaccharomyces-pombe	P0CT57	rps1402	P0CT57	14	279	Small ribosomal subunit protein uS11B	
RPS14A	arabidopsis-thaliana	Q9SIH0	RPS14A	Q9SIH0	29	689	Small ribosomal subunit protein uS11z	
RPS14A	fly	FBgn0004403	RpS14a	C0HKA0	31	370	Small ribosomal subunit protein uS11A (40S ribosomal protein	
RPS14A	yeast	P06367	RPS14A	P06367	31	797	Small ribosomal subunit protein uS11A	
RPS14B	arabidopsis-thaliana	Q9CAX6	RPS14B	Q9CAX6	26	689	Small ribosomal subunit protein uS11y	
RPS14B	candida-albicans-237561	A0A1D8PDT3	RPS14B	A0A1D8PDT3	9	272	Small ribosomal subunit protein uS11	
RPS14B	fly	FBgn0004404	RpS14b	C0HKA0	26	354	Small ribosomal subunit protein uS11A (40S ribosomal protein	
RPS14B	yeast	P39516	RPS14B	P39516	20	376	Small ribosomal subunit protein uS11B	
RPS14C	arabidopsis-thaliana	P42036	RPS14C	P42036	30	677	Small ribosomal subunit protein uS11x	
RPS15	arabidopsis-thaliana	P56805	rps15	P56805	40	754	Small ribosomal subunit protein uS15c	
RPS15	candida-albicans-237561	A0A1D8PK22	RPS15	A0A1D8PK22	15	246	Small ribosomal subunit protein uS19	
RPS15	cladophialophora-carrionii	A0A1C1D061	RPS15	A0A1C1D061	10	301	40S ribosomal protein S15	
RPS15	dictyostelium-discoideum	Q54N17	rps15	Q54N17	17	257	Small ribosomal subunit protein uS19	
RPS15	fly	FBgn0034138	RpS15	Q7JZW2	22	333	Small ribosomal subunit protein uS19 (40S ribosomal protein 	
RPS15	glycine-max	Q2PMN9	rps15	Q2PMN9	65	1855	Small ribosomal subunit protein uS15c	
RPS15	human	P62841	RPS15	P62841	59	945	Small ribosomal subunit protein uS19 (40S ribosomal protein 	
RPS15	methanocaldococcus-jannaschii	P54012	rps15	P54012	7	87	Small ribosomal subunit protein uS15	
RPS15	mus-musculus	P62843	Rps15	P62843	25	473	Small ribosomal subunit protein uS19	
RPS15	oryza-sativa-subsp-japonica	P31674	RPS15	P31674	40	926	Small ribosomal subunit protein uS19	
RPS15	rattus-norvegicus	P62845	Rps15	P62845	35	612	Small ribosomal subunit protein uS19	
RPS15	yeast	Q01855	RPS15	Q01855	47	830	Small ribosomal subunit protein uS19	
RPS15	zebrafish	Q6Q421	rps15	Q6Q421	12	519	40S ribosomal protein S15	
RPS15-A	oryza-sativa-subsp-japonica	P0C470	rps15-A	P0C470	43	818	Small ribosomal subunit protein uS15c	
RPS15-A	zea-mays	P17703	rps15-A	P17703	77	962	Small ribosomal subunit protein uS15c	
RPS1501	schizosaccharomyces-pombe	O94715	rps1501	O94715	14	247	Small ribosomal subunit protein uS19A	
RPS1502	schizosaccharomyces-pombe	Q9UTQ6	rps1502	Q9UTQ6	15	249	Small ribosomal subunit protein uS19B	
RPS15A	arabidopsis-thaliana	Q08112	RPS15A	Q08112	33	657	Small ribosomal subunit protein uS19u	
RPS15A	dictyostelium-discoideum	P46793	rps15a	P46793	23	305	Small ribosomal subunit protein uS8	
RPS15A	human	P62244	RPS15A	P62244	23	438	Small ribosomal subunit protein uS8 (40S ribosomal protein S	
RPS15A	mus-musculus	P62245	Rps15a	P62245	19	420	Small ribosomal subunit protein uS8	
RPS15A	rattus-norvegicus	A0A0G2JYA6	Rps15a	A0A0G2JYA6	11	490	Small ribosomal subunit protein uS8	
RPS15A	rattus-norvegicus	P62246	Rps15a	P62246	18	499	Small ribosomal subunit protein uS8	
RPS15A	zebrafish	Q6Q420	rps15a	Q6Q420	38	596	Small ribosomal subunit protein uS8	
RPS15A-PS9	rattus-norvegicus	A0A0G2K6I0	Rps15a-ps9	A0A0G2K6I0	17	490	Small ribosomal subunit protein uS8	
RPS15AA	arabidopsis-thaliana	P42798	RPS15AA	P42798	23	710	Small ribosomal subunit protein uS8z/uS8w	
RPS15AA	fly	FBgn0010198	RpS15Aa	P48149	25	314	Small ribosomal subunit protein uS8A (40S ribosomal protein 	
RPS15AB	arabidopsis-thaliana	O82205	RPS15AB	O82205	19	691	Small ribosomal subunit protein uS8mz	
RPS15AB	fly	FBgn0033555	RpS15Ab	Q7KR04	17	324	Small ribosomal subunit protein uS8B (40S ribosomal protein 	
RPS15AC	arabidopsis-thaliana	O80646	RPS15AC	O80646	26	696	Small ribosomal subunit protein uS8y	
RPS15AD	arabidopsis-thaliana	Q9LX88	RPS15AD	Q9LX88	26	707	Small ribosomal subunit protein uS8x	
RPS15AE	arabidopsis-thaliana	Q9M0E0	RPS15AE	Q9M0E0	30	735	Small ribosomal subunit protein uS8my	
RPS15AL2	rattus-norvegicus	D3ZS61	Rps15al2	D3ZS61	18	490	Small ribosomal subunit protein uS8	
RPS15AL2	rattus-norvegicus	D3ZZC7	Rps15al2	D3ZZC7	22	490	Small ribosomal subunit protein uS8	
RPS15AL4	rattus-norvegicus	D3ZLL8	Rps15al4	D3ZLL8	32	490	Small ribosomal subunit protein uS8	
RPS15B	arabidopsis-thaliana	Q9FY66	RPS15B	Q9FY66	30	641	Small ribosomal subunit protein uS19z	
RPS15C	arabidopsis-thaliana	Q9FY65	RPS15C	Q9FY65	37	641	Small ribosomal subunit protein uS19y	
RPS15D	arabidopsis-thaliana	Q9FY64	RPS15D	Q9FY64	33	654	Small ribosomal subunit protein uS19x	
RPS15E	arabidopsis-thaliana	Q9FIX6	RPS15E	Q9FIX6	30	641	Small ribosomal subunit protein uS19w	
RPS15F	arabidopsis-thaliana	Q9FML6	RPS15F	Q9FML6	26	640	Small ribosomal subunit protein uS19v	
RPS16	arabidopsis-thaliana	P56806	rps16	P56806	14	512	Small ribosomal subunit protein bS16cz	
RPS16	dictyostelium-discoideum	Q54Q51	rps16	Q54Q51	15	300	Small ribosomal subunit protein uS9	
RPS16	fly	FBgn0034743	RpS16	Q9W237	58	601	Small ribosomal subunit protein uS9 (40S ribosomal protein S	
RPS16	glycine-max	Q2PMS5	rps16	Q2PMS5	48	884	Small ribosomal subunit protein bS16c	
RPS16	human	P62249	RPS16	P62249	124	1146	Small ribosomal subunit protein uS9 (40S ribosomal protein S	
RPS16	mus-musculus	P14131	Rps16	P14131	33	634	Small ribosomal subunit protein uS9	
RPS16	oryza-sativa-subsp-japonica	P12151	rps16	P12151	49	663	Small ribosomal subunit protein bS16c	
RPS16	rattus-norvegicus	P62250	Rps16	P62250	36	774	Small ribosomal subunit protein uS9	
RPS16	zea-mays	P27723	rps16	P27723	38	622	Small ribosomal subunit protein bS16c	
RPS16	zebrafish	Q1LWH1	rps16	Q1LWH1	37	742	Small ribosomal subunit protein uS9	
RPS16-1	arabidopsis-thaliana	O65686	RPS16-1	O65686	34	516	Small ribosomal subunit protein bS16cy	
RPS16-2	arabidopsis-thaliana	Q9LTS6	RPS16-2	Q9LTS6	33	536	Small ribosomal subunit protein bS16m/bS16c	
RPS1602	schizosaccharomyces-pombe	P0CT65	rps1602	P0CT65	12	277	Small ribosomal subunit protein uS9B	
RPS16A	arabidopsis-thaliana	Q9SK22	RPS16A	Q9SK22	36	846	Small ribosomal subunit protein uS9z	
RPS16A	candida-albicans-237561	A0A1D8PCW6	RPS16A	A0A1D8PCW6	13	269	Small ribosomal subunit protein uS9	
RPS16A	oryza-sativa-subsp-japonica	Q0IQF7	RPS16A	Q0IQF7	65	1221	Small ribosomal subunit protein uS9	
RPS16B	arabidopsis-thaliana	Q9M8X9	RPS16B	Q9M8X9	35	845	Small ribosomal subunit protein uS9y	
RPS16B	cladophialophora-carrionii	A0A1C1CRR3	RPS16B	A0A1C1CRR3	17	360	40S ribosomal protein S16-B	
RPS16B	yeast	P0CX52	RPS16B	P0CX52	41	417	Small ribosomal subunit protein uS9B	
RPS16C	arabidopsis-thaliana	Q42340	RPS16C	Q42340	34	836	Small ribosomal subunit protein uS9x	
RPS16L1	rattus-norvegicus	M0R4I3	Rps16l1	M0R4I3	39	774	Small ribosomal subunit protein uS9	
RPS17	arabidopsis-thaliana	P16180	RPS17	P16180	30	780	Small ribosomal subunit protein uS17c	
RPS17	dictyostelium-discoideum	P42520	rps17	P42520	21	236	Small ribosomal subunit protein eS17	
RPS17	fly	FBgn0005533	RpS17	P17704	69	439	Small ribosomal subunit protein eS17 (40S ribosomal protein 	
RPS17	human	P08708	RPS17	P08708	83	702	Small ribosomal subunit protein eS17 (40S ribosomal protein 	
RPS17	methanocaldococcus-jannaschii	P54036	rps17	P54036	7	84	Small ribosomal subunit protein uS17	
RPS17	mus-musculus	P63276	Rps17	P63276	26	277	Small ribosomal subunit protein eS17	
RPS17	oryza-sativa-subsp-japonica	Q9ZST1	RPS17	Q9ZST1	50	1070	Small ribosomal subunit protein uS17c	
RPS17	rattus-norvegicus	A0A0H2UHQ8	Rps17	A0A0H2UHQ8	53	304	Small ribosomal subunit protein eS17	
RPS17	rattus-norvegicus	P04644	Rps17	P04644	47	339	Small ribosomal subunit protein eS17	
RPS17	zea-mays	Q9TJN6	RPS17	Q9TJN6	45	883	Small ribosomal subunit protein uS17c	
RPS17	zebrafish	Q6P6F0	rps17	Q6P6F0	31	410	Small ribosomal subunit protein eS17	
RPS1701	schizosaccharomyces-pombe	O42984	rps1701	O42984	20	210	Small ribosomal subunit protein eS17A	
RPS1702	schizosaccharomyces-pombe	Q9P7J6	rps1702	Q9P7J6	13	208	Small ribosomal subunit protein eS17B	
RPS17A	arabidopsis-thaliana	P49205	RPS17A	P49205	64	580	Small ribosomal subunit protein eS17z	
RPS17A	yeast	P02407	RPS17A	P02407	26	692	Small ribosomal subunit protein eS17A	
RPS17B	arabidopsis-thaliana	Q9SJ36	RPS17B	Q9SJ36	66	578	Small ribosomal subunit protein eS17y	
RPS17B	candida-albicans-237561	A0A1D8PEY9	RPS17B	A0A1D8PEY9	8	207	Small ribosomal subunit protein eS17	
RPS17B	yeast	P14127	RPS17B	P14127	18	333	Small ribosomal subunit protein eS17B	
RPS17C	arabidopsis-thaliana	Q9SQZ1	RPS17C	Q9SQZ1	63	577	Small ribosomal subunit protein eS17x	
RPS17D	arabidopsis-thaliana	Q9LZ17	RPS17D	Q9LZ17	65	572	Small ribosomal subunit protein eS17w	
RPS17E	methanocaldococcus-jannaschii	P54026	rps17e	P54026	10	77	Small ribosomal subunit protein eS17	
RPS17L	human	P08708	RPS17	P08708	83	702		
RPS17L1	rattus-norvegicus	D3ZM01	Rps17l1	D3ZM01	72	613	Small ribosomal subunit protein eS17	
RPS17L2	rattus-norvegicus	A0ABK0LH50	Rps17l2	A0ABK0LH50	42	311	Uncharacterized protein	
RPS17L4	rattus-norvegicus	F1M5B1	Rps17l4	F1M5B1	41	288	40S ribosomal protein S17-like	
RPS18	arabidopsis-thaliana	P56807	rps18	P56807	21	444	Small ribosomal subunit protein bS18c	
RPS18	candida-albicans-237561	A0A1D8PQQ5	RPS18	A0A1D8PQQ5	7	260	Small ribosomal subunit protein uS13	
RPS18	cladophialophora-carrionii	A0A1C1CG71	RPS18	A0A1C1CG71	21	364	40S ribosomal protein S18	
RPS18	dictyostelium-discoideum	Q869U7	rps18	Q869U7	22	313	Small ribosomal subunit protein uS13	
RPS18	fly	FBgn0010411	RpS18	P41094	32	446	Small ribosomal subunit protein uS13 (40S ribosomal protein 	
RPS18	glycine-max	Q2PMR2	rps18	Q2PMR2	54	952	Small ribosomal subunit protein bS18c	
RPS18	human	P62269	RPS18	P62269	56	1037	Small ribosomal subunit protein uS13 (40S ribosomal protein 	
RPS18	mus-musculus	P62270	Rps18	P62270	14	409	Small ribosomal subunit protein uS13	
RPS18	oryza-sativa-subsp-japonica	P0C477	rps18	P0C477	25	399	Small ribosomal subunit protein bS18c	
RPS18	rattus-norvegicus	P62271	Rps18	P62271	32	521	Small ribosomal subunit protein uS13	
RPS18	zea-mays	P25459	rps18	P25459	25	521	Small ribosomal subunit protein bS18c	
RPS18	zebrafish	Q8JGS9	rps18	Q8JGS9	19	651	Small ribosomal subunit protein uS13	
RPS18-PS6	mus-musculus	F6YVP7	Rps18-ps6	F6YVP7	17	382	Small ribosomal subunit protein uS13	
RPS1802	schizosaccharomyces-pombe	P0CT67	rps1802	P0CT67	18	281	Small ribosomal subunit protein uS13B	
RPS18B	arabidopsis-thaliana	P34788	RPS18B	P34788	54	787	Small ribosomal subunit protein uS13z/uS13y/uS13x	
RPS18B	yeast	P0CX56	RPS18B	P0CX56	30	742	Small ribosomal subunit protein uS13B	
RPS18L2	rattus-norvegicus	D3ZAU6	Rps18l2	D3ZAU6	33	511	Small ribosomal subunit protein uS13	
RPS18L3	rattus-norvegicus	A0A0G2KA79	Rps18l3	A0A0G2KA79	30	511	Small ribosomal subunit protein uS13	
RPS18L5	rattus-norvegicus	D3ZM33	Rps18l5	D3ZM33	28	511	Small ribosomal subunit protein uS13	
RPS18_41	fly	FBgn0010411	RpS18	P41094	32	446		
RPS18_6_148	fly	FBgn0010411	RpS18	P41094	32	446		
RPS19	arabidopsis-thaliana	P39697	RPS19	P39697	25	282	Small ribosomal subunit protein uS19m	
RPS19	arabidopsis-thaliana	P56808	rps19	P56808	22	262	Small ribosomal subunit protein uS19c	
RPS19	cladophialophora-carrionii	A0A1C1CHC2	rps19	A0A1C1CHC2	10	305	40S ribosomal protein S19	
RPS19	dictyostelium-discoideum	Q54X51	rps19	Q54X51	15	259	Small ribosomal subunit protein eS19	
RPS19	glycine-max	P07816	rps19	P07816	36	821	Small ribosomal subunit protein uS19c	
RPS19	human	P39019	RPS19	P39019	67	1000	Small ribosomal subunit protein eS19 (40S ribosomal protein 	
RPS19	methanocaldococcus-jannaschii	P54018	rps19	P54018	3	83	Small ribosomal subunit protein uS19	
RPS19	mus-musculus	Q9CZX8	Rps19	Q9CZX8	34	497	Small ribosomal subunit protein eS19	
RPS19	oryza-sativa-subsp-japonica	P92813	rps19	P92813	27	395	Small ribosomal subunit protein uS19m	
RPS19	rattus-norvegicus	F1LYF3	Rps19	F1LYF3	37	435	Small ribosomal subunit protein eS19	
RPS19	rattus-norvegicus	P17074	Rps19	P17074	36	443	Small ribosomal subunit protein eS19	
RPS19	zebrafish	Q6PBW7	rps19	Q6PBW7	26	493	Small ribosomal subunit protein eS19	
RPS19-A	oryza-sativa-subsp-japonica	P12153	rps19-A	P12153	20	393	Small ribosomal subunit protein uS19c	
RPS19-A	zea-mays	P06588	rps19-A	P06588	11	374	Small ribosomal subunit protein uS19c	
RPS19-BINDING	human	Q86WX3	RPS19BP1	Q86WX3	25	238	Active regulator of SIRT1 (40S ribosomal protein S19-binding	w
RPS1901	schizosaccharomyces-pombe	P58234	rps1901	P58234	18	260	Small ribosomal subunit protein eS19A	
RPS1902	schizosaccharomyces-pombe	P79016	rps1902	P79016	17	254	Small ribosomal subunit protein eS19B	
RPS19A	arabidopsis-thaliana	Q9SGA6	RPS19A	Q9SGA6	29	708	Small ribosomal subunit protein eS19z	
RPS19A	candida-albicans-237561	A0A1D8PK61	RPS19A	A0A1D8PK61	9	214	Small ribosomal subunit protein eS19	
RPS19A	fly	FBgn0010412	RpS19a	P39018	38	354	Small ribosomal subunit protein eS19A (40S ribosomal protein	
RPS19A	oryza-sativa-subsp-japonica	P40978	RPS19A	P40978	28	958	Small ribosomal subunit protein eS19	
RPS19A	yeast	P07280	RPS19A	P07280	19	742	Small ribosomal subunit protein eS19A	
RPS19A_124	fly	FBgn0010412	RpS19a	P39018	38	354		
RPS19B	arabidopsis-thaliana	Q9LF30	RPS19B	Q9LF30	31	695	Small ribosomal subunit protein eS19y	
RPS19B	fly	FBgn0039129	RpS19b	Q7KS38	26	294	Small ribosomal subunit protein eS19B (40S ribosomal protein	
RPS19B	yeast	P07281	RPS19B	P07281	11	296	Small ribosomal subunit protein eS19B	
RPS19BP1	human	Q86WX3	RPS19BP1	Q86WX3	25	238	Active regulator of SIRT1 (40S ribosomal protein S19-binding	
RPS19BP1	mus-musculus	Q8C6B9	Rps19bp1	Q8C6B9	6	69	Active regulator of SIRT1	
RPS19BP1	rattus-norvegicus	A0A0U1RRW3	Rps19bp1	A0A0U1RRW3	13	122	Active regulator of SIRT1	
RPS19BP1	zebrafish	E7F0U9	rps19bp1	E7F0U9	5	74	Active regulator of SIRT1	
RPS19C	arabidopsis-thaliana	Q9FNP8	RPS19C	Q9FNP8	33	708	Small ribosomal subunit protein eS19x	
RPS19E	methanocaldococcus-jannaschii	P54057	rps19e	P54057	5	81	Small ribosomal subunit protein eS19	
RPS19L3	rattus-norvegicus	D3ZGN8	Rps19l3	D3ZGN8	38	435	Small ribosomal subunit protein eS19	
RPS19L4	rattus-norvegicus	A0ABK0L9I0	Rps19l4	A0ABK0L9I0	34	426	Uncharacterized protein	
RPS1A	yeast	P33442	RPS1A	P33442	26	758	Small ribosomal subunit protein eS1A	
RPS1B	yeast	P23248	RPS1B	P23248	17	384	Small ribosomal subunit protein eS1B	
RPS2	arabidopsis-thaliana	P56797	rps2	P56797	31	950	Small ribosomal subunit protein uS2c	
RPS2	arabidopsis-thaliana	Q42484	RPS2	Q42484	0	16	Disease resistance protein RPS2	
RPS2	arabidopsis-thaliana	Q9GCB9	RPS2	Q9GCB9	44	973	Small ribosomal subunit protein uS2m	
RPS2	cladophialophora-carrionii	A0A1C1CDU1	RPS2	A0A1C1CDU1	14	367	Small ribosomal subunit protein uS5	
RPS2	dictyostelium-discoideum	P27685	rps2	P27685	9	282	Small ribosomal subunit protein uS5	
RPS2	fly	FBgn0004867	RpS2	P31009	32	460	Small ribosomal subunit protein uS5 (40S ribosomal protein S	
RPS2	glycine-max	Q2PMT2	rps2	Q2PMT2	50	1987	Small ribosomal subunit protein uS2c	
RPS2	human	P15880	RPS2	P15880	68	1100	Small ribosomal subunit protein uS5 (40S ribosomal protein S	
RPS2	methanocaldococcus-jannaschii	P54109	rps2	P54109	5	85	Small ribosomal subunit protein uS2	
RPS2	mus-musculus	P25444	Rps2	P25444	22	564	Small ribosomal subunit protein uS5	
RPS2	oryza-sativa-subsp-japonica	P0C482	rps2	P0C482	38	1279	Small ribosomal subunit protein uS2c	
RPS2	plasmodium-falciparum-36329	Q25803	rps2	Q25803	10	192	30S ribosomal protein S2, putative	
RPS2	plasmodium-falciparum-36329	Q8IJD4	RPS2	Q8IJD4	8	197	Small ribosomal subunit protein uS2	
RPS2	rattus-norvegicus	P27952	Rps2	P27952	23	472	Small ribosomal subunit protein uS5	
RPS2	schizosaccharomyces-pombe	O74892	rps2	O74892	16	358	Small ribosomal subunit protein uS5	
RPS2	yeast	P25443	RPS2	P25443	27	830	Small ribosomal subunit protein uS5	
RPS2	zea-mays	P16037	rps2	P16037	30	880	Small ribosomal subunit protein uS2c	
RPS2	zebrafish	Q6NWC3	rps2	Q6NWC3	28	699	Small ribosomal subunit protein uS5	
RPS2-PS42	rattus-norvegicus	D3ZAS1	Rps2-ps42	D3ZAS1	25	460	Small ribosomal subunit protein uS5	
RPS2-PS44	rattus-norvegicus	Q6P9V0	Rps2-ps44	Q6P9V0	12	461	40S ribosomal protein S2	
RPS20	arabidopsis-thaliana	Q9ASV6	RPS20	Q9ASV6	8	165	Small ribosomal subunit protein bS20c	
RPS20	candida-albicans-237561	Q5A389	RPS20	Q5A389	17	241	Small ribosomal subunit protein uS10	
RPS20	cladophialophora-carrionii	A0A1C1CHD3	rps20	A0A1C1CHD3	23	336	40S ribosomal protein S20	
RPS20	dictyostelium-discoideum	Q54Y41	rps20	Q54Y41	14	238	Small ribosomal subunit protein uS10	
RPS20	fly	FBgn0019936	RpS20	P55828	24	410	Small ribosomal subunit protein uS10 (40S ribosomal protein 	
RPS20	human	P60866	RPS20	P60866	56	904	Small ribosomal subunit protein uS10 (40S ribosomal protein 	
RPS20	mus-musculus	P60867	Rps20	P60867	19	484	Small ribosomal subunit protein uS10	
RPS20	oryza-sativa-subsp-japonica	P35686	RPS20	P35686	56	1090	Small ribosomal subunit protein uS10	
RPS20	rattus-norvegicus	A0A0H2UHG7	Rps20	A0A0H2UHG7	18	359	Small ribosomal subunit protein uS10	
RPS20	rattus-norvegicus	P60868	Rps20	P60868	19	402	Small ribosomal subunit protein uS10	
RPS20	schizosaccharomyces-pombe	O74893	rps20	O74893	17	293	Small ribosomal subunit protein uS10	
RPS20	yeast	P38701	RPS20	P38701	30	780	Small ribosomal subunit protein uS10	
RPS20	zea-mays	Q08068	RPS20	Q08068	26	851	Small ribosomal subunit protein uS10	
RPS20A	arabidopsis-thaliana	P49200	RPS20A	P49200	29	931	Small ribosomal subunit protein uS10z/uS10x	
RPS20B	arabidopsis-thaliana	Q9STY6	RPS20B	Q9STY6	37	940	Small ribosomal subunit protein uS10y	
RPS20L1	rattus-norvegicus	A0A0G2K6L6	Rps20l1	A0A0G2K6L6	21	382	Small ribosomal subunit protein uS10	
RPS20L2	rattus-norvegicus	M0R566	Rps20l2	M0R566	18	382	Small ribosomal subunit protein uS10	
RPS20L4	rattus-norvegicus	D3ZZK1	Rps20l4	D3ZZK1	21	382	Small ribosomal subunit protein uS10	
RPS20L5	rattus-norvegicus	M0R987	Rps20l5	M0R987	20	382	Small ribosomal subunit protein uS10	
RPS21	candida-albicans-237561	Q5A900	RPS21	Q5A900	12	249	Small ribosomal subunit protein uS5	
RPS21	cladophialophora-carrionii	A0A1C1CNK4	rps21	A0A1C1CNK4	6	131	40S ribosomal protein S21	
RPS21	dictyostelium-discoideum	Q54BN4	rps21	Q54BN4	5	205	Small ribosomal subunit protein eS21	
RPS21	fly	FBgn0015521	RpS21	O76927	33	350	Small ribosomal subunit protein eS21 (40S ribosomal protein 	
RPS21	human	P63220	RPS21	P63220	34	747	Small ribosomal subunit protein eS21 (40S ribosomal protein 	
RPS21	mus-musculus	Q9CQR2	Rps21	Q9CQR2	5	400	Small ribosomal subunit protein eS21	
RPS21	oryza-sativa-subsp-japonica	P35687	RPS21	P35687	25	755	Small ribosomal subunit protein eS21	
RPS21	rattus-norvegicus	A0A0G2JXC3	Rps21	A0A0G2JXC3	26	495	Small ribosomal subunit protein eS21	
RPS21	rattus-norvegicus	P05765	Rps21	P05765	10	509	Small ribosomal subunit protein eS21	
RPS21	schizosaccharomyces-pombe	P05764	rps21	P05764	12	242	Small ribosomal subunit protein eS21	
RPS21	zea-mays	Q41852	RPS21	Q41852	26	462	Small ribosomal subunit protein eS21	
RPS21	zebrafish	Q7ZUG5	rps21	Q7ZUG5	11	398	Small ribosomal subunit protein eS21	
RPS21A	yeast	P0C0V8	RPS21A	P0C0V8	6	187	Small ribosomal subunit protein eS21A	
RPS21B	arabidopsis-thaliana	Q9M337	RPS21B	Q9M337	20	625	Small ribosomal subunit protein eS21z	
RPS21B	candida-albicans-237561	A0A1D8PCG7	RPS21B	A0A1D8PCG7	5	203	Small ribosomal subunit protein eS21	
RPS21B	yeast	Q3E754	RPS21B	Q3E754	10	285	Small ribosomal subunit protein eS21B	
RPS21C	arabidopsis-thaliana	Q3E902	RPS21C	Q3E902	16	614	Small ribosomal subunit protein eS21y	
RPS2201	schizosaccharomyces-pombe	P0CT58	rps2201	P0CT58	17	268	Small ribosomal subunit protein uS8A	
RPS2202	schizosaccharomyces-pombe	P0CT59	rps2202	P0CT59	15	271	Small ribosomal subunit protein uS8B	
RPS22A	candida-albicans-237561	Q96W54	RPS22A	Q96W54	11	228	Small ribosomal subunit protein uS8A	
RPS22A	yeast	P0C0W1	RPS22A	P0C0W1	23	761	Small ribosomal subunit protein uS8A	
RPS22B	candida-albicans-237561	P0CU35	RPS22B	P0CU35	11	228	Small ribosomal subunit protein uS8B	
RPS22B	yeast	Q3E7Y3	RPS22B	Q3E7Y3	12	337	Small ribosomal subunit protein uS8B	
RPS23	cladophialophora-carrionii	A0A1C1CQ06	rps23	A0A1C1CQ06	7	382	40S ribosomal protein S23	
RPS23	dictyostelium-discoideum	Q55A19	rps23	Q55A19	12	293	Small ribosomal subunit protein uS12	
RPS23	fly	FBgn0033912	RpS23	Q8T3U2	32	447	Small ribosomal subunit protein uS12 (40S ribosomal protein 	
RPS23	human	P62266	RPS23	P62266	79	993	Small ribosomal subunit protein uS12 (40S ribosomal protein 	
RPS23	mus-musculus	P62267	Rps23	P62267	23	552	Small ribosomal subunit protein uS12	
RPS23	rattus-norvegicus	P62268	Rps23	P62268	25	633	Small ribosomal subunit protein uS12	
RPS23	zebrafish	A8KB78	rps23	A8KB78	22	674	Small ribosomal subunit protein uS12	
RPS23-PS11	rattus-norvegicus	F1LTW8	Rps23-ps11	F1LTW8	20	623	Small ribosomal subunit protein uS12	
RPS2302	schizosaccharomyces-pombe	P0CT76	rps2302	P0CT76	9	278	Small ribosomal subunit protein uS12B	
RPS23A	arabidopsis-thaliana	Q9SF35	RPS23A	Q9SF35	23	824	Small ribosomal subunit protein uS12z	
RPS23A	candida-albicans-237561	A0A1D8PDU3	RPS23A	A0A1D8PDU3	5	269	Small ribosomal subunit protein uS12	
RPS23B	arabidopsis-thaliana	P49201	RPS23B	P49201	25	824	Small ribosomal subunit protein uS12y	
RPS23B	yeast	P0CX30	RPS23B	P0CX30	14	392	Small ribosomal subunit protein uS12B	
RPS23L1	rattus-norvegicus	D4A9Q3	Rps23l1	D4A9Q3	28	623	Small ribosomal subunit protein uS12	
RPS23RG1	mus-musculus	Q8C7T0	Rps23rg1	Q8C7T0	0	2	Ribosomal protein S23, retrogene 1	
RPS24	candida-albicans-237561	Q5A7K0	RPS24	Q5A7K0	8	243	Small ribosomal subunit protein eS24	
RPS24	dictyostelium-discoideum	Q75K27	rps24	Q75K27	14	249	Small ribosomal subunit protein eS24	
RPS24	fly	FBgn0261596	RpS24	Q9W229	33	348	40S ribosomal protein S24	
RPS24	human	P62847	RPS24	P62847	51	844	Small ribosomal subunit protein eS24 (40S ribosomal protein 	
RPS24	mus-musculus	P62849	Rps24	P62849	11	491	Small ribosomal subunit protein eS24	
RPS24	rattus-norvegicus	A0A0H2UHH9	Rps24	A0A0H2UHH9	15	578	40S ribosomal protein S24	
RPS24	rattus-norvegicus	P62850	Rps24	P62850	16	581	Small ribosomal subunit protein eS24	
RPS24	zebrafish	B7ZD34	rps24	B7ZD34	15	503	40S ribosomal protein S24	
RPS2401	schizosaccharomyces-pombe	O13784	rps2401	O13784	17	257	Small ribosomal subunit protein eS24A	
RPS2402	schizosaccharomyces-pombe	O59865	rps2402	O59865	17	258	Small ribosomal subunit protein eS24B	
RPS24A	arabidopsis-thaliana	Q9SS17	RPS24A	Q9SS17	24	724	Small ribosomal subunit protein eS24z	
RPS24A	cladophialophora-carrionii	A0A1C1CNF1	rps24a	A0A1C1CNF1	11	298	40S ribosomal protein S24	
RPS24B	arabidopsis-thaliana	Q8LC83	RPS24B	Q8LC83	26	717	Small ribosomal subunit protein eS24y	
RPS24B	yeast	P0CX32	RPS24B	P0CX32	21	387	Small ribosomal subunit protein eS24B	
RPS24E	methanocaldococcus-jannaschii	P54032	rps24e	P54032	0	81	Small ribosomal subunit protein eS24	
RPS24L3	rattus-norvegicus	D3ZFZ8	Rps24l3	D3ZFZ8	23	573	40S ribosomal protein S24	
RPS25	dictyostelium-discoideum	Q03409	rps25	Q03409	15	204	Small ribosomal subunit protein eS25	
RPS25	fly	FBgn0086472	RpS25	P48588	29	290	Small ribosomal subunit protein eS25 (40S ribosomal protein 	
RPS25	human	P62851	RPS25	P62851	45	699	Small ribosomal subunit protein eS25 (40S ribosomal protein 	
RPS25	leishmania-infantum	Q9N9V4	RPS25	Q9N9V4	13	236	Small ribosomal subunit protein eS25	
RPS25	mus-musculus	P62852	Rps25	P62852	23	415	Small ribosomal subunit protein eS25	
RPS25	rattus-norvegicus	P62853	Rps25	P62853	36	385	Small ribosomal subunit protein eS25	
RPS25	zebrafish	Q6PBI5	rps25	Q6PBI5	18	433	Small ribosomal subunit protein eS25	
RPS2501	schizosaccharomyces-pombe	O74172	rps2501	O74172	20	217	Small ribosomal subunit protein eS25B	
RPS2502	schizosaccharomyces-pombe	P79009	rps2502	P79009	24	217	Small ribosomal subunit protein eS25A	
RPS25A	arabidopsis-thaliana	Q9SIW5	RPS25A	Q9SIW5	31	575	Small ribosomal subunit protein eS25z	
RPS25A	yeast	Q3E792	RPS25A	Q3E792	22	292	Small ribosomal subunit protein eS25A	
RPS25B	arabidopsis-thaliana	Q9SIK2	RPS25B	Q9SIK2	28	587	Small ribosomal subunit protein eS25y	
RPS25B	candida-albicans-237561	A0A1D8PNQ6	RPS25B	A0A1D8PNQ6	16	202	Small ribosomal subunit protein eS25	
RPS25B	yeast	P0C0T4	RPS25B	P0C0T4	20	255	Small ribosomal subunit protein eS25B	
RPS25D	arabidopsis-thaliana	Q8GYL5	RPS25D	Q8GYL5	31	574	Small ribosomal subunit protein eS25x	
RPS25E	arabidopsis-thaliana	Q9T029	RPS25E	Q9T029	32	576	Small ribosomal subunit protein eS25w	
RPS25L2	rattus-norvegicus	A0ABK0LQG4	Rps25l2	A0ABK0LQG4	30	358	Uncharacterized protein	
RPS25L3	rattus-norvegicus	F1M6F4	Rps25l3	F1M6F4	38	371	40S ribosomal protein S25	
RPS25L3	rattus-norvegicus	M0R763	Rps25l3	M0R763	35	371	40S ribosomal protein S25	
RPS26	dictyostelium-discoideum	Q54TL8	rps26	Q54TL8	9	198	Small ribosomal subunit protein eS26	
RPS26	fly	FBgn0261597	RpS26	P13008	48	309	Small ribosomal subunit protein eS26 (40S ribosomal protein 	
RPS26	human	P62854	RPS26	P62854	38	736	Small ribosomal subunit protein eS26 (40S ribosomal protein 	
RPS26	mus-musculus	P62855	Rps26	P62855	18	438	Small ribosomal subunit protein eS26	
RPS26	oryza-sativa-subsp-japonica	P49216	RPS26	P49216	25	670	Small ribosomal subunit protein eS26	
RPS26	rattus-norvegicus	P62856	Rps26	P62856	26	380	Small ribosomal subunit protein eS26	
RPS26	zebrafish	Q6P6E2	rps26	Q6P6E2	11	367	40S ribosomal protein S26	
RPS26-PS13	rattus-norvegicus	A0A0G2K743	Rps26-ps13	A0A0G2K743	19	365	40S ribosomal protein S26	
RPS26-PS4	rattus-norvegicus	A0A0G2JVP7	Rps26-ps4	A0A0G2JVP7	19	365	40S ribosomal protein S26	
RPS2601	schizosaccharomyces-pombe	Q9UT56	rps2601	Q9UT56	8	211	Small ribosomal subunit protein eS26A	
RPS2602	schizosaccharomyces-pombe	Q9UTG4	rps2602	Q9UTG4	8	220	Small ribosomal subunit protein eS26B	
RPS26A	arabidopsis-thaliana	P49206	RPS26A	P49206	25	586	Small ribosomal subunit protein eS26y	
RPS26A	candida-albicans-237561	Q5ALV6	RPS26A	Q5ALV6	7	197	Small ribosomal subunit protein eS26	
RPS26A	yeast	P39938	RPS26A	P39938	13	330	Small ribosomal subunit protein eS26A	
RPS26B	arabidopsis-thaliana	Q8LPJ7	RPS26B	Q8LPJ7	28	587	Small ribosomal subunit protein eS26z	
RPS26B	yeast	P39939	RPS26B	P39939	11	331	Small ribosomal subunit protein eS26B	
RPS26C	arabidopsis-thaliana	Q9LYK9	RPS26C	Q9LYK9	22	587	Small ribosomal subunit protein eS26x	
RPS26L1	human	Q5JNZ5	RPS26P11	Q5JNZ5	7	82		
RPS26L4	rattus-norvegicus	A0A0G2JY64	Rps26l4	A0A0G2JY64	20	365	40S ribosomal protein S26	
RPS26P11	human	Q5JNZ5	RPS26P11	Q5JNZ5	7	82	Putative ribosomal protein eS26-like (Putative 40S ribosomal	
RPS26_76	fly	FBgn0261597	RpS26	P13008	48	309		
RPS27	candida-albicans-237561	A0A1D8PTI7	RPS27	A0A1D8PTI7	8	208	Small ribosomal subunit protein eS27	
RPS27	dictyostelium-discoideum	Q8T1V4	rps27	Q8T1V4	13	247	Small ribosomal subunit protein eS27	
RPS27	fly	FBgn0039300	RpS27	Q9VBU9	34	358	40S ribosomal protein S27	
RPS27	human	P42677	RPS27	P42677	102	973	Small ribosomal subunit protein eS27 (40S ribosomal protein 	
RPS27	mus-musculus	Q6ZWU9	Rps27	Q6ZWU9	16	304	Small ribosomal subunit protein eS27	
RPS27	rattus-norvegicus	Q71TY3	Rps27	Q71TY3	28	501	Small ribosomal subunit protein eS27	
RPS27	schizosaccharomyces-pombe	O74330	rps27	O74330	11	284	Small ribosomal subunit protein eS27	
RPS27-PS7	rattus-norvegicus	Q6QI40	Rps27-ps7	Q6QI40	18	474	LRRGT00168	
RPS27.1	zebrafish	Q4VBV2	rps27.1	Q4VBV2	15	409	40S ribosomal protein S27	
RPS27.2	zebrafish	Q6PBT1	rps27.2	Q6PBT1	17	418	40S ribosomal protein S27	
RPS27A	arabidopsis-thaliana	O64650	RPS27A	O64650	12	278	Small ribosomal subunit protein eS27z	
RPS27A	candida-albicans-237561	A0A1D8PDP4	RPS27A	A0A1D8PDP4	11	206	40S ribosomal protein S27	
RPS27A	fly	FBgn0003942	RpS27A	P15357	103	834	Ubiquitin-ribosomal protein eS31 fusion protein [Cleaved int	
RPS27A	human	P62979	RPS27A	P62979	323	3244	Ubiquitin-ribosomal protein eS31 fusion protein (Ubiquitin c	
RPS27A	mus-musculus	P62983	Rps27a	P62983	150	1055	Ubiquitin-ribosomal protein eS31 fusion protein	
RPS27A	rattus-norvegicus	P62982	Rps27a	P62982	122	808	Ubiquitin-ribosomal protein eS31 fusion protein	
RPS27A	yeast	P35997	RPS27A	P35997	32	765	Small ribosomal subunit protein eS27A	
RPS27A	zebrafish	Q7SXA3	rps27a	Q7SXA3	140	1114	Ubiquitin-ribosomal protein eS31 fusion protein	
RPS27A-PS28	rattus-norvegicus	F1LU69	Rps27a-ps28	F1LU69	104	820	Ubiquitin-ribosomal protein eS31 fusion protein	
RPS27A-PS6	rattus-norvegicus	D4A0J6	Rps27a-ps6	D4A0J6	90	797	Ubiquitin-ribosomal protein eS31 fusion protein	
RPS27AA	arabidopsis-thaliana	P59271	RPS27AA	P59271	117	1074	Ubiquitin-ribosomal protein eS31z fusion protein	
RPS27AA	oryza-sativa-subsp-japonica	Q9ARZ9	RPS27AA	Q9ARZ9	147	1402	Ubiquitin-ribosomal protein eS31z fusion protein	
RPS27AB	arabidopsis-thaliana	P59232	RPS27AB	P59232	120	1072	Ubiquitin-ribosomal protein eS31y fusion protein	
RPS27AB	oryza-sativa-subsp-japonica	P51431	RPS27AB	P51431	135	1402	Ubiquitin-ribosomal protein eS31y fusion protein	
RPS27AC	arabidopsis-thaliana	P59233	RPS27AC	P59233	116	1069	Ubiquitin-ribosomal protein eS31x fusion protein	
RPS27B	arabidopsis-thaliana	Q9M2F1	RPS27B	Q9M2F1	11	307	Small ribosomal subunit protein eS27y	
RPS27B	yeast	P38711	RPS27B	P38711	15	319	Small ribosomal subunit protein eS27B	
RPS27D	arabidopsis-thaliana	Q8L953	RPS27D	Q8L953	10	278	Small ribosomal subunit protein eS27w	
RPS27E	methanocaldococcus-jannaschii	P54028	rps27e	P54028	3	57	Small ribosomal subunit protein eS27	
RPS27L	human	Q71UM5	RPS27L	Q71UM5	80	739	Ribosomal protein eS27-like (40S ribosomal protein S27-like)	
RPS27L	mus-musculus	D3YYB0	Rps27l	D3YYB0	13	311	40S ribosomal protein S27	
RPS27L	rattus-norvegicus	P24051	Rps27l	P24051	26	503	Small ribosomal subunit protein eS27-like	
RPS27L3	rattus-norvegicus	M0RA26	Rps27l3	M0RA26	31	490	Ribosomal protein S27 like 3	
RPS28	dictyostelium-discoideum	Q54MZ5	rps28	Q54MZ5	5	251	Small ribosomal subunit protein eS28	
RPS28	human	P62857	RPS28	P62857	55	896	Small ribosomal subunit protein eS28 (40S ribosomal protein 	
RPS28	mus-musculus	P62858	Rps28	P62858	8	502	Small ribosomal subunit protein eS28	
RPS28	rattus-norvegicus	A0A0A0MY14	Rps28	A0A0A0MY14	11	591	Small ribosomal subunit protein eS28	
RPS28	rattus-norvegicus	P62859	Rps28	P62859	15	600	Small ribosomal subunit protein eS28	
RPS28	zea-mays	P46302	RPS28	P46302	14	670	Small ribosomal subunit protein eS28	
RPS28	zebrafish	Q6PBK3	rps28	Q6PBK3	16	485	Small ribosomal subunit protein eS28	
RPS28-LIKE	fly	FBgn0085211	RpS28-like	A8DYY3	6	40	Small ribosomal subunit protein eS28 (40S ribosomal protein 	
RPS28-PS4	rattus-norvegicus	F1M168	Rps28-ps4	F1M168	7	591	Small ribosomal subunit protein eS28	
RPS2802	schizosaccharomyces-pombe	P0CT80	rps2802	P0CT80	10	258	Small ribosomal subunit protein eS28B	
RPS28A	arabidopsis-thaliana	Q9SR73	RPS28A	Q9SR73	22	706	Small ribosomal subunit protein eS28z/eS28y	
RPS28A	fly	FBgn0039739	RpS28a	Q9VAB9	7	267	Small ribosomal subunit protein eS28 (40S ribosomal protein 	
RPS28A	yeast	Q3E7X9	RPS28A	Q3E7X9	10	335	Small ribosomal subunit protein eS28A	
RPS28B	candida-albicans-237561	A0A1D8PQN0	RPS28B	A0A1D8PQN0	9	230	Small ribosomal subunit protein eS28	
RPS28B	fly	FBgn0030136	RpS28b	Q9W334	33	364	Small ribosomal subunit protein eS28 (40S ribosomal protein 	
RPS28B	yeast	P0C0X0	RPS28B	P0C0X0	10	319	Small ribosomal subunit protein eS28B	
RPS28C	arabidopsis-thaliana	P34789	RPS28C	P34789	27	718	Small ribosomal subunit protein eS28x	
RPS28E	methanocaldococcus-jannaschii	P54065	rps28e	P54065	5	82	Small ribosomal subunit protein eS28	
RPS29	dictyostelium-discoideum	Q76P36	rps29	Q76P36	7	206	Small ribosomal subunit protein uS14	
RPS29	fly	FBgn0261599	RpS29	Q9VH69	25	356	Small ribosomal subunit protein uS14 (40S ribosomal protein 	
RPS29	human	P62273	RPS29	P62273	37	669	Small ribosomal subunit protein uS14 (40S ribosomal protein 	
RPS29	mus-musculus	P62274	Rps29	P62274	13	412	Small ribosomal subunit protein uS14	
RPS29	rattus-norvegicus	P62275	Rps29	P62275	41	561	Small ribosomal subunit protein uS14	
RPS29	schizosaccharomyces-pombe	O74329	rps29	O74329	12	280	Small ribosomal subunit protein uS14	
RPS29	zebrafish	Q6Q419	rps29	Q6Q419	20	544	Small ribosomal subunit protein uS14	
RPS29A	yeast	P41057	RPS29A	P41057	6	324	Small ribosomal subunit protein uS14A	
RPS29B	arabidopsis-thaliana	Q680P8	RPS29B	Q680P8	27	924	Small ribosomal subunit protein uS14z/uS14y/uS14x	
RPS29B	yeast	P41058	RPS29B	P41058	9	296	Small ribosomal subunit protein uS14B	
RPS2A	arabidopsis-thaliana	Q8L8Y0	RPS2A	Q8L8Y0	38	741	Small ribosomal subunit protein uS5z	
RPS2A	zea-mays	Q6R996	rps2A	Q6R996	44	873	Ribosomal protein S2	
RPS2B	zea-mays	Q6R9A6	rps2B	Q6R9A6	38	873	Ribosomal protein S2	
RPS2C	arabidopsis-thaliana	P49688	RPS2C	P49688	33	766	Small ribosomal subunit protein uS5x	
RPS2D	arabidopsis-thaliana	Q9SCM3	RPS2D	Q9SCM3	38	746	Small ribosomal subunit protein uS5w	
RPS3	arabidopsis-thaliana	P56798	rps3	P56798	8	493	Small ribosomal subunit protein uS3c	
RPS3	arabidopsis-thaliana	Q95749	RPS3	Q95749	1	75	Small ribosomal subunit protein uS3m	
RPS3	candida-albicans-237561	A0A1D8PSV5	RPS3	A0A1D8PSV5	7	266	Small ribosomal subunit protein uS3	
RPS3	cladophialophora-carrionii	A0A1C1CBL8	rps3	A0A1C1CBL8	13	304	40S ribosomal protein S3	
RPS3	dictyostelium-discoideum	P90526	rps3	P90526	8	266	Small ribosomal subunit protein uS3	
RPS3	fly	FBgn0002622	RpS3	Q06559	30	471	Small ribosomal subunit protein uS3 (40S ribosomal protein S	
RPS3	glycine-max	M1FIU0	rps3	M1FIU0	4	266	Small ribosomal subunit protein uS3m	
RPS3	glycine-max	Q2PMP7	rps3	Q2PMP7	29	1434	Small ribosomal subunit protein uS3c	
RPS3	human	P23396	RPS3	P23396	90	1625	Small ribosomal subunit protein uS3 (40S ribosomal protein S	
RPS3	methanocaldococcus-jannaschii	P54034	rps3	P54034	1	83	Small ribosomal subunit protein uS3	
RPS3	mus-musculus	P62908	Rps3	P62908	12	548	Small ribosomal subunit protein uS3	
RPS3	oryza-sativa-subsp-japonica	P0C485	rps3	P0C485	19	737	Small ribosomal subunit protein uS3c	
RPS3	oryza-sativa-subsp-japonica	P46773	RPS3	P46773	6	100	Small ribosomal subunit protein uS3m	
RPS3	rattus-norvegicus	P62909	Rps3	P62909	24	625	Small ribosomal subunit protein uS3	
RPS3	schizosaccharomyces-pombe	O60128	rps3	O60128	10	306	Small ribosomal subunit protein uS3	
RPS3	yeast	P05750	RPS3	P05750	25	953	Small ribosomal subunit protein uS3	
RPS3	zea-mays	P06586	rps3	P06586	17	709	Small ribosomal subunit protein uS3c	
RPS3	zea-mays	Q6R978	rps3	Q6R978	3	102	Small ribosomal subunit protein uS3m	
RPS30	candida-albicans-237561	A0A1D8PSK2	RPS30	A0A1D8PSK2	19	184	Small ribosomal subunit protein eS30	
RPS30	fly	FBgn0038834	RpS30	Q9VDH8	50	285	Ribosomal protein S30, isoform A (Ribosomal protein S30, iso	
RPS30	plasmodium-falciparum-36329	O96269	RPS30	O96269	32	325	Small ribosomal subunit protein eS30	
RPS30-1	dictyostelium-discoideum	Q556Y1	rps30-1	Q556Y1	30	340	Small ribosomal subunit protein eS30	
RPS3001	schizosaccharomyces-pombe	P0CT62	rps3001	P0CT62	19	215	Small ribosomal subunit protein eS30A	
RPS3002	schizosaccharomyces-pombe	P0CT63	rps3002	P0CT63	25	211	Small ribosomal subunit protein eS30B	
RPS30A	cladophialophora-carrionii	A0A1C1D2F8	rps30a	A0A1C1D2F8	22	218	40S ribosomal protein S30	
RPS30B	arabidopsis-thaliana	P49689	RPS30B	P49689	68	655	Small ribosomal subunit protein eS30z/eS30y/eS30x	
RPS30B	yeast	P0CX34	RPS30B	P0CX34	37	292	Small ribosomal subunit protein eS30B	
RPS31	arabidopsis-thaliana	O80439	RPS31	O80439	11	166	Small ribosomal subunit protein bTHXc	
RPS3A	arabidopsis-thaliana	Q9SIP7	RPS3A	Q9SIP7	21	696	Small ribosomal subunit protein uS3z	
RPS3A	dictyostelium-discoideum	Q54ZW5	rps3a	Q54ZW5	20	263	Small ribosomal subunit protein eS1	
RPS3A	fly	FBgn0017545	RpS3A	P55830	26	376	Small ribosomal subunit protein eS1 (40S ribosomal protein S	
RPS3A	human	P61247	RPS3A	P61247	51	1080	Small ribosomal subunit protein eS1 (40S ribosomal protein S	
RPS3A	mus-musculus	P97351	Rps3a	P97351	27	521	Small ribosomal subunit protein eS1	
RPS3A	oryza-sativa-subsp-japonica	P49397	RPS3A	P49397	23	797	Small ribosomal subunit protein eS1	
RPS3A	plasmodium-falciparum-36329	O97313	RPS3A	O97313	9	217	Small ribosomal subunit protein eS1	
RPS3A	rattus-norvegicus	P49242	Rps3a	P49242	16	630	Small ribosomal subunit protein eS1	
RPS3A	zebrafish	Q6PBY1	rps3a	Q6PBY1	15	540	Small ribosomal subunit protein eS1	
RPS3AA	arabidopsis-thaliana	Q9CAV0	RPS3AA	Q9CAV0	24	728	Small ribosomal subunit protein eS1z	
RPS3AB	arabidopsis-thaliana	Q42262	RPS3AB	Q42262	35	727	Small ribosomal subunit protein eS1y	
RPS3AE	methanocaldococcus-jannaschii	P54059	rps3ae	P54059	2	83	Small ribosomal subunit protein eS1	
RPS3B	arabidopsis-thaliana	Q9M339	RPS3B	Q9M339	20	707	Small ribosomal subunit protein uS3y	
RPS3C	arabidopsis-thaliana	Q9FJA6	RPS3C	Q9FJA6	18	693	Small ribosomal subunit protein uS3x	
RPS3L1	rattus-norvegicus	D3ZVH2	Rps3l1	D3ZVH2	26	607	Small ribosomal subunit protein uS3	
RPS3_211	fly	FBgn0002622	RpS3	Q06559	30	471		
RPS4	arabidopsis-thaliana	P56799	rps4	P56799	43	868	Small ribosomal subunit protein uS4c	
RPS4	arabidopsis-thaliana	Q31708	RPS4	Q31708	4	76	Small ribosomal subunit protein uS4m	
RPS4	arabidopsis-thaliana	Q9XGM3	RPS4	Q9XGM3	1	2	Disease resistance protein RPS4	
RPS4	cladophialophora-carrionii	A0A1C1C6W5	RPS4	A0A1C1C6W5	7	291	40S ribosomal protein S4	
RPS4	dictyostelium-discoideum	P51405	rps4	P51405	7	246	Small ribosomal subunit protein eS4	
RPS4	fly	FBgn0011284	RpS4	P41042	28	341	Small ribosomal subunit protein eS4 (40S ribosomal protein S	
RPS4	glycine-max	M1FIS9	rps4	M1FIS9	11	370	Ribosomal protein S4	
RPS4	glycine-max	Q2PMU5	rps4	Q2PMU5	97	1805	Small ribosomal subunit protein uS4c	
RPS4	human	P15880	RPS2	P15880	68	1100		
RPS4	human	P62701	RPS4X	P62701	34	814		
RPS4	methanocaldococcus-jannaschii	P54020	rps4	P54020	1	87	Small ribosomal subunit protein uS4	
RPS4	oryza-sativa-subsp-japonica	P0C488	rps4	P0C488	32	943	Small ribosomal subunit protein uS4c	
RPS4	oryza-sativa-subsp-japonica	P49398	RPS4	P49398	27	704	Small ribosomal subunit protein eS4	
RPS4	zea-mays	O22424	RPS4	O22424	22	357	Small ribosomal subunit protein eS4	
RPS4	zea-mays	P02355	rps4	P02355	37	710	Small ribosomal subunit protein uS4c	
RPS4	zea-mays	Q6R9N5	rps4	Q6R9N5	3	125	Ribosomal protein S4	
RPS401	schizosaccharomyces-pombe	P87158	rps401	P87158	9	201	Small ribosomal subunit protein eS4A	
RPS402	schizosaccharomyces-pombe	Q9USW5	rps402	Q9USW5	9	202	Small ribosomal subunit protein eS4B	
RPS403	schizosaccharomyces-pombe	Q9P4W9	rps403	Q9P4W9	8	201	Small ribosomal subunit protein eS4C	
RPS42	candida-albicans-237561	A0A1D8PCI6	RPS42	A0A1D8PCI6	9	217	Small ribosomal subunit protein eS4	
RPS4A	arabidopsis-thaliana	Q93VH9	RPS4A	Q93VH9	28	629	Small ribosomal subunit protein eS4z	
RPS4A	candida-albicans-237561	Q5A5Q8	RPS4A	Q5A5Q8	9	216	40S ribosomal protein S4	
RPS4A	yeast	P0CX35	RPS4A	P0CX35	22	445	Small ribosomal subunit protein eS4A	
RPS4B	arabidopsis-thaliana	P49204	RPS4B	P49204	22	622	Small ribosomal subunit protein eS4y	
RPS4B	yeast	P0CX36	RPS4B	P0CX36	11	331	Small ribosomal subunit protein eS4B	
RPS4D	arabidopsis-thaliana	Q8VYK6	RPS4D	Q8VYK6	26	621	Small ribosomal subunit protein eS4x	
RPS4E	methanocaldococcus-jannaschii	P54039	rps4e	P54039	2	81	Small ribosomal subunit protein eS4	
RPS4X	human	P62701	RPS4X	P62701	34	814	Small ribosomal subunit protein eS4, X isoform (40S ribosoma	
RPS4X	mus-musculus	P62702	Rps4x	P62702	14	414	Small ribosomal subunit protein eS4	
RPS4X	rattus-norvegicus	P62703	Rps4x	P62703	31	598	Small ribosomal subunit protein eS4	
RPS4X	zebrafish	Q642H9	rps4x	Q642H9	20	506	Small ribosomal subunit protein eS4	
RPS4X-PS13	rattus-norvegicus	D3ZX01	Rps4x-ps13	D3ZX01	21	593	Small ribosomal subunit protein eS4	
RPS4Y	human	P22090	RPS4Y1	P22090	23	606		
RPS4Y1	human	P22090	RPS4Y1	P22090	23	606	Small ribosomal subunit protein eS4, Y isoform 1 (40S riboso	
RPS4Y2	human	Q8TD47	RPS4Y2	Q8TD47	18	460	Small ribosomal subunit protein eS4, Y isoform 2 (40S riboso	
RPS4Y2P	human	Q8TD47	RPS4Y2	Q8TD47	18	460		
RPS5	arabidopsis-thaliana	O64973	RPS5	O64973	0	3	Disease resistance protein RPS5	
RPS5	arabidopsis-thaliana	P93014	rps5	P93014	29	748	Small ribosomal subunit protein uS5c	
RPS5	candida-albicans-237561	Q5AG43	RPS5	Q5AG43	14	269	Small ribosomal subunit protein uS7	
RPS5	dictyostelium-discoideum	Q54MA6	rps5	Q54MA6	14	312	Small ribosomal subunit protein uS7	
RPS5	human	P46782	RPS5	P46782	51	840	Small ribosomal subunit protein uS7 (40S ribosomal protein S	
RPS5	methanocaldococcus-jannaschii	P54045	rps5	P54045	3	91	Small ribosomal subunit protein uS5	
RPS5	mus-musculus	P97461	Rps5	P97461	22	490	Small ribosomal subunit protein uS7	
RPS5	rattus-norvegicus	P24050	Rps5	P24050	39	762	Small ribosomal subunit protein uS7	
RPS5	schizosaccharomyces-pombe	O14277	rps5	O14277	17	291	Small ribosomal subunit protein uS7A	
RPS5	yeast	P26783	RPS5	P26783	29	480	Small ribosomal subunit protein uS7	
RPS502	schizosaccharomyces-pombe	Q9P3T6	rps502	Q9P3T6	16	292	Small ribosomal subunit protein uS7B	
RPS5A	arabidopsis-thaliana	Q9ZUT9	RPS5A	Q9ZUT9	39	803	Small ribosomal subunit protein uS7z	
RPS5A	fly	FBgn0002590	RpS5a	Q24186	36	389	Small ribosomal subunit protein uS7A (40S ribosomal protein 	
RPS5B	arabidopsis-thaliana	P51427	RPS5B	P51427	33	790	Small ribosomal subunit protein uS7y	
RPS5B	fly	FBgn0038277	RpS5b	Q9VFE4	18	367	Small ribosomal subunit protein uS7B (40S ribosomal protein 	
RPS6	arabidopsis-thaliana	F4KHH8	RPS6	F4KHH8	0	12	Disease resistance protein RPS6	
RPS6	arabidopsis-thaliana	Q8VY91	RPS6	Q8VY91	6	171	Small ribosomal subunit protein bS6c	
RPS6	dictyostelium-discoideum	Q54UU3	rps6	Q54UU3	22	265	Small ribosomal subunit protein eS6	
RPS6	fly	FBgn0261592	RpS6	P29327	49	428	Small ribosomal subunit protein eS6 (40S ribosomal protein S	
RPS6	glycine-max	B2BF98	RPS6	B2BF98	112	1441	40S ribosomal protein S6	
RPS6	human	P62753	RPS6	P62753	93	1182	Small ribosomal subunit protein eS6 (40S ribosomal protein S	
RPS6	leishmania-infantum	A4HZI4	RPS6	A4HZI4	37	316	40S ribosomal protein S6	
RPS6	mus-musculus	P62754	Rps6	P62754	44	567	Small ribosomal subunit protein eS6	
RPS6	rattus-norvegicus	M0RD75	Rps6	M0RD75	48	622	40S ribosomal protein S6	
RPS6	rattus-norvegicus	P62755	Rps6	P62755	57	621	Small ribosomal subunit protein eS6	
RPS6	zebrafish	Q6DHL6	rps6	Q6DHL6	38	551	40S ribosomal protein S6	
RPS6-2	zea-mays	Q9FYS0	rps6-2	Q9FYS0	43	621	40S ribosomal protein S6	
RPS601	schizosaccharomyces-pombe	P05752	rps601	P05752	22	263	Small ribosomal subunit protein eS6A	
RPS602	schizosaccharomyces-pombe	Q9C0Z7	rps602	Q9C0Z7	22	276	Small ribosomal subunit protein eS6B	
RPS6A	arabidopsis-thaliana	O48549	RPS6A	O48549	53	812	Small ribosomal subunit protein eS6z	
RPS6A	candida-albicans-237561	A0A1D8PL99	RPS6A	A0A1D8PL99	20	278	Small ribosomal subunit protein eS6	
RPS6B	arabidopsis-thaliana	P51430	RPS6B	P51430	59	809	Small ribosomal subunit protein eS6y	
RPS6B	cladophialophora-carrionii	A0A1C1CY06	rps6b	A0A1C1CY06	24	383	40S ribosomal protein S6	
RPS6B	yeast	P0CX38	RPS6B	P0CX38	45	753	Small ribosomal subunit protein eS6B	
RPS6E	methanocaldococcus-jannaschii	P54067	rps6e	P54067	1	87	Small ribosomal subunit protein eS6	
RPS6KA1	human	Q15418	RPS6KA1	Q15418	134	1506	Ribosomal protein S6 kinase alpha-1 (S6K-alpha-1) (EC 2.7.11	
RPS6KA1	mus-musculus	P18653	Rps6ka1	P18653	4	59	Ribosomal protein S6 kinase alpha-1	
RPS6KA1	rattus-norvegicus	Q63531	Rps6ka1	Q63531	6	47	Ribosomal protein S6 kinase alpha-1	
RPS6KA2	human	Q15349	RPS6KA2	Q15349	163	1502	Ribosomal protein S6 kinase alpha-2 (S6K-alpha-2) (EC 2.7.11	
RPS6KA2	mus-musculus	Q9WUT3	Rps6ka2	Q9WUT3	3	18	Ribosomal protein S6 kinase alpha-2	
RPS6KA2	rattus-norvegicus	F1M7N7	Rps6ka2	F1M7N7	3	18	Ribosomal protein S6 kinase	
RPS6KA2	zebrafish	E7F164	rps6ka2	E7F164	15	49	Ribosomal protein S6 kinase (EC 2.7.11.1)	
RPS6KA3	human	P51812	RPS6KA3	P51812	49	425	Ribosomal protein S6 kinase alpha-3 (S6K-alpha-3) (EC 2.7.11	
RPS6KA3	mus-musculus	P18654	Rps6ka3	P18654	8	38	Ribosomal protein S6 kinase alpha-3	
RPS6KA3	rattus-norvegicus	D3Z8E0	Rps6ka3	D3Z8E0	8	41	Ribosomal protein S6 kinase	
RPS6KA3B	zebrafish	F1R2A7	rps6ka3b	F1R2A7	2	17	non-specific serine/threonine protein kinase	
RPS6KA4	human	O75676	RPS6KA4	O75676	17	168	Ribosomal protein S6 kinase alpha-4 (S6K-alpha-4) (EC 2.7.11	
RPS6KA4	mus-musculus	Q9Z2B9	Rps6ka4	Q9Z2B9	0	8	Ribosomal protein S6 kinase alpha-4	
RPS6KA4	rattus-norvegicus	D3ZSB7	Rps6ka4	D3ZSB7	0	6	Ribosomal protein S6 kinase	
RPS6KA4	zebrafish	A2BIB3	rps6ka4	A2BIB3	0	10	Ribosomal protein S6 kinase	
RPS6KA5	human	O75582	RPS6KA5	O75582	39	319	Ribosomal protein S6 kinase alpha-5 (S6K-alpha-5) (EC 2.7.11	
RPS6KA5	mus-musculus	Q8C050	Rps6ka5	Q8C050	0	14	Ribosomal protein S6 kinase alpha-5	
RPS6KA5	rattus-norvegicus	A0A0G2K366	Rps6ka5	A0A0G2K366	0	12	non-specific serine/threonine protein kinase	
RPS6KA5	zebrafish	E7FE05	rps6ka5	E7FE05	15	58	Ribosomal protein S6 kinase (EC 2.7.11.1)	
RPS6KA6	human	Q9UK32	RPS6KA6	Q9UK32	28	216	Ribosomal protein S6 kinase alpha-6 (S6K-alpha-6) (EC 2.7.11	
RPS6KA6	mus-musculus	Q7TPS0	Rps6ka6	Q7TPS0	0	7	Ribosomal protein S6 kinase alpha-6	
RPS6KA6	rattus-norvegicus	F1LYL8	Rps6ka6	F1LYL8	3	15	Ribosomal protein S6 kinase	
RPS6KA6	zebrafish	Q6PFQ0	rps6ka6	Q6PFQ0	2	17	Ribosomal protein S6 kinase alpha-6	
RPS6KB1	cladophialophora-carrionii	A0A1C1CEN5	Rps6kb1	A0A1C1CEN5	1	11	Ribosomal protein S6 kinase beta-1	
RPS6KB1	human	P23443	RPS6KB1	P23443	279	1563	Ribosomal protein S6 kinase beta-1 (S6K-beta-1) (S6K1) (EC 2	
RPS6KB1	mus-musculus	Q8BSK8	Rps6kb1	Q8BSK8	5	50	Ribosomal protein S6 kinase beta-1	
RPS6KB1	rattus-norvegicus	P67999	Rps6kb1	P67999	4	54	Ribosomal protein S6 kinase beta-1	
RPS6KB1	zebrafish	Q802Y7	rps6kb1b	Q802Y7	6	21		
RPS6KB1A	zebrafish	A0A8N7UVV0	rps6kb1a	A0A8N7UVV0	7	39	Ribosomal protein S6 kinase	
RPS6KB1B	zebrafish	Q802Y7	rps6kb1b	Q802Y7	6	21	Ribosomal protein S6 kinase (EC 2.7.11.1)	
RPS6KB2	human	Q9UBS0	RPS6KB2	Q9UBS0	264	1585	Ribosomal protein S6 kinase beta-2 (S6K-beta-2) (S6K2) (EC 2	
RPS6KB2	mus-musculus	Q9Z1M4	Rps6kb2	Q9Z1M4	1	27	Ribosomal protein S6 kinase beta-2	
RPS6KB2	rattus-norvegicus	D4AE24	Rps6kb2	D4AE24	2	33	Ribosomal protein S6 kinase	
RPS6KC1	fly	FBgn0038588	Rps6kc1	Q9VEA9	115	1115	LD24550p	
RPS6KC1	human	Q96S38	RPS6KC1	Q96S38	21	96	Inactive ribosomal protein S6 kinase delta-1 (S6K-delta-1) (	
RPS6KC1	mus-musculus	Q8BLK9	Rps6kc1	Q8BLK9	0	5	Ribosomal protein S6 kinase delta-1	
RPS6KC1	rattus-norvegicus	A0A0G2KB60	Rps6kc1	A0A0G2KB60	0	4	Ribosomal protein S6 kinase delta-1	
RPS6KC1	zebrafish	A0A0R4IV01	rps6kc1	A0A0R4IV01	7	30	Ribosomal protein S6 kinase delta-1 (EC 2.7.11.1)	
RPS6KL1	human	Q9Y6S9	RPS6KL1	Q9Y6S9	147	1221	Ribosomal protein S6 kinase-like 1 (EC 2.7.11.1)	
RPS6KL1	mus-musculus	Q8R2S1	Rps6kl1	Q8R2S1	1	4	Ribosomal protein S6 kinase-like 1	
RPS6KL1	rattus-norvegicus	D4AAT5	Rps6kl1	D4AAT5	1	4	Ribosomal protein S6 kinase-like 1	
RPS6_245	fly	FBgn0261592	RpS6	P29327	49	428		
RPS7	arabidopsis-thaliana	P92557	RPS7	P92557	34	809	Small ribosomal subunit protein uS7m	
RPS7	dictyostelium-discoideum	Q54I41	rps7	Q54I41	19	262	Small ribosomal subunit protein eS7	
RPS7	fly	FBgn0039757	RpS7	Q9VA91	21	383	Small ribosomal subunit protein eS7 (40S ribosomal protein S	
RPS7	human	P62081	RPS7	P62081	48	893	Small ribosomal subunit protein eS7 (40S ribosomal protein S	
RPS7	methanocaldococcus-jannaschii	P54063	rps7	P54063	5	89	Small ribosomal subunit protein uS7	
RPS7	mus-musculus	P62082	Rps7	P62082	16	496	Small ribosomal subunit protein eS7	
RPS7	oryza-sativa-subsp-japonica	Q8HCR2	rps7	Q8HCR2	52	931	Small ribosomal subunit protein uS7m	
RPS7	oryza-sativa-subsp-japonica	Q8LJU5	RPS7	Q8LJU5	20	826	Small ribosomal subunit protein eS7	
RPS7	rattus-norvegicus	P62083	Rps7	P62083	27	628	Small ribosomal subunit protein eS7	
RPS7	schizosaccharomyces-pombe	Q10101	rps7	Q10101	17	310	Small ribosomal subunit protein eS7	
RPS7	zea-mays	Q6R9A4	rps7	Q6R9A4	40	807	Small ribosomal subunit protein uS7m	
RPS7	zebrafish	P62084	rps7	P62084	18	508	Small ribosomal subunit protein eS7	
RPS7-A	glycine-max	P07135	rps7-A	P07135	51	1742	Small ribosomal subunit protein uS7cz/uS7cy	
RPS7-A	oryza-sativa-subsp-japonica	P0C491	rps7-A	P0C491	34	900	Small ribosomal subunit protein uS7cz/uS7cy	
RPS7-A	zea-mays	P12339	rps7-A	P12339	27	807	Small ribosomal subunit protein uS7cz/uS7cy	
RPS7-CT	zea-mays	Q6R9D1	rps7-ct	Q6R9D1	26	807	Ribosomal protein S7	
RPS7-PS20	rattus-norvegicus	Q6AY74	Rps7-ps20	Q6AY74	23	615	40S ribosomal protein S7	
RPS7A	arabidopsis-thaliana	Q9C514	RPS7A	Q9C514	19	738	Small ribosomal subunit protein eS7z	
RPS7A	candida-albicans-237561	Q5AJ93	RPS7A	Q5AJ93	13	281	Small ribosomal subunit protein eS7	
RPS7A	yeast	P26786	RPS7A	P26786	25	747	Small ribosomal subunit protein eS7A	
RPS7B	arabidopsis-thaliana	Q9M885	RPS7B	Q9M885	21	727	Small ribosomal subunit protein eS7y	
RPS7B	yeast	P48164	RPS7B	P48164	12	318	Small ribosomal subunit protein eS7B	
RPS7C	arabidopsis-thaliana	Q8LD03	RPS7C	Q8LD03	24	739	Small ribosomal subunit protein eS7x	
RPS7_184	fly	FBgn0039757	RpS7	Q9VA91	21	383		
RPS8	arabidopsis-thaliana	P56801	rps8	P56801	27	703	Small ribosomal subunit protein uS8c	
RPS8	dictyostelium-discoideum	Q54E24	rps8	Q54E24	15	255	Small ribosomal subunit protein eS8	
RPS8	fly	FBgn0039713	RpS8	Q8MLY8	40	368	Small ribosomal subunit protein eS8 (40S ribosomal protein S	
RPS8	glycine-max	Q2PMQ0	rps8	Q2PMQ0	99	1701	Small ribosomal subunit protein uS8c	
RPS8	human	P62241	RPS8	P62241	77	1052	Small ribosomal subunit protein eS8 (40S ribosomal protein S	
RPS8	methanocaldococcus-jannaschii	P54041	rps8	P54041	5	83	Small ribosomal subunit protein uS8	
RPS8	mus-musculus	P62242	Rps8	P62242	35	516	Small ribosomal subunit protein eS8	
RPS8	oryza-sativa-subsp-japonica	P0C494	rps8	P0C494	42	868	Small ribosomal subunit protein uS8c	
RPS8	oryza-sativa-subsp-japonica	P49199	RPS8	P49199	27	771	Small ribosomal subunit protein eS8	
RPS8	rattus-norvegicus	P62243	Rps8	P62243	36	522	Small ribosomal subunit protein eS8	
RPS8	zea-mays	P08530	rps8	P08530	44	738	Small ribosomal subunit protein uS8c	
RPS8	zea-mays	Q08069	RPS8	Q08069	25	512	Small ribosomal subunit protein eS8	
RPS8	zebrafish	P62247	rps8	P62247	21	504	Small ribosomal subunit protein eS8	
RPS8-PS17	rattus-norvegicus	M0R7Q5	Rps8-ps17	M0R7Q5	34	518	40S ribosomal protein S8	
RPS801	schizosaccharomyces-pombe	O14049	rps801	O14049	16	261	Small ribosomal subunit protein eS8A	
RPS802	schizosaccharomyces-pombe	Q9P7B2	rps802	Q9P7B2	24	269	Small ribosomal subunit protein eS8B	
RPS8A	arabidopsis-thaliana	Q93VG5	RPS8A	Q93VG5	38	693	Small ribosomal subunit protein eS8z	
RPS8A	candida-albicans-237561	Q59T44	RPS8A	Q59T44	16	252	Small ribosomal subunit protein eS8	
RPS8B	arabidopsis-thaliana	Q9FIF3	RPS8B	Q9FIF3	35	679	Small ribosomal subunit protein eS8y	
RPS8B	cladophialophora-carrionii	A0A1C1CIR8	rps8b	A0A1C1CIR8	14	291	40S ribosomal protein S8	
RPS8B	yeast	P0CX40	RPS8B	P0CX40	43	768	Small ribosomal subunit protein eS8B	
RPS8B	zebrafish	B5DDE8	rps8b	B5DDE8	29	503	40S ribosomal protein S8	
RPS8E	methanocaldococcus-jannaschii	P54055	rps8e	P54055	1	69	Small ribosomal subunit protein eS8	
RPS8L1	rattus-norvegicus	D3ZIE1	Rps8l1	D3ZIE1	40	518	40S ribosomal protein S8	
RPS8_1_191	fly	FBgn0039713	RpS8	Q8MLY8	40	368		
RPS9	arabidopsis-thaliana	Q9XJ27	RPS9	Q9XJ27	26	591	Small ribosomal subunit protein uS9c	
RPS9	cladophialophora-carrionii	A0A1C1CYR4	RPS9	A0A1C1CYR4	12	360	40S ribosomal protein S9	
RPS9	dictyostelium-discoideum	P14132	rps9	P14132	9	257	Small ribosomal subunit protein uS4	
RPS9	fly	FBgn0010408	RpS9	P55935	22	438	Small ribosomal subunit protein uS4 (40S ribosomal protein S	
RPS9	human	P46781	RPS9	P46781	54	1094	Small ribosomal subunit protein uS4 (40S ribosomal protein S	
RPS9	methanocaldococcus-jannaschii	P54024	rps9	P54024	7	100	Small ribosomal subunit protein uS9	
RPS9	mus-musculus	Q6ZWN5	Rps9	Q6ZWN5	19	541	Small ribosomal subunit protein uS4	
RPS9	oryza-sativa-subsp-japonica	Q9XJ28	rps9	Q9XJ28	34	776	Small ribosomal subunit protein uS9c	
RPS9	rattus-norvegicus	P29314	Rps9	P29314	16	652	Small ribosomal subunit protein uS4	
RPS9	zebrafish	Q6P5M3	rps9	Q6P5M3	22	651	Small ribosomal subunit protein uS4	
RPS902	schizosaccharomyces-pombe	O59675	rps902	O59675	17	293	Small ribosomal subunit protein uS4B	
RPS9A	yeast	O13516	RPS9A	O13516	14	732	Small ribosomal subunit protein uS4A	
RPS9B	arabidopsis-thaliana	Q9LXG1	RPS9B	Q9LXG1	30	885	Small ribosomal subunit protein uS4z	
RPS9B	candida-albicans-237561	A0A1D8PGY8	RPS9B	A0A1D8PGY8	6	263	Small ribosomal subunit protein uS4	
RPS9B	yeast	P05755	RPS9B	P05755	10	379	Small ribosomal subunit protein uS4B	
RPS9C	arabidopsis-thaliana	Q9FLF0	RPS9C	Q9FLF0	28	869	Small ribosomal subunit protein uS4y	
RPS9L1	rattus-norvegicus	D3ZV50	Rps9l1	D3ZV50	17	645	Small ribosomal subunit protein uS4	
RPS9M	arabidopsis-thaliana	Q8L6Z4	RPS9M	Q8L6Z4	48	613	Small ribosomal subunit protein uS9m	
RPS9_8	fly	FBgn0010408	RpS9	P55935	22	438		
RPSA	campylobacter-jejuni-subsp-jejuni-serotype-o-2	Q0PA05	rpsA	Q0PA05	2	82	30S ribosomal protein S1	
RPSA	dictyostelium-discoideum	Q55BY1	rpsA	Q55BY1	13	260	Small ribosomal subunit protein uS2	
RPSA	helicobacter-pylori	P56008	rpsA	P56008	1	83	Small ribosomal subunit protein bS1	
RPSA	human	A0A8I5KQE6	RPSA2	A0A8I5KQE6	1	2		
RPSA	human	P08865	RPSA	P08865	59	941	Small ribosomal subunit protein uS2 (37 kDa laminin receptor	
RPSA	mus-musculus	P14206	Rpsa	P14206	25	441	Small ribosomal subunit protein uS2	
RPSA	mycobacterium-leprae	P46836	rpsA	P46836	1	95	Small ribosomal subunit protein bS1	
RPSA	mycobacterium-tuberculosis	P9WH43	rpsA	P9WH43	1	95	Small ribosomal subunit protein bS1	
RPSA	neisseria-gonorrhoeae	Q5F905	rpsA	Q5F905	1	93	30S ribosomal protein S1	
RPSA	nocardia-brasiliensis	K0EUG9	rpsA	K0EUG9	1	129	Small ribosomal subunit protein bS1	
RPSA	pseudomonas-aeruginosa	Q9HZ71	rpsA	Q9HZ71	1	116	Small ribosomal subunit protein bS1	
RPSA	rattus-norvegicus	P38983	Rpsa	P38983	39	690	Small ribosomal subunit protein uS2	
RPSA	salmonella-typhimurium	Q7CQT9	rpsA	Q7CQT9	1	100	30S ribosomal protein S1	
RPSA	shigella-dysenteriae-serotype-1	Q32E31	rpsA	Q32E31	1	103	30S ribosomal protein S1	
RPSA	shigella-flexneri	P0AG70	rpsA	P0AG70	0	9	Small ribosomal subunit protein bS1	
RPSA	streptococcus-pneumoniae	Q8CWR9	rpsA	Q8CWR9	1	80	Small ribosomal subunit protein bS1	
RPSA	zebrafish	Q803F6	rpsa	Q803F6	30	644	Small ribosomal subunit protein uS2	
RPSA2	human	A0A8I5KQE6	RPSA2	A0A8I5KQE6	1	2	Small ribosomal subunit protein uS2B (37 kDa laminin recepto	
RPSA2_HUMAN	human	A0A8I5KQE6	RPSA2	A0A8I5KQE6	1	2		
RPSAA	arabidopsis-thaliana	Q08682	RPSaA	Q08682	56	852	Small ribosomal subunit protein uS2z	
RPSAB	arabidopsis-thaliana	Q8H173	RPSaB	Q8H173	54	835	Small ribosomal subunit protein uS2y	
RPSAP58	human	A0A8I5KQE6	RPSA2	A0A8I5KQE6	1	2		
RPSB	campylobacter-jejuni-subsp-jejuni-serotype-o-2	Q9PNB3	rpsB	Q9PNB3	1	144	Small ribosomal subunit protein uS2	
RPSB	escherichia-coli-83333	P0A7V0	rpsB	P0A7V0	4	157	Small ribosomal subunit protein uS2	
RPSB	haemophilus-influenzae	P44371	rpsB	P44371	2	134	Small ribosomal subunit protein uS2	
RPSB	helicobacter-pylori	P56009	rpsB	P56009	4	114	Small ribosomal subunit protein uS2	
RPSB	klebsiella-pneumoniae-subsp-pneumoniae	A0A0H3GS30	rpsB	A0A0H3GS30	8	268	Small ribosomal subunit protein uS2	
RPSB	mycobacterium-leprae	O33038	rpsB	O33038	3	187	Small ribosomal subunit protein uS2	
RPSB	mycobacterium-tuberculosis	P9WH39	rpsB	P9WH39	6	253	Small ribosomal subunit protein uS2	
RPSB	neisseria-gonorrhoeae	Q5F5F3	rpsB	Q5F5F3	3	150	Small ribosomal subunit protein uS2	
RPSB	nocardia-brasiliensis	K0F9R7	rpsB	K0F9R7	8	439	Small ribosomal subunit protein uS2	
RPSB	pseudomonas-aeruginosa	O82850	rpsB	O82850	2	243	Small ribosomal subunit protein uS2	
RPSB	salmonella-typhimurium	P66541	rpsB	P66541	7	188	Small ribosomal subunit protein uS2	
RPSB	shigella-dysenteriae-serotype-1	Q32JU0	rpsB	Q32JU0	7	175	Small ribosomal subunit protein uS2	
RPSB	staphylococcus-aureus-93061	Q2FZ25	rpsB	Q2FZ25	1	126	Small ribosomal subunit protein uS2	
RPSB	streptococcus-pneumoniae	Q8CWM8	rpsB	Q8CWM8	3	123	Small ribosomal subunit protein uS2	
RPSC	campylobacter-jejuni-subsp-jejuni-serotype-o-2	Q9PLX7	rpsC	Q9PLX7	7	113	Small ribosomal subunit protein uS3	
RPSC	escherichia-coli-83333	P0A7V3	rpsC	P0A7V3	3	123	Small ribosomal subunit protein uS3	
RPSC	haemophilus-influenzae	P44372	rpsC	P44372	3	115	Small ribosomal subunit protein uS3	
RPSC	helicobacter-pylori	P56010	rpsC	P56010	4	93	Small ribosomal subunit protein uS3	
RPSC	klebsiella-pneumoniae-subsp-pneumoniae	A0A0H3GU21	rpsC	A0A0H3GU21	3	251	Small ribosomal subunit protein uS3	
RPSC	mycobacterium-leprae	O32987	rpsC	O32987	6	162	Small ribosomal subunit protein uS3	
RPSC	mycobacterium-tuberculosis	P9WH37	rpsC	P9WH37	5	202	Small ribosomal subunit protein uS3	
RPSC	neisseria-gonorrhoeae	Q5F5T3	rpsC	Q5F5T3	4	142	Small ribosomal subunit protein uS3	
RPSC	nocardia-brasiliensis	K0EHS4	rpsC	K0EHS4	9	346	Small ribosomal subunit protein uS3	
RPSC	pseudomonas-aeruginosa	Q9HWE1	rpsC	Q9HWE1	5	198	Small ribosomal subunit protein uS3	
RPSC	salmonella-typhimurium	P0A7V6	rpsC	P0A7V6	2	158	Small ribosomal subunit protein uS3	
RPSC	shigella-dysenteriae-serotype-1	Q32B37	rpsC	Q32B37	3	150	Small ribosomal subunit protein uS3	
RPSC	staphylococcus-aureus-93061	Q2FW12	rpsC	Q2FW12	4	117	Small ribosomal subunit protein uS3	
RPSC	streptococcus-pneumoniae	P0A4C4	rpsC	P0A4C4	2	105	Small ribosomal subunit protein uS3	
RPSD	campylobacter-jejuni-subsp-jejuni-serotype-o-2	Q9PM81	rpsD	Q9PM81	6	129	Small ribosomal subunit protein uS4	
RPSD	escherichia-coli-83333	P0A7V8	rpsD	P0A7V8	0	157	Small ribosomal subunit protein uS4	
RPSD	haemophilus-influenzae	P44373	rpsD	P44373	0	120	Small ribosomal subunit protein uS4	
RPSD	helicobacter-pylori	P56011	rpsD	P56011	6	108	Small ribosomal subunit protein uS4	
RPSD	klebsiella-pneumoniae-subsp-pneumoniae	A0A0H3GWI6	rpsD	A0A0H3GWI6	4	274	Small ribosomal subunit protein uS4	
RPSD	mycobacterium-leprae	Q9X799	rpsD	Q9X799	7	168	Small ribosomal subunit protein uS4	
RPSD	mycobacterium-tuberculosis	P9WH35	rpsD	P9WH35	9	247	Small ribosomal subunit protein uS4	
RPSD	neisseria-gonorrhoeae	Q5F5V1	rpsD	Q5F5V1	2	146	Small ribosomal subunit protein uS4	
RPSD	nocardia-brasiliensis	K0EHY7	rpsD	K0EHY7	6	409	Small ribosomal subunit protein uS4	
RPSD	pseudomonas-aeruginosa	O52759	rpsD	O52759	3	246	Small ribosomal subunit protein uS4	
RPSD	salmonella-typhimurium	O54297	rpsD	O54297	1	190	Small ribosomal subunit protein uS4	
RPSD	shigella-dysenteriae-serotype-1	Q32B55	rpsD	Q32B55	1	176	Small ribosomal subunit protein uS4	
RPSD	staphylococcus-aureus-93061	Q2FXK6	rpsD	Q2FXK6	0	132	Small ribosomal subunit protein uS4	
RPSD	streptococcus-pneumoniae	P66566	rpsD	P66566	1	117	Small ribosomal subunit protein uS4	
RPSE	campylobacter-jejuni-subsp-jejuni-serotype-o-2	Q9PLY8	rpsE	Q9PLY8	3	129	Small ribosomal subunit protein uS5	
RPSE	escherichia-coli-83333	P0A7W1	rpsE	P0A7W1	3	160	Small ribosomal subunit protein uS5	
RPSE	haemophilus-influenzae	P44374	rpsE	P44374	3	129	Small ribosomal subunit protein uS5	
RPSE	helicobacter-pylori	P66572	rpsE	P66572	6	113	Small ribosomal subunit protein uS5	
RPSE	klebsiella-pneumoniae-subsp-pneumoniae	A0A0H3H3V5	rpsE	A0A0H3H3V5	3	235	Small ribosomal subunit protein uS5	
RPSE	mycobacterium-leprae	O33000	rpsE	O33000	11	174	Small ribosomal subunit protein uS5	
RPSE	mycobacterium-tuberculosis	P9WH33	rpsE	P9WH33	9	246	Small ribosomal subunit protein uS5	
RPSE	neisseria-gonorrhoeae	Q5F5U4	rpsE	Q5F5U4	5	154	Small ribosomal subunit protein uS5	
RPSE	nocardia-brasiliensis	K0ENA6	rpsE	K0ENA6	21	449	Small ribosomal subunit protein uS5	
RPSE	pseudomonas-aeruginosa	Q9HWF2	rpsE	Q9HWF2	6	246	Small ribosomal subunit protein uS5	
RPSE	salmonella-typhimurium	P0A7W4	rpsE	P0A7W4	2	192	Small ribosomal subunit protein uS5	
RPSE	shigella-dysenteriae-serotype-1	Q32B48	rpsE	Q32B48	3	174	Small ribosomal subunit protein uS5	
RPSE	staphylococcus-aureus-93061	Q2FW23	rpsE	Q2FW23	5	137	Small ribosomal subunit protein uS5	
RPSE	streptococcus-pneumoniae	P66582	rpsE	P66582	7	125	Small ribosomal subunit protein uS5	
RPSF	campylobacter-jejuni-subsp-jejuni-serotype-o-2	Q9ZAH3	rpsF	Q9ZAH3	3	107	Small ribosomal subunit protein bS6	
RPSF	escherichia-coli-83333	P02358	rpsF	P02358	2	122	Small ribosomal subunit protein bS6	
RPSF	haemophilus-influenzae	P44375	rpsF	P44375	2	108	Small ribosomal subunit protein bS6	
RPSF	helicobacter-pylori	P56013	rpsF	P56013	7	108	Small ribosomal subunit protein bS6	
RPSF	klebsiella-pneumoniae-subsp-pneumoniae	A0A0H3GQP2	rpsF	A0A0H3GQP2	7	182	Small ribosomal subunit protein bS6	
RPSF	mycobacterium-leprae	P46389	rpsF	P46389	4	127	Small ribosomal subunit protein bS6	
RPSF	mycobacterium-tuberculosis	P9WH31	rpsF	P9WH31	5	166	Small ribosomal subunit protein bS6	
RPSF	neisseria-gonorrhoeae	Q5F925	rpsF	Q5F925	3	122	Small ribosomal subunit protein bS6	
RPSF	nocardia-brasiliensis	K0FA00	rpsF	K0FA00	8	257	Small ribosomal subunit protein bS6	
RPSF	pseudomonas-aeruginosa	Q9HUM9	rpsF	Q9HUM9	4	179	Small ribosomal subunit protein bS6	
RPSF	salmonella-typhimurium	P66593	rpsF	P66593	1	150	Small ribosomal subunit protein bS6	
RPSF	shigella-dysenteriae-serotype-1	Q328J9	rpsF	Q328J9	2	138	Small ribosomal subunit protein bS6	
RPSF	staphylococcus-aureus-93061	Q2G113	rpsF	Q2G113	3	124	Small ribosomal subunit protein bS6	
RPSF	streptococcus-pneumoniae	P66603	rpsF	P66603	2	109	Small ribosomal subunit protein bS6	
RPSG	campylobacter-jejuni-subsp-jejuni-serotype-o-2	Q9PI17	rpsG	Q9PI17	3	133	Small ribosomal subunit protein uS7	
RPSG	escherichia-coli-83333	P02359	rpsG	P02359	6	152	Small ribosomal subunit protein uS7	
RPSG	haemophilus-influenzae	P44376	rpsG	P44376	1	124	Small ribosomal subunit protein uS7	
RPSG	helicobacter-pylori	P66609	rpsG	P66609	3	112	Small ribosomal subunit protein uS7	
RPSG	klebsiella-pneumoniae-subsp-pneumoniae	A0A0H3H3X4	rpsG	A0A0H3H3X4	6	223	Small ribosomal subunit protein uS7	
RPSG	mycobacterium-leprae	P30764	rpsG	P30764	4	165	Small ribosomal subunit protein uS7	
RPSG	mycobacterium-tuberculosis	P9WH29	rpsG	P9WH29	7	249	Small ribosomal subunit protein uS7	
RPSG	neisseria-gonorrhoeae	Q5F5S2	rpsG	Q5F5S2	4	148	Small ribosomal subunit protein uS7	
RPSG	nocardia-brasiliensis	K0F877	rpsG	K0F877	8	415	Small ribosomal subunit protein uS7	
RPSG	pseudomonas-aeruginosa	Q9HWD1	rpsG	Q9HWD1	8	228	Small ribosomal subunit protein uS7	
RPSG	salmonella-typhimurium	P0A2B3	rpsG	P0A2B3	3	188	Small ribosomal subunit protein uS7	
RPSG	shigella-dysenteriae-serotype-1	Q32B25	rpsG	Q32B25	5	172	Small ribosomal subunit protein uS7	
RPSG	staphylococcus-aureus-93061	P48940	rpsG	P48940	2	134	Small ribosomal subunit protein uS7	
RPSG	streptococcus-pneumoniae	Q8CWU6	rpsG	Q8CWU6	2	117	Small ribosomal subunit protein uS7	
RPSH	campylobacter-jejuni-subsp-jejuni-serotype-o-2	Q9PLY5	rpsH	Q9PLY5	8	127	Small ribosomal subunit protein uS8	
RPSH	escherichia-coli-83333	P0A7W7	rpsH	P0A7W7	9	152	Small ribosomal subunit protein uS8	
RPSH	haemophilus-influenzae	P44377	rpsH	P44377	10	121	Small ribosomal subunit protein uS8	
RPSH	helicobacter-pylori	P66621	rpsH	P66621	5	105	Small ribosomal subunit protein uS8	
RPSH	klebsiella-pneumoniae-subsp-pneumoniae	A0A0H3GYB0	rpsH	A0A0H3GYB0	12	216	Small ribosomal subunit protein uS8	
RPSH	mycobacterium-leprae	O32997	rpsH	O32997	10	152	Small ribosomal subunit protein uS8	
RPSH	mycobacterium-tuberculosis	P9WH27	rpsH	P9WH27	11	188	Small ribosomal subunit protein uS8	
RPSH	neisseria-gonorrhoeae	Q5F5U1	rpsH	Q5F5U1	13	143	Small ribosomal subunit protein uS8	
RPSH	nocardia-brasiliensis	K0EPC9	rpsH	K0EPC9	15	290	Small ribosomal subunit protein uS8	
RPSH	pseudomonas-aeruginosa	Q9HWE9	rpsH	Q9HWE9	17	228	Small ribosomal subunit protein uS8	
RPSH	salmonella-typhimurium	P0A7X0	rpsH	P0A7X0	16	183	Small ribosomal subunit protein uS8	
RPSH	shigella-dysenteriae-serotype-1	Q32B45	rpsH	Q32B45	8	163	Small ribosomal subunit protein uS8	
RPSH	staphylococcus-aureus-93061	Q2FW20	rpsH	Q2FW20	6	116	Small ribosomal subunit protein uS8	
RPSH	streptococcus-pneumoniae	P66633	rpsH	P66633	4	108	Small ribosomal subunit protein uS8	
RPSI	campylobacter-jejuni-subsp-jejuni-serotype-o-2	Q9PMI3	rpsI	Q9PMI3	3	107	Small ribosomal subunit protein uS9	
RPSI	escherichia-coli-83333	P0A7X3	rpsI	P0A7X3	12	125	Small ribosomal subunit protein uS9	
RPSI	helicobacter-pylori	P66637	rpsI	P66637	4	105	Small ribosomal subunit protein uS9	
RPSI	klebsiella-pneumoniae-subsp-pneumoniae	A0A0H3GY63	rpsI	A0A0H3GY63	14	170	Small ribosomal subunit protein uS9	
RPSI	mycobacterium-leprae	P40828	rpsI	P40828	5	122	Small ribosomal subunit protein uS9	
RPSI	mycobacterium-tuberculosis	P9WH25	rpsI	P9WH25	8	167	Small ribosomal subunit protein uS9	
RPSI	neisseria-gonorrhoeae	Q5F5A4	rpsI	Q5F5A4	9	124	Small ribosomal subunit protein uS9	
RPSI	nocardia-brasiliensis	K0ENH6	rpsI	K0ENH6	12	274	Small ribosomal subunit protein uS9	
RPSI	pseudomonas-aeruginosa	Q9HVY3	rpsI	Q9HVY3	11	185	Small ribosomal subunit protein uS9	
RPSI	salmonella-typhimurium	P66643	rpsI	P66643	10	151	Small ribosomal subunit protein uS9	
RPSI	shigella-dysenteriae-serotype-1	Q32BA9	rpsI	Q32BA9	14	139	Small ribosomal subunit protein uS9	
RPSI	staphylococcus-aureus-93061	Q2FW39	rpsI	Q2FW39	8	129	Small ribosomal subunit protein uS9	
RPSI	streptococcus-pneumoniae	Q8CWU4	rpsI	Q8CWU4	4	111	Small ribosomal subunit protein uS9	
RPSJ	campylobacter-jejuni-subsp-jejuni-serotype-o-2	Q9PLX0	rpsJ	Q9PLX0	11	176	Small ribosomal subunit protein uS10	
RPSJ	escherichia-coli-83333	P0A7R5	rpsJ	P0A7R5	6	151	Small ribosomal subunit protein uS10	
RPSJ	helicobacter-pylori	P66328	rpsJ	P66328	7	111	Small ribosomal subunit protein uS10	
RPSJ	klebsiella-pneumoniae-subsp-pneumoniae	A0A0H3GWM4	rpsJ	A0A0H3GWM4	7	310	Small ribosomal subunit protein uS10	
RPSJ	mycobacterium-leprae	P30765	rpsJ	P30765	7	190	Small ribosomal subunit protein uS10	
RPSJ	mycobacterium-tuberculosis	P9WH67	rpsJ	P9WH67	9	251	Small ribosomal subunit protein uS10	
RPSJ	neisseria-gonorrhoeae	Q5F5S5	rpsJ	Q5F5S5	9	151	Small ribosomal subunit protein uS10	
RPSJ	nocardia-brasiliensis	K0ET47	rpsJ	K0ET47	11	429	Small ribosomal subunit protein uS10	
RPSJ	pseudomonas-aeruginosa	Q9HWD4	rpsJ	Q9HWD4	10	242	Small ribosomal subunit protein uS10	
RPSJ	shigella-dysenteriae-serotype-1	Q32B30	rpsJ	Q32B30	6	171	Small ribosomal subunit protein uS10	
RPSJ	streptococcus-pneumoniae	P66340	rpsJ	P66340	6	124	Small ribosomal subunit protein uS10	
RPSK	campylobacter-jejuni-subsp-jejuni-serotype-o-2	Q9PM82	rpsK	Q9PM82	5	129	Small ribosomal subunit protein uS11	
RPSK	escherichia-coli-83333	P0A7R9	rpsK	P0A7R9	10	153	Small ribosomal subunit protein uS11	
RPSK	haemophilus-influenzae	P44379	rpsK	P44379	12	130	Small ribosomal subunit protein uS11	
RPSK	helicobacter-pylori	P56018	rpsK	P56018	7	111	Small ribosomal subunit protein uS11	
RPSK	mycobacterium-leprae	Q9X7A0	rpsK	Q9X7A0	10	154	Small ribosomal subunit protein uS11	
RPSK	mycobacterium-tuberculosis	P9WH65	rpsK	P9WH65	9	193	Small ribosomal subunit protein uS11	
RPSK	neisseria-gonorrhoeae	Q5F5V0	rpsK	Q5F5V0	11	152	Small ribosomal subunit protein uS11	
RPSK	nocardia-brasiliensis	K0ENE8	rpsK	K0ENE8	14	374	Small ribosomal subunit protein uS11	
RPSK	pseudomonas-aeruginosa	Q9HWF8	rpsK	Q9HWF8	15	242	Small ribosomal subunit protein uS11	
RPSK	salmonella-typhimurium	O54296	rpsK	O54296	10	189	Small ribosomal subunit protein uS11	
RPSK	shigella-dysenteriae-serotype-1	Q32B54	rpsK	Q32B54	11	170	Small ribosomal subunit protein uS11	
RPSK	staphylococcus-aureus-93061	Q2FW31	rpsK	Q2FW31	12	132	Small ribosomal subunit protein uS11	
RPSK	streptococcus-pneumoniae	P66360	rpsK	P66360	12	123	Small ribosomal subunit protein uS11	
RPSL	campylobacter-jejuni-subsp-jejuni-serotype-o-2	Q9PI18	rpsL	Q9PI18	6	124	Small ribosomal subunit protein uS12	
RPSL	haemophilus-influenzae	P63196	rpsL	P63196	3	122	Small ribosomal subunit protein uS12	
RPSL	helicobacter-pylori	P0A0X4	rpsL	P0A0X4	13	110	Small ribosomal subunit protein uS12	
RPSL	klebsiella-pneumoniae-subsp-pneumoniae	A0A0H3GU37	rpsL	A0A0H3GU37	8	216	Small ribosomal subunit protein uS12	
RPSL	mycobacterium-leprae	P30766	rpsL	P30766	9	156	Small ribosomal subunit protein uS12	
RPSL	mycobacterium-tuberculosis	P9WH63	rpsL	P9WH63	12	250	Small ribosomal subunit protein uS12	
RPSL	neisseria-gonorrhoeae	Q5F5S1	rpsL	Q5F5S1	5	147	Small ribosomal subunit protein uS12	
RPSL	nocardia-brasiliensis	K0FD78	rpsL	K0FD78	19	414	Small ribosomal subunit protein uS12	
RPSL	pseudomonas-aeruginosa	Q9HWD0	rpsL	Q9HWD0	8	232	Small ribosomal subunit protein uS12	
RPSL	shigella-dysenteriae-serotype-1	Q32B24	rpsL	Q32B24	6	175	Small ribosomal subunit protein uS12	
RPSL	shigella-flexneri	P0A7S8	rpsL	P0A7S8	1	16	Small ribosomal subunit protein uS12	
RPSL	staphylococcus-aureus-93061	P0A0H0	rpsL	P0A0H0	8	133	Small ribosomal subunit protein uS12	
RPSL	streptococcus-pneumoniae	P0A4A8	rpsL	P0A4A8	5	120	Small ribosomal subunit protein uS12	
RPSM	campylobacter-jejuni-subsp-jejuni-serotype-o-2	Q9PM83	rpsM	Q9PM83	7	114	Small ribosomal subunit protein uS13	
RPSM	escherichia-coli-83333	P0A7S9	rpsM	P0A7S9	4	149	Small ribosomal subunit protein uS13	
RPSM	haemophilus-influenzae	P44380	rpsM	P44380	4	125	Small ribosomal subunit protein uS13	
RPSM	helicobacter-pylori	P56020	rpsM	P56020	5	104	Small ribosomal subunit protein uS13	
RPSM	klebsiella-pneumoniae-subsp-pneumoniae	A0A0H3GU10	rpsM	A0A0H3GU10	9	205	Small ribosomal subunit protein uS13	
RPSM	mycobacterium-leprae	Q9X7A1	rpsM	Q9X7A1	8	154	Small ribosomal subunit protein uS13	
RPSM	mycobacterium-tuberculosis	P9WH61	rpsM	P9WH61	10	241	Small ribosomal subunit protein uS13	
RPSM	neisseria-gonorrhoeae	Q5F5U9	rpsM	Q5F5U9	4	142	Small ribosomal subunit protein uS13	
RPSM	nocardia-brasiliensis	K0ETC6	rpsM	K0ETC6	8	274	Small ribosomal subunit protein uS13	
RPSM	pseudomonas-aeruginosa	Q9HWF7	rpsM	Q9HWF7	5	226	Small ribosomal subunit protein uS13	
RPSM	salmonella-typhimurium	Q8ZLM1	rpsM	Q8ZLM1	6	186	Small ribosomal subunit protein uS13	
RPSM	shigella-dysenteriae-serotype-1	Q32B53	rpsM	Q32B53	5	166	Small ribosomal subunit protein uS13	
RPSM	staphylococcus-aureus-93061	Q2FW30	rpsM	Q2FW30	6	122	Small ribosomal subunit protein uS13	
RPSM	streptococcus-pneumoniae	P66393	rpsM	P66393	6	111	Small ribosomal subunit protein uS13	
RPSM12	human	O15235	MRPS12	O15235	31	736		
RPSN	escherichia-coli-83333	P0AG59	rpsN	P0AG59	11	140	Small ribosomal subunit protein uS14	
RPSN	haemophilus-influenzae	P44381	rpsN	P44381	6	116	Small ribosomal subunit protein uS14	
RPSN	klebsiella-pneumoniae-subsp-pneumoniae	A0A0H3GWK7	rpsN	A0A0H3GWK7	10	197	Small ribosomal subunit protein uS14	
RPSN	mycobacterium-tuberculosis	P9WH59	rpsN	P9WH59	5	228	Small ribosomal subunit protein uS14A	
RPSN	neisseria-gonorrhoeae	Q5F5U0	rpsN	Q5F5U0	5	139	Small ribosomal subunit protein uS14	
RPSN	nocardia-brasiliensis	K0F6Z3	rpsN	K0F6Z3	15	381	Small ribosomal subunit protein uS14	
RPSN	pseudomonas-aeruginosa	Q9HWE8	rpsN	Q9HWE8	11	209	Small ribosomal subunit protein uS14	
RPSN	salmonella-typhimurium	P66409	rpsN	P66409	7	170	Small ribosomal subunit protein uS14	
RPSN	shigella-dysenteriae-serotype-1	Q32B44	rpsN	Q32B44	12	157	Small ribosomal subunit protein uS14	
RPSN	staphylococcus-aureus-93061	Q2FYU5	rpsN	Q2FYU5	1	122	Small ribosomal subunit protein uS14A	
RPSN	streptococcus-pneumoniae	P66420	rpsN	P66420	1	113	Small ribosomal subunit protein uS14	
RPSO	escherichia-coli-83333	P0ADZ4	rpsO	P0ADZ4	3	163	Small ribosomal subunit protein uS15	
RPSO	helicobacter-pylori	P56022	rpsO	P56022	2	112	Small ribosomal subunit protein uS15	
RPSO	klebsiella-pneumoniae-subsp-pneumoniae	A0A0H3H3H3	rpsO	A0A0H3H3H3	7	235	Small ribosomal subunit protein uS15	
RPSO	mycobacterium-leprae	O32967	rpsO	O32967	10	174	Small ribosomal subunit protein uS15	
RPSO	mycobacterium-tuberculosis	P9WH55	rpsO	P9WH55	6	257	Small ribosomal subunit protein uS15	
RPSO	neisseria-gonorrhoeae	Q5FA41	rpsO	Q5FA41	2	151	Small ribosomal subunit protein uS15	
RPSO	nocardia-brasiliensis	K0EW24	rpsO	K0EW24	18	448	Small ribosomal subunit protein uS15	
RPSO	pseudomonas-aeruginosa	Q9HV58	rpsO	Q9HV58	8	247	Small ribosomal subunit protein uS15	
RPSO	salmonella-typhimurium	P66431	rpsO	P66431	7	198	Small ribosomal subunit protein uS15	
RPSO	shigella-dysenteriae-serotype-1	Q32BG8	rpsO	Q32BG8	7	181	Small ribosomal subunit protein uS15	
RPSO	staphylococcus-aureus-93061	Q2G2Q1	rpsO	Q2G2Q1	3	136	Small ribosomal subunit protein uS15	
RPSO	streptococcus-pneumoniae	Q8CWQ0	rpsO	Q8CWQ0	4	124	Small ribosomal subunit protein uS15	
RPSO1	haemophilus-influenzae	P44389	rpsO1	P44389	6	129	Small ribosomal subunit protein uS15	
RPSP	campylobacter-jejuni-subsp-jejuni-serotype-o-2	Q9PPJ7	rpsP	Q9PPJ7	0	109	Small ribosomal subunit protein bS16	
RPSP	haemophilus-influenzae	P44382	rpsP	P44382	3	110	Small ribosomal subunit protein bS16	
RPSP	helicobacter-pylori	P56023	rpsP	P56023	4	103	Small ribosomal subunit protein bS16	
RPSP	klebsiella-pneumoniae-subsp-pneumoniae	A0A0H3GS04	rpsP	A0A0H3GS04	0	168	Small ribosomal subunit protein bS16	
RPSP	mycobacterium-leprae	O33014	rpsP	O33014	5	121	Small ribosomal subunit protein bS16	
RPSP	mycobacterium-tuberculosis	P9WH53	rpsP	P9WH53	5	167	Small ribosomal subunit protein bS16	
RPSP	neisseria-gonorrhoeae	Q5FA57	rpsP	Q5FA57	3	124	Small ribosomal subunit protein bS16	
RPSP	nocardia-brasiliensis	K0F4Q7	rpsP	K0F4Q7	10	274	Small ribosomal subunit protein bS16	
RPSP	pseudomonas-aeruginosa	Q9HXP9	rpsP	Q9HXP9	3	185	Small ribosomal subunit protein bS16	
RPSP	salmonella-typhimurium	P0A2A9	rpsP	P0A2A9	4	151	Small ribosomal subunit protein bS16	
RPSP	shigella-dysenteriae-serotype-1	Q32CX9	rpsP	Q32CX9	2	139	Small ribosomal subunit protein bS16	
RPSP	shigella-flexneri	P0A7T6	rpsP	P0A7T6	0	13	Small ribosomal subunit protein bS16	
RPSP	staphylococcus-aureus-93061	Q2FZ45	rpsP	Q2FZ45	3	121	Small ribosomal subunit protein bS16	
RPSP	streptococcus-pneumoniae	P66445	rpsP	P66445	2	111	Small ribosomal subunit protein bS16	
RPSQ	campylobacter-jejuni-subsp-jejuni-serotype-o-2	Q9PLY0	rpsQ	Q9PLY0	6	138	Small ribosomal subunit protein uS17	
RPSQ	escherichia-coli-83333	P0AG63	rpsQ	P0AG63	6	163	Small ribosomal subunit protein uS17	
RPSQ	glycine-max	K7KEH7	RPSQ	K7KEH7	8	94	LRR receptor kinase-like protein	
RPSQ	haemophilus-influenzae	P44383	rpsQ	P44383	5	133	Small ribosomal subunit protein uS17	
RPSQ	helicobacter-pylori	P66449	rpsQ	P66449	1	116	Small ribosomal subunit protein uS17	
RPSQ	klebsiella-pneumoniae-subsp-pneumoniae	A0A0H3GYB3	rpsQ	A0A0H3GYB3	8	241	Small ribosomal subunit protein uS17	
RPSQ	mycobacterium-leprae	O32990	rpsQ	O32990	9	173	Small ribosomal subunit protein uS17	
RPSQ	mycobacterium-tuberculosis	P9WH51	rpsQ	P9WH51	10	276	Small ribosomal subunit protein uS17	
RPSQ	neisseria-gonorrhoeae	Q5F5T6	rpsQ	Q5F5T6	11	155	Small ribosomal subunit protein uS17	
RPSQ	nocardia-brasiliensis	K0ET53	rpsQ	K0ET53	14	491	Small ribosomal subunit protein uS17	
RPSQ	pseudomonas-aeruginosa	Q9HWE4	rpsQ	Q9HWE4	17	256	Small ribosomal subunit protein uS17	
RPSQ	salmonella-typhimurium	P66451	rpsQ	P66451	13	205	Small ribosomal subunit protein uS17	
RPSQ	shigella-dysenteriae-serotype-1	Q32B40	rpsQ	Q32B40	3	185	Small ribosomal subunit protein uS17	
RPSQ	staphylococcus-aureus-93061	Q2FW15	rpsQ	Q2FW15	5	146	Small ribosomal subunit protein uS17	
RPSQ	streptococcus-pneumoniae	P0A4B4	rpsQ	P0A4B4	8	125	Small ribosomal subunit protein uS17	
RPSR	campylobacter-jejuni-subsp-jejuni-serotype-o-2	O69301	rpsR	O69301	3	92	Small ribosomal subunit protein bS18	
RPSR	escherichia-coli-83333	P0A7T7	rpsR	P0A7T7	3	90	Small ribosomal subunit protein bS18	
RPSR	haemophilus-influenzae	P66457	rpsR	P66457	3	92	Small ribosomal subunit protein bS18	
RPSR	helicobacter-pylori	P66459	rpsR	P66459	5	83	Small ribosomal subunit protein bS18	
RPSR	klebsiella-pneumoniae-subsp-pneumoniae	A0A0H3GHD3	rpsR	A0A0H3GHD3	5	144	Small ribosomal subunit protein bS18	
RPSR	mycobacterium-leprae	O53125	rpsR	O53125	5	97	Small ribosomal subunit protein bS18	
RPSR	neisseria-gonorrhoeae	Q5F923	rpsR	Q5F923	5	108	Small ribosomal subunit protein bS18	
RPSR	nocardia-brasiliensis	K0F7V8	rpsR	K0F7V8	11	134	Small ribosomal subunit protein bS18	
RPSR	nocardia-brasiliensis	K0F915	rpsR	K0F915	5	134	Small ribosomal subunit protein bS18	
RPSR	pseudomonas-aeruginosa	Q9HUN0	rpsR	Q9HUN0	7	123	Small ribosomal subunit protein bS18	
RPSR	salmonella-typhimurium	Q8ZK81	rpsR	Q8ZK81	6	112	Small ribosomal subunit protein bS18	
RPSR	shigella-dysenteriae-serotype-1	Q328J7	rpsR	Q328J7	4	109	Small ribosomal subunit protein bS18	
RPSR	staphylococcus-aureus-93061	Q2G111	rpsR	Q2G111	3	92	Small ribosomal subunit protein bS18	
RPSR	streptococcus-pneumoniae	P66473	rpsR	P66473	3	91	Small ribosomal subunit protein bS18	
RPSR1	mycobacterium-tuberculosis	P9WH49	rpsR1	P9WH49	3	100	Small ribosomal subunit protein bS18A	
RPSR2	mycobacterium-tuberculosis	P9WH47	rpsR2	P9WH47	9	100	Small ribosomal subunit protein bS18B	
RPSS	campylobacter-jejuni-subsp-jejuni-serotype-o-2	Q9PLX5	rpsS	Q9PLX5	9	113	Small ribosomal subunit protein uS19	
RPSS	escherichia-coli-83333	P0A7U3	rpsS	P0A7U3	7	126	Small ribosomal subunit protein uS19	
RPSS	haemophilus-influenzae	P67899	rpsS	P67899	6	114	Small ribosomal subunit protein uS19	
RPSS	helicobacter-pylori	P56026	rpsS	P56026	5	93	Small ribosomal subunit protein uS19	
RPSS	klebsiella-pneumoniae-subsp-pneumoniae	A0A0H3GYB7	rpsS	A0A0H3GYB7	9	193	Small ribosomal subunit protein uS19	
RPSS	mycobacterium-leprae	O32985	rpsS	O32985	6	143	Small ribosomal subunit protein uS19	
RPSS	mycobacterium-tuberculosis	P9WH45	rpsS	P9WH45	7	202	Small ribosomal subunit protein uS19	
RPSS	neisseria-gonorrhoeae	Q5F5T1	rpsS	Q5F5T1	12	140	Small ribosomal subunit protein uS19	
RPSS	nocardia-brasiliensis	K0ET51	rpsS	K0ET51	31	336	Small ribosomal subunit protein uS19	
RPSS	pseudomonas-aeruginosa	Q9HWD9	rpsS	Q9HWD9	12	191	Small ribosomal subunit protein uS19	
RPSS	salmonella-typhimurium	P66491	rpsS	P66491	10	161	Small ribosomal subunit protein uS19	
RPSS	shigella-dysenteriae-serotype-1	Q32B35	rpsS	Q32B35	7	152	Small ribosomal subunit protein uS19	
RPSS	staphylococcus-aureus-93061	Q2FW10	rpsS	Q2FW10	9	115	Small ribosomal subunit protein uS19	
RPSS	streptococcus-pneumoniae	P0A4B6	rpsS	P0A4B6	5	105	Small ribosomal subunit protein uS19	
RPST	campylobacter-jejuni-subsp-jejuni-serotype-o-2	Q9PM64	rpsT	Q9PM64	2	95	Small ribosomal subunit protein bS20	
RPST	escherichia-coli-83333	P0A7U7	rpsT	P0A7U7	1	87	Small ribosomal subunit protein bS20	
RPST	haemophilus-influenzae	P44959	rpsT	P44959	1	91	Small ribosomal subunit protein bS20	
RPST	helicobacter-pylori	P56027	rpsT	P56027	1	81	Small ribosomal subunit protein bS20	
RPST	mycobacterium-leprae	O33132	rpsT	O33132	0	94	Small ribosomal subunit protein bS20	
RPST	mycobacterium-tuberculosis	P9WH41	rpsT	P9WH41	0	100	Small ribosomal subunit protein bS20	
RPST	neisseria-gonorrhoeae	Q5F6Q6	rpsT	Q5F6Q6	1	107	Small ribosomal subunit protein bS20	
RPST	nocardia-brasiliensis	K0ES27	rpsT	K0ES27	3	134	Small ribosomal subunit protein bS20	
RPST	pseudomonas-aeruginosa	Q9HVM1	rpsT	Q9HVM1	2	124	Small ribosomal subunit protein bS20	
RPST	salmonella-typhimurium	P0A2B1	rpsT	P0A2B1	2	111	Small ribosomal subunit protein bS20	
RPST	shigella-dysenteriae-serotype-1	Q32K74	rpsT	Q32K74	1	110	Small ribosomal subunit protein bS20	
RPST	staphylococcus-aureus-93061	Q2FXY6	rpsT	Q2FXY6	1	92	Small ribosomal subunit protein bS20	
RPST	streptococcus-pneumoniae	Q8CWS0	rpsT	Q8CWS0	3	91	Small ribosomal subunit protein bS20	
RPSU	campylobacter-jejuni-subsp-jejuni-serotype-o-2	Q9PID2	rpsU	Q9PID2	4	109	Small ribosomal subunit protein bS21	
RPSU	haemophilus-influenzae	P44386	rpsU	P44386	5	83	Small ribosomal subunit protein bS21	
RPSU	helicobacter-pylori	P56028	rpsU	P56028	3	77	Small ribosomal subunit protein bS21	
RPSU	klebsiella-pneumoniae-subsp-pneumoniae	A0A0H3GXT4	rpsU	A0A0H3GXT4	6	134	Small ribosomal subunit protein bS21	
RPSU	neisseria-gonorrhoeae	Q5F506	rpsU	Q5F506	7	99	Small ribosomal subunit protein bS21	
RPSU	pseudomonas-aeruginosa	Q9I5V8	rpsU	Q9I5V8	3	115	Small ribosomal subunit protein bS21	
RPSU	shigella-dysenteriae-serotype-1	Q32BQ2	rpsU	Q32BQ2	1	101	Small ribosomal subunit protein bS21	
RPSU	staphylococcus-aureus-93061	Q2FXZ7	rpsU	Q2FXZ7	4	85	Small ribosomal subunit protein bS21	
RPSU	streptococcus-pneumoniae	P66525	rpsU	P66525	5	82	Small ribosomal subunit protein bS21	
RPSUN1	glycine-max	K7KCM7	RPSUN1	K7KCM7	0	86	Race-specific resistance protein RpsUN1	
RPSZ	campylobacter-jejuni-subsp-jejuni-serotype-o-2	Q9PLY4	rpsZ	Q9PLY4	3	121	Small ribosomal subunit protein uS14	
RPSZ	helicobacter-pylori	P56021	rpsZ	P56021	3	103	Small ribosomal subunit protein uS14	
RPSZ	mycobacterium-leprae	O32996	rpsZ	O32996	6	147	Small ribosomal subunit protein uS14	
RPSZ	mycobacterium-tuberculosis	P9WH57	rpsZ	P9WH57	7	228	Small ribosomal subunit protein uS14B	
RPSZ	nocardia-brasiliensis	K0EN96	rpsZ	K0EN96	10	381	Small ribosomal subunit protein uS14	
RPSZ	staphylococcus-aureus-93061	Q2FW19	rpsZ	Q2FW19	1	121	Small ribosomal subunit protein uS14B	
