S-ACETYLTRANSFERASE	human	P49327	FASN	P49327	8	765	Fatty acid synthase (EC 2.3.1.85) (Type I fatty acid synthas	w
S-ACP-DES1	arabidopsis-thaliana	Q9LF04	S-ACP-DES1	Q9LF04	1	8	Stearoyl-	
S-ACP-DES5	arabidopsis-thaliana	Q9M879	S-ACP-DES5	Q9M879	0	8	Stearoyl-	
S-ACP-DES6	arabidopsis-thaliana	Q84VY3	S-ACP-DES6	Q84VY3	0	2	Stearoyl-	
S-ACYL	human	Q9NV23	OLAH	Q9NV23	4	118	S-acyl fatty acid synthase thioesterase, medium chain (EC 3.	w
S-ACYL	zebrafish	Q29R98	olah	Q29R98	10	168	S-acyl fatty acid synthase thioesterase, medium chain	w
S-ACYLTRANSFERASE	fly	FBgn0031239	CG17075	Q9VPM2	0	13	protein S-acyltransferase (EC 2.3.1.225)	w
S-ADENOSYL	human	Q6NUM6	TYW1B	Q6NUM6	4	42	S-adenosyl-L-methionine-dependent tRNA 4-demethylwyosine syn	w
S-ADENOSYL	human	Q8WXG1	RSAD2	Q8WXG1	14	118	S-adenosylmethionine-dependent nucleotide dehydratase RSAD2 	w
S-ADENOSYL	human	Q9HA92	RSAD1	Q9HA92	27	491	Radical S-adenosyl methionine domain-containing protein 1, m	w
S-ADENOSYL	human	Q9NV66	TYW1	Q9NV66	6	142	S-adenosyl-L-methionine-dependent tRNA 4-demethylwyosine syn	w
S-ADENOSYL	zebrafish	A4IGH2	rsad1	A4IGH2	22	533	Radical S-adenosyl methionine domain-containing protein 1, m	w
S-ADENOSYL-	fly	FBgn0036194	Dph1	Q9VTM2	5	20	2-(3-amino-3-carboxypropyl)histidine synthase subunit 1 (EC 	w
S-ADENOSYL-L-HOMOCYSTEINE	fly	FBgn0014455	Ahcy	Q27580	3	142	Adenosylhomocysteinase (AdoHcyase) (EC 3.13.2.1) (S-adenosyl	w
S-ADENOSYL-L-HOMOCYSTEINE	fly	FBgn0035371	AhcyL1	Q9VZX9	7	93	Adenosylhomocysteinase-like 1 (dAhcyL1) (Inactive S-adenosyl	w
S-ADENOSYL-L-HOMOCYSTEINE	human	P23526	AHCY	P23526	6	239	Adenosylhomocysteinase (AdoHcyase) (EC 3.13.2.1) (S-adenosyl	w
S-ADENOSYL-L-METHIONINE	human	Q9BQC3	DPH2	Q9BQC3	6	93	2-(3-amino-3-carboxypropyl)histidine synthase subunit 2 (Dip	w
S-ADENOSYL-L-METHIONINE	human	Q9HBK9	AS3MT	Q9HBK9	2	116	Arsenite methyltransferase (EC 2.1.1.137) (Methylarsonite me	w
S-ADENOSYL-L-METHIONINE-DEPENDENT	human	Q6NUM6	TYW1B	Q6NUM6	4	42	S-adenosyl-L-methionine-dependent tRNA 4-demethylwyosine syn	w
S-ADENOSYL-L-METHIONINE-DEPENDENT	human	Q9NV66	TYW1	Q9NV66	6	142	S-adenosyl-L-methionine-dependent tRNA 4-demethylwyosine syn	w
S-ADENOSYL-L-METHIONINE-DEPENDENT	yeast	Q08960	TYW1	Q08960	0	17	S-adenosyl-L-methionine-dependent tRNA 4-demethylwyosine syn	w
S-ADENOSYL-L-METHIONINE-DEPENDENT	zebrafish	Q08C92	tyw1	Q08C92	0	8	S-adenosyl-L-methionine-dependent tRNA 4-demethylwyosine syn	w
S-ADENOSYLHOMOCYSTEINE	fly	FBgn0035371	AhcyL1	Q9VZX9	7	93	Adenosylhomocysteinase-like 1 (dAhcyL1) (Inactive S-adenosyl	w
S-ADENOSYLHOMOCYSTEINE	human	O43865	AHCYL1	O43865	37	417	S-adenosylhomocysteine hydrolase-like protein 1 (DC-expresse	w
S-ADENOSYLHOMOCYSTEINE	human	Q96HN2	AHCYL2	Q96HN2	29	217	S-adenosylhomocysteine hydrolase-like protein 2 (IP(3)Rs bin	w
S-ADENOSYLMETHIONIN	fly	FBgn0019932	SamDC	P91931	4	93	S-adenosylmethionine decarboxylase proenzyme (AdoMetDC) (SAM	w
S-ADENOSYLMETHIONIN	human	P17707	AMD1	P17707	18	201	S-adenosylmethionine decarboxylase proenzyme (AdoMetDC) (SAM	w
S-ADENOSYLMETHIONINE	fly	FBgn0005278	Sams	P40320	1	104	S-adenosylmethionine synthase (AdoMet synthase) (EC 2.5.1.6)	w
S-ADENOSYLMETHIONINE	fly	FBgn0019932	SamDC	P91931	4	93	S-adenosylmethionine decarboxylase proenzyme (AdoMetDC) (SAM	w
S-ADENOSYLMETHIONINE	fly	FBgn0035035	CG3570	Q9W138	0	1	S-adenosylmethionine sensor upstream of mTORC1 (dSamtor) (Pr	w
S-ADENOSYLMETHIONINE	fly	FBgn0037778	mtTFB2	Q9VH38	16	379	Dimethyladenosine transferase 2, mitochondrial (EC 2.1.1.-) 	w
S-ADENOSYLMETHIONINE	fly	FBgn0261381	mtTFB1	Q9VTM5	1	114	Dimethyladenosine transferase 1, mitochondrial (EC 2.1.1.-) 	w
S-ADENOSYLMETHIONINE	human	P17707	AMD1	P17707	18	201	S-adenosylmethionine decarboxylase proenzyme (AdoMetDC) (SAM	w
S-ADENOSYLMETHIONINE	human	P31153	MAT2A	P31153	4	173	S-adenosylmethionine synthase isoform type-2 (AdoMet synthas	w
S-ADENOSYLMETHIONINE	human	Q00266	MAT1A	Q00266	5	107	S-adenosylmethionine synthase isoform type-1 (AdoMet synthas	w
S-ADENOSYLMETHIONINE	human	Q1RMZ1	SAMTOR	Q1RMZ1	7	61	S-adenosylmethionine sensor upstream of mTORC1 (Probable met	w
S-ADENOSYLMETHIONINE	human	Q70HW3	SLC25A26	Q70HW3	1	96	Mitochondrial S-adenosylmethionine carrier protein (SAM carr	w
S-ADENOSYLMETHIONINE	worm	O02655	smd-1	O02655	0	2	S-adenosylmethionine decarboxylase proenzyme	w
S-ADENOSYLMETHIONINE	worm	O17680	sams-1	O17680	3	38	Probable S-adenosylmethionine synthase 1	w
S-ADENOSYLMETHIONINE	worm	P50305	sams-3	P50305	2	22	Probable S-adenosylmethionine synthase 3	w
S-ADENOSYLMETHIONINE	worm	P50306	sams-4	P50306	2	7	Probable S-adenosylmethionine synthase 4	w
S-ADENOSYLMETHIONINE	worm	Q27522	sams-5	Q27522	1	4	Probable S-adenosylmethionine synthase 5	w
S-ADENOSYLMETHIONINE	yeast	P10659	SAM1	P10659	2	115	S-adenosylmethionine synthase 1	w
S-ADENOSYLMETHIONINE	yeast	P19358	SAM2	P19358	1	44	S-adenosylmethionine synthase 2	w
S-ADENOSYLMETHIONINE	yeast	P21182	SPE2	P21182	0	8	S-adenosylmethionine decarboxylase proenzyme	w
S-ADENOSYLMETHIONINE	yeast	Q08986	SAM3	Q08986	0	3	S-adenosylmethionine permease SAM3	w
S-ADENOSYLMETHIONINE	zebrafish	F1QYU7	mat2aa	F1QYU7	1	7	S-adenosylmethionine synthase	w
S-ADENOSYLMETHIONINE	zebrafish	Q0P410	samtor	Q0P410	0	12	S-adenosylmethionine sensor upstream of mTORC1	w
S-ADENOSYLMETHIONINE	zebrafish	Q1RLT0	mat2al	Q1RLT0	0	6	S-adenosylmethionine synthase	w
S-ADENOSYLMETHIONINE	zebrafish	Q4V9P0	slc25a26	Q4V9P0	0	1	Mitochondrial S-adenosylmethionine carrier protein	w
S-ADENOSYLMETHIONINE	zebrafish	Q58EF9	mat2ab	Q58EF9	1	7	S-adenosylmethionine synthase	w
S-ADENOSYLMETHIONINE	zebrafish	Q7ZVU7	amd1	Q7ZVU7	0	2	S-adenosylmethionine decarboxylase proenzyme	w
S-ADENOSYLMETHIONINE	zebrafish	Q7ZW04	mat1a	Q7ZW04	0	6	S-adenosylmethionine synthase	w
S-ADENOSYLMETHIONINE-DEPENDENT	human	Q8WXG1	RSAD2	Q8WXG1	14	118	S-adenosylmethionine-dependent nucleotide dehydratase RSAD2 	w
S-ADENOSYLMETHIONINE-DEPENDENT	yeast	P38892	CRG1	P38892	0	4	Probable S-adenosylmethionine-dependent methyltransferase CR	w
S-ADENOSYLMETHIONINE-DEPENDENT	zebrafish	A9JRB6	mettl21cb	A9JRB6	1	2	S-adenosylmethionine-dependent methyltransferase domain-cont	w
S-ADENOSYLMETHIONINE-DEPENDENT	zebrafish	Q5RH95	rsad2	Q5RH95	1	15	S-adenosylmethionine-dependent nucleotide dehydratase RSAD2	w
S-AG	human	P10523	SAG	P10523	26	185	S-arrestin (48 kDa protein) (Retinal S-antigen) (S-AG) (Rod 	w
S-ALKYLTRANSFERASE	human	Q9Y4U1	MMACHC	Q9Y4U1	15	88	Cyanocobalamin reductase / alkylcobalamin dealkylase (Alkylc	w
S-ANTIGEN	human	P10523	SAG	P10523	26	185	S-arrestin (48 kDa protein) (Retinal S-antigen) (S-AG) (Rod 	w
S-ARRESTIN	human	P10523	SAG	P10523	26	185	S-arrestin (48 kDa protein) (Retinal S-antigen) (S-AG) (Rod 	w
S-ARRESTIN	zebrafish	Q6NUV2	saga	Q6NUV2	4	26	S-arrestin	w
