SERP	dictyostelium-discoideum	Q553P6	serp	Q553P6	0	1	Probable stress-associated endoplasmic reticulum protein	
SERP	fly	FBgn0260653	serp	Q9VW34	30	250	FI03450p (Serpentine, isoform B) (Serpentine, isoform C (EC 	
SERP-1.1	worm	Q93838	serp-1.1	Q93838	0	4	Stress-associated endoplasmic reticulum protein 2	
SERP-1.2	worm	Q8MXH3	serp-1.2	Q8MXH3	0	1	Stress-associated endoplasmic reticulum protein	
SERP1	human	Q9Y6X1	SERP1	Q9Y6X1	30	123	Stress-associated endoplasmic reticulum protein 1 (Ribosome-	
SERP1	mus-musculus	Q9Z1W5	Serp1	Q9Z1W5	0	5	Stress-associated endoplasmic reticulum protein 1	
SERP1	rattus-norvegicus	Q9R2C1	Serp1	Q9R2C1	0	4	Stress-associated endoplasmic reticulum protein 1	
SERP1_HUMAN	human	Q9Y6X1	SERP1	Q9Y6X1	30	123		
SERP2	human	Q8N6R1	SERP2	Q8N6R1	26	84	Stress-associated endoplasmic reticulum protein 2 (Ribosome-	
SERP2	rattus-norvegicus	D3Z8N0	Serp2	D3Z8N0	0	1	Stress-associated endoplasmic reticulum protein	
SERP2	virus	P68565	SERP2	P68565	3	156	Serine proteinase inhibitor 2	
SERP2_HUMAN	human	Q8N6R1	SERP2	Q8N6R1	26	84		
SERP3_HUMAN	human	A8MV23	SERPINE3	A8MV23	2	37		
SERPENT	fly	FBgn0003507	srp	P52172	36	170	Box A-binding factor (ABF) (GATA-binding factor B) (Protein 	w
SERPENTINE	fly	FBgn0260653	serp	Q9VW34	30	250	FI03450p (Serpentine, isoform B) (Serpentine, isoform C (EC 	w
SERPENTINE	worm	A0A060Q608	CELE_Y57G11C.28	A0A060Q608	0	3	Serpentine Receptor, class T	w
SERPENTINE	worm	A0A0B7H2U2	srh-146	A0A0B7H2U2	2	22	Serpentine Receptor, class H	w
SERPENTINE	worm	A0A0K3AXT4	srt-17	A0A0K3AXT4	0	3	Serpentine Receptor, class T	w
SERPENTINE	worm	A0A0M9JJ79	srj-18	A0A0M9JJ79	0	9	Serpentine Receptor, class J	w
SERPENTINE	worm	A0A163VUD3	CELE_ZC132.11	A0A163VUD3	0	2	Serpentine Receptor, class Z	w
SERPENTINE	worm	A0A3B1E639	C04F5.2	A0A3B1E639	0	3	Serpentine Receptor, class E (Epsilon)	w
SERPENTINE	worm	E4MVC7	C03H5.9	E4MVC7	0	3	Serpentine Receptor, class T	w
SERPENTINE	worm	G3MU03	srg-37	G3MU03	0	1	Serpentine receptor class gamma	w
SERPENTINE	worm	G5EBI9	CELE_D2023.1	G5EBI9	0	8	Serpentine Receptor, class T	w
SERPENTINE	worm	G5ECI0	str-115	G5ECI0	0	3	Serpentine receptor class r-10	w
SERPENTINE	worm	G5ECX6	str-267	G5ECX6	0	3	Serpentine receptor class r-10	w
SERPENTINE	worm	G5EDM6	srh-57	G5EDM6	0	3	Serpentine Receptor, class H	w
SERPENTINE	worm	G5EEF5	srg-36	G5EEF5	1	7	Serpentine receptor class gamma	w
SERPENTINE	worm	G5EF36	srt-1	G5EF36	0	9	Serpentine Receptor, class T	w
SERPENTINE	worm	G5EF74	srd-73	G5EF74	0	1	Serpentine Receptor, class D (Delta)	w
SERPENTINE	worm	G5EG08	srd-72	G5EG08	0	9	Serpentine Receptor, class D (Delta)	w
SERPENTINE	worm	G5EGE5	str-171	G5EGE5	0	27	Serpentine receptor class r-10	w
SERPENTINE	worm	H2KZ03	srt-28	H2KZ03	0	3	Serpentine Receptor, class T	w
SERPENTINE	worm	H2KZM1	srj-23	H2KZM1	0	3	Serpentine Receptor, class J	w
SERPENTINE	worm	H2KZZ8	srt-42	H2KZZ8	0	3	Serpentine Receptor, class T	w
SERPENTINE	worm	H2L036	str-180	H2L036	0	9	Serpentine receptor class r-10	w
SERPENTINE	worm	H2L2K4	srt-50	H2L2K4	0	3	Serpentine Receptor, class T	w
SERPENTINE	worm	I2HAH7	CELE_Y57G11C.30	I2HAH7	0	3	Serpentine Receptor, class T	w
SERPENTINE	worm	J7SA46	srh-237	J7SA46	0	4	Serpentine Receptor, class H	w
SERPENTINE	worm	O01447	srh-244	O01447	0	12	Serpentine Receptor, class H	w
SERPENTINE	worm	O01456	srj-14	O01456	0	1	Serpentine Receptor, class J	w
SERPENTINE	worm	O01509	srb-15	O01509	0	7	Serpentine receptor class beta-15	w
SERPENTINE	worm	O01890	srt-30	O01890	0	3	Serpentine Receptor, class T	w
SERPENTINE	worm	O16323	str-225	O16323	0	3	Serpentine receptor class r-10	w
SERPENTINE	worm	O16324	str-228	O16324	0	3	Serpentine receptor class r-10	w
SERPENTINE	worm	O16325	str-226	O16325	0	3	Serpentine receptor class r-10	w
SERPENTINE	worm	O16326	str-227	O16326	0	13	Serpentine receptor class r-10	w
SERPENTINE	worm	O16336	str-130	O16336	0	2	Serpentine receptor class r-10	w
SERPENTINE	worm	O16432	srh-20	O16432	0	3	Serpentine Receptor, class H	w
SERPENTINE	worm	O16439	str-211	O16439	0	5	Serpentine receptor class r-10	w
SERPENTINE	worm	O16470	srt-15	O16470	0	3	Serpentine Receptor, class T	w
SERPENTINE	worm	O16471	srt-16	O16471	0	3	Serpentine Receptor, class T	w
SERPENTINE	worm	O16477	srt-5	O16477	0	3	Serpentine Receptor, class T	w
SERPENTINE	worm	O16478	srt-7	O16478	0	3	Serpentine Receptor, class T	w
SERPENTINE	worm	O16480	srt-8	O16480	0	3	Serpentine Receptor, class T	w
SERPENTINE	worm	O16885	srt-4	O16885	0	4	Serpentine Receptor, class T	w
SERPENTINE	worm	O16913	str-112	O16913	0	3	Serpentine receptor class r-10	w
SERPENTINE	worm	O16978	srh-36	O16978	0	23	Serpentine Receptor, class H	w
SERPENTINE	worm	O17077	sru-27	O17077	1	14	Serpentine Receptor, class U	w
SERPENTINE	worm	O17096	srx-108	O17096	0	3	7TM GPCR serpentine receptor class x (Srx) domain-containing	w
SERPENTINE	worm	O17126	srh-245	O17126	0	12	Serpentine Receptor, class H	w
SERPENTINE	worm	O17130	srh-266	O17130	0	10	Serpentine Receptor, class H	w
SERPENTINE	worm	O17138	srx-23	O17138	2	26	7TM GPCR serpentine receptor class x (Srx) domain-containing	w
SERPENTINE	worm	O17292	srh-195	O17292	0	9	Serpentine Receptor, class H	w
SERPENTINE	worm	O17515	CELE_ZC132.3	O17515	0	5	Serpentine Receptor, class Z	w
SERPENTINE	worm	O17701	srt-32	O17701	0	3	Serpentine Receptor, class T	w
SERPENTINE	worm	O17786	srh-281	O17786	0	2	Serpentine Receptor, class H	w
SERPENTINE	worm	O17787	srh-279	O17787	0	1	Serpentine Receptor, class H	w
SERPENTINE	worm	O17821	srd-41	O17821	0	1	Serpentine receptor class delta-41	w
SERPENTINE	worm	O17830	srj-29	O17830	0	3	Serpentine Receptor, class J	w
SERPENTINE	worm	O17872	str-103	O17872	0	3	Serpentine receptor class r-10	w
SERPENTINE	worm	O17926	srz-14	O17926	0	4	Serpentine Receptor, class Z	w
SERPENTINE	worm	O17956	srd-28	O17956	0	1	Serpentine receptor class delta-28	w
SERPENTINE	worm	O18010	srj-27	O18010	0	3	Serpentine Receptor, class J	w
SERPENTINE	worm	O18027	str-125	O18027	0	3	Serpentine receptor class r-10	w
SERPENTINE	worm	O18083	str-96	O18083	0	3	Serpentine receptor class r-10	w
SERPENTINE	worm	O18098	srz-6	O18098	0	1	Serpentine Receptor, class T	w
SERPENTINE	worm	O18102	srh-69	O18102	0	5	Serpentine Receptor, class H	w
SERPENTINE	worm	O18114	str-124	O18114	0	3	Serpentine receptor class r-10	w
SERPENTINE	worm	O18115	str-123	O18115	0	3	Serpentine receptor class r-10	w
SERPENTINE	worm	O18175	sre-33	O18175	0	6	Serpentine receptor class epsilon-33	w
SERPENTINE	worm	O18689	sra-18	O18689	0	1	Serpentine receptor class alpha-18	w
SERPENTINE	worm	O18690	sra-21	O18690	0	19	Serpentine receptor class alpha-21	w
SERPENTINE	worm	O44454	srz-60	O44454	0	1	Serpentine Receptor, class Z	w
SERPENTINE	worm	O44492	srv-4	O44492	0	1	Serpentine Receptor, class T	w
SERPENTINE	worm	O44532	str-166	O44532	1	63	Serpentine receptor class r-10	w
SERPENTINE	worm	O44542	srt-12	O44542	0	3	Serpentine Receptor, class T	w
SERPENTINE	worm	O44579	srh-199	O44579	1	28	Serpentine Receptor, class H	w
SERPENTINE	worm	O44674	srx-7	O44674	0	2	7TM GPCR serpentine receptor class x (Srx) domain-containing	w
SERPENTINE	worm	O44676	sri-73	O44676	0	2	Serpentine Receptor, class I	w
SERPENTINE	worm	O44700	srbc-19	O44700	0	22	Serpentine Receptor, class BC (Class B-like)	w
SERPENTINE	worm	O44705	srbc-16	O44705	0	1	Serpentine Receptor, class BC (Class B-like)	w
SERPENTINE	worm	O44877	srx-111	O44877	0	1	7TM GPCR serpentine receptor class x (Srx) domain-containing	w
SERPENTINE	worm	O44908	srh-60	O44908	0	3	Serpentine Receptor, class H	w
SERPENTINE	worm	O44909	srh-59	O44909	0	3	Serpentine Receptor, class H	w
SERPENTINE	worm	O45150	srg-30	O45150	1	36	Serpentine receptor class gamma-30	w
SERPENTINE	worm	O45164	srh-241	O45164	0	12	Serpentine Receptor, class H	w
SERPENTINE	worm	O45165	srh-243	O45165	2	12	Serpentine Receptor, class H	w
SERPENTINE	worm	O45169	sre-24	O45169	0	1	Serpentine Receptor, class E (Epsilon)	w
SERPENTINE	worm	O45300	sre-13	O45300	1	21	Serpentine receptor class epsilon-13	w
SERPENTINE	worm	O45308	srab-12	O45308	0	3	Serpentine Receptor, class AB (Class A-like)	w
SERPENTINE	worm	O45337	str-97	O45337	0	3	Serpentine receptor class r-10	w
SERPENTINE	worm	O45339	str-99	O45339	0	3	Serpentine receptor class r-10	w
SERPENTINE	worm	O45461	srh-136	O45461	1	27	Serpentine Receptor, class H	w
SERPENTINE	worm	O45473	srh-186	O45473	0	12	Serpentine Receptor, class H	w
SERPENTINE	worm	O45565	srbc-51	O45565	0	4	Serpentine Receptor, class BC (Class B-like)	w
SERPENTINE	worm	O45695	srx-1	O45695	0	2	7TM GPCR serpentine receptor class x (Srx) domain-containing	w
SERPENTINE	worm	O45710	str-102	O45710	0	3	Serpentine receptor class r-10	w
SERPENTINE	worm	O45735	str-151	O45735	0	2	Serpentine receptor class r-10	w
SERPENTINE	worm	O45760	srh-257	O45760	1	9	Serpentine Receptor, class H	w
SERPENTINE	worm	O45761	srh-258	O45761	1	9	Serpentine Receptor, class H	w
SERPENTINE	worm	O45762	srh-264	O45762	0	9	Serpentine Receptor, class H	w
SERPENTINE	worm	O45763	srh-265	O45763	0	9	Serpentine Receptor, class H	w
SERPENTINE	worm	O45767	srx-43	O45767	0	3	Serpentine receptor class X-43	w
SERPENTINE	worm	O45789	srbc-62	O45789	0	10	Serpentine Receptor, class BC (Class B-like)	w
SERPENTINE	worm	O45972	str-101	O45972	0	3	Serpentine receptor class r-10	w
SERPENTINE	worm	O45973	srh-140	O45973	0	8	Serpentine Receptor, class H	w
SERPENTINE	worm	O45985	srt-22	O45985	0	3	Serpentine Receptor, class T	w
SERPENTINE	worm	O46012	srh-179	O46012	0	1	Serpentine Receptor, class H	w
SERPENTINE	worm	O61200	srab-25	O61200	0	14	Serpentine Receptor, class AB (Class A-like)	w
SERPENTINE	worm	O61881	srx-41	O61881	0	35	7TM GPCR serpentine receptor class x (Srx) domain-containing	w
SERPENTINE	worm	O61938	srbc-66	O61938	0	1	Serpentine Receptor, class BC (Class B-like)	w
SERPENTINE	worm	O61941	srbc-67	O61941	0	4	Serpentine Receptor, class BC (Class B-like)	w
SERPENTINE	worm	O61946	sri-21	O61946	0	7	Serpentine Receptor, class I	w
SERPENTINE	worm	O61969	srh-248	O61969	0	1	Serpentine Receptor, class H	w
SERPENTINE	worm	O62148	str-111	O62148	0	8	Serpentine receptor class r-10	w
SERPENTINE	worm	O62266	sre-31	O62266	1	21	Serpentine receptor class epsilon-31	w
SERPENTINE	worm	O62269	sre-29	O62269	0	1	Serpentine receptor class epsilon-29	w
SERPENTINE	worm	O62279	str-92	O62279	0	3	Serpentine receptor class r-10	w
SERPENTINE	worm	O62280	str-89	O62280	0	3	Serpentine receptor class r-10	w
SERPENTINE	worm	O62384	srh-239	O62384	0	1	Serpentine Receptor, class H	w
SERPENTINE	worm	O62413	sri-18	O62413	2	44	Serpentine Receptor, class T	w
SERPENTINE	worm	O62470	sru-12	O62470	1	18	Serpentine Receptor, class U	w
SERPENTINE	worm	O62517	srg-64	O62517	0	1	Serpentine receptor class gamma	w
SERPENTINE	worm	O76433	srt-29	O76433	0	8	Serpentine Receptor, class T	w
SERPENTINE	worm	O76434	srt-27	O76434	0	3	Serpentine Receptor, class T	w
SERPENTINE	worm	O76662	srh-229	O76662	0	3	Serpentine Receptor, class H	w
SERPENTINE	worm	O76829	srh-222	O76829	1	20	Serpentine Receptor, class H	w
SERPENTINE	worm	P34571	srt-55	P34571	0	3	Serpentine receptor class T-55	w
SERPENTINE	worm	P46566	srg-9	P46566	0	1	Serpentine receptor class gamma-9	w
SERPENTINE	worm	P90760	srj-4	P90760	1	23	Serpentine Receptor, class J	w
SERPENTINE	worm	P90823	srx-136	P90823	0	1	7TM GPCR serpentine receptor class x (Srx) domain-containing	w
SERPENTINE	worm	P90824	srx-135	P90824	0	1	7TM GPCR serpentine receptor class x (Srx) domain-containing	w
SERPENTINE	worm	P90825	srx-137	P90825	0	1	7TM GPCR serpentine receptor class x (Srx) domain-containing	w
SERPENTINE	worm	P90837	sre-32	P90837	0	9	Serpentine receptor class epsilon-32	w
SERPENTINE	worm	P91473	srab-21	P91473	0	10	Serpentine Receptor, class AB (Class A-like)	w
SERPENTINE	worm	P91981	srh-15	P91981	0	5	Serpentine Receptor, class H	w
SERPENTINE	worm	Q09203	sra-1	Q09203	0	11	Serpentine receptor class alpha-1	w
SERPENTINE	worm	Q09205	sra-3	Q09205	0	1	Serpentine receptor class alpha-3	w
SERPENTINE	worm	Q10934	sra-32	Q10934	0	8	Serpentine receptor class alpha-32	w
SERPENTINE	worm	Q17760	srd-7	Q17760	0	1	Serpentine receptor class delta-7	w
SERPENTINE	worm	Q18364	sru-4	Q18364	0	5	Serpentine Receptor, class U	w
SERPENTINE	worm	Q18366	sru-3	Q18366	0	18	Serpentine Receptor, class U	w
SERPENTINE	worm	Q18568	str-220	Q18568	0	3	Serpentine receptor class r-10	w
SERPENTINE	worm	Q18807	odr-10	Q18807	0	4	Serpentine receptor class r-10	w
SERPENTINE	worm	Q18818	C54C6.4	Q18818	0	12	Serpentine receptor class gamma	w
SERPENTINE	worm	Q18952	srh-184	Q18952	0	8	Serpentine Receptor, class H	w
SERPENTINE	worm	Q19145	str-116	Q19145	0	12	Serpentine receptor class r-10	w
SERPENTINE	worm	Q19556	srt-43	Q19556	0	3	Serpentine Receptor, class T	w
SERPENTINE	worm	Q19897	sre-6	Q19897	1	21	Serpentine receptor class epsilon-6	w
SERPENTINE	worm	Q19993	CELE_F34D10.3	Q19993	0	11	Serpentine Receptor, class E (Epsilon)	w
SERPENTINE	worm	Q20244	srt-33	Q20244	0	3	Serpentine Receptor, class T	w
SERPENTINE	worm	Q20249	sre-8	Q20249	1	21	Serpentine receptor class epsilon-8	w
SERPENTINE	worm	Q20452	sru-39	Q20452	0	2	Serpentine Receptor, class T	w
SERPENTINE	worm	Q20503	CELE_F47B10.3	Q20503	0	2	Serpentine Receptor, class T	w
SERPENTINE	worm	Q20618	sra-13	Q20618	0	2	Serpentine receptor class alpha-13	w
SERPENTINE	worm	Q20814	srh-16	Q20814	0	1	Serpentine Receptor, class H	w
SERPENTINE	worm	Q21142	sre-7	Q21142	1	21	Serpentine Receptor, class E (Epsilon)	w
SERPENTINE	worm	Q21685	srx-2	Q21685	0	1	7TM GPCR serpentine receptor class x (Srx) domain-containing	w
SERPENTINE	worm	Q21686	srt-18	Q21686	0	3	Serpentine Receptor, class T	w
SERPENTINE	worm	Q21714	srd-36	Q21714	0	3	Serpentine Receptor, class D (Delta)	w
SERPENTINE	worm	Q21991	srx-20	Q21991	2	26	7TM GPCR serpentine receptor class x (Srx) domain-containing	w
SERPENTINE	worm	Q22117	CELE_T03F7.5	Q22117	0	1	Serpentine Receptor, class E (Epsilon)	w
SERPENTINE	worm	Q22283	srj-33	Q22283	0	3	Serpentine Receptor, class J	w
SERPENTINE	worm	Q22284	sre-28	Q22284	0	3	Serpentine Receptor, class E (Epsilon)	w
SERPENTINE	worm	Q22382	srab-17	Q22382	0	19	Serpentine Receptor, class AB (Class A-like)	w
SERPENTINE	worm	Q22642	srg-32	Q22642	0	1	Serpentine receptor class gamma	w
SERPENTINE	worm	Q22981	srt-3	Q22981	0	3	Serpentine Receptor, class T	w
SERPENTINE	worm	Q22982	srt-35	Q22982	0	3	Serpentine Receptor, class T	w
SERPENTINE	worm	Q22983	srt-36	Q22983	0	4	Serpentine Receptor, class T	w
SERPENTINE	worm	Q22984	srt-38	Q22984	0	3	Serpentine Receptor, class T	w
SERPENTINE	worm	Q22986	srt-20	Q22986	0	3	Serpentine Receptor, class T	w
SERPENTINE	worm	Q22987	srt-37	Q22987	0	3	Serpentine Receptor, class T	w
SERPENTINE	worm	Q22988	srt-19	Q22988	0	3	Serpentine Receptor, class T	w
SERPENTINE	worm	Q23059	srm-2	Q23059	0	1	Serpentine Receptor, class T	w
SERPENTINE	worm	Q23072	srt-13	Q23072	0	3	Serpentine Receptor, class T	w
SERPENTINE	worm	Q23073	srt-14	Q23073	0	4	Serpentine Receptor, class T	w
SERPENTINE	worm	Q23156	srt-39	Q23156	0	3	Serpentine Receptor, class T	w
SERPENTINE	worm	Q23331	srbc-45	Q23331	0	1	Serpentine Receptor, class BC (Class B-like)	w
SERPENTINE	worm	Q400M3	srt-41	Q400M3	0	4	Serpentine Receptor, class T	w
SERPENTINE	worm	Q4R157	CELE_Y55F3C.10	Q4R157	0	3	Serpentine Receptor, class T	w
SERPENTINE	worm	Q5CCI4	sre-5	Q5CCI4	1	22	Serpentine Receptor, class E (Epsilon)	w
SERPENTINE	worm	Q5DX30	srbc-8	Q5DX30	0	7	Serpentine Receptor, class BC (Class B-like)	w
SERPENTINE	worm	Q5DX32	srv-5	Q5DX32	0	1	Serpentine receptor class gamma	w
SERPENTINE	worm	Q5F4W1	srz-24	Q5F4W1	0	22	Serpentine Receptor, class Z	w
SERPENTINE	worm	Q5FC50	srt-74	Q5FC50	0	3	Serpentine Receptor, class T	w
SERPENTINE	worm	Q5KQP7	srt-23	Q5KQP7	0	3	Serpentine Receptor, class T	w
SERPENTINE	worm	Q5TEB3	CELE_Y79H2A.12	Q5TEB3	0	10	Serpentine Receptor, class BC (Class B-like)	w
SERPENTINE	worm	Q7KNQ6	srab-2	Q7KNQ6	0	1	Serpentine Receptor, class AB (Class A-like)	w
SERPENTINE	worm	Q7YXB0	srh-255	Q7YXB0	0	9	Serpentine Receptor, class H	w
SERPENTINE	worm	Q86DA3	str-93	Q86DA3	0	3	Serpentine receptor class r-10	w
SERPENTINE	worm	Q8IFZ2	srr-10	Q8IFZ2	0	1	Serpentine Receptor, class R	w
SERPENTINE	worm	Q94303	srh-212	Q94303	0	3	Serpentine Receptor, class H	w
SERPENTINE	worm	Q95XW0	srt-24	Q95XW0	0	3	Serpentine Receptor, class T	w
SERPENTINE	worm	Q95ZY1	srb-2	Q95ZY1	0	2	Serpentine receptor class beta-2	w
SERPENTINE	worm	Q965R2	srt-53	Q965R2	0	3	Serpentine Receptor, class T	w
SERPENTINE	worm	Q966A1	srt-40	Q966A1	0	3	Serpentine Receptor, class T	w
SERPENTINE	worm	Q966B4	str-222	Q966B4	0	1	Serpentine receptor class r-10	w
SERPENTINE	worm	Q966G5	srt-6	Q966G5	0	3	Serpentine Receptor, class T	w
SERPENTINE	worm	Q966G9	srx-9	Q966G9	0	1	7TM GPCR serpentine receptor class x (Srx) domain-containing	w
SERPENTINE	worm	Q966H5	srt-31	Q966H5	0	3	Serpentine Receptor, class T	w
SERPENTINE	worm	Q9GRU8	srh-301	Q9GRU8	0	1	Serpentine Receptor, class H	w
SERPENTINE	worm	Q9GS08	str-90	Q9GS08	0	3	Serpentine receptor class r-10	w
SERPENTINE	worm	Q9GS11	str-129	Q9GS11	0	7	Serpentine receptor class r-10	w
SERPENTINE	worm	Q9GUB8	srh-87	Q9GUB8	0	2	Serpentine Receptor, class H	w
SERPENTINE	worm	Q9GYI7	CELE_F29B9.8	Q9GYI7	0	35	Serpentine Receptor, class T	w
SERPENTINE	worm	Q9GZF9	srt-59	Q9GZF9	0	4	Serpentine Receptor, class T	w
SERPENTINE	worm	Q9N2S8	str-169	Q9N2S8	1	23	Serpentine receptor class r-10	w
SERPENTINE	worm	Q9N2T6	str-156	Q9N2T6	0	1	Serpentine receptor class r-10	w
SERPENTINE	worm	Q9N482	str-172	Q9N482	0	3	Serpentine receptor class r-10	w
SERPENTINE	worm	Q9N483	str-173	Q9N483	0	3	Serpentine receptor class r-10	w
SERPENTINE	worm	Q9N4X6	srj-19	Q9N4X6	0	1	Serpentine Receptor, class J	w
SERPENTINE	worm	Q9N526	srt-52	Q9N526	0	3	Serpentine Receptor, class T	w
SERPENTINE	worm	Q9N5G0	srh-56	Q9N5G0	1	46	Serpentine Receptor, class H	w
SERPENTINE	worm	Q9N5G5	srg-58	Q9N5G5	1	6	Serpentine receptor class gamma	w
SERPENTINE	worm	Q9N5G6	srx-28	Q9N5G6	5	26	7TM GPCR serpentine receptor class x (Srx) domain-containing	w
SERPENTINE	worm	Q9NAI0	srt-49	Q9NAI0	0	3	Serpentine Receptor, class T	w
SERPENTINE	worm	Q9NAN9	srt-44	Q9NAN9	0	3	Serpentine Receptor, class T	w
SERPENTINE	worm	Q9TXJ9	srt-34	Q9TXJ9	0	3	Serpentine Receptor, class T	w
SERPENTINE	worm	Q9TXW8	srt-56	Q9TXW8	0	3	Serpentine Receptor, class T	w
SERPENTINE	worm	Q9U1Z9	srh-171	Q9U1Z9	0	1	Serpentine Receptor, class H	w
SERPENTINE	worm	Q9U2H5	srt-48	Q9U2H5	0	3	Serpentine Receptor, class T	w
SERPENTINE	worm	Q9U2H7	srt-47	Q9U2H7	0	4	Serpentine Receptor, class T	w
SERPENTINE	worm	Q9U2L3	sre-15	Q9U2L3	0	1	Serpentine Receptor, class E (Epsilon)	w
SERPENTINE	worm	Q9U2P4	srd-17	Q9U2P4	0	1	Serpentine Receptor, class D (Delta)	w
SERPENTINE	worm	Q9UAU7	str-119	Q9UAU7	0	1	Serpentine receptor class r-10	w
SERPENTINE	worm	Q9UAX4	str-113	Q9UAX4	0	3	Serpentine receptor class r-10	w
SERPENTINE	worm	Q9XTR3	srj-26	Q9XTR3	0	3	Serpentine Receptor, class J	w
SERPENTINE	worm	Q9XTV0	srh-32	Q9XTV0	0	1	Serpentine Receptor, class H	w
SERPENTINE	worm	Q9XTV9	CELE_F21H7.3	Q9XTV9	0	2	Serpentine Receptor, class E (Epsilon)	w
SERPENTINE	worm	Q9XU64	srt-11	Q9XU64	0	3	Serpentine Receptor, class T	w
SERPENTINE	worm	Q9XU91	srh-180	Q9XU91	0	5	Serpentine Receptor, class H	w
SERPENTINE	worm	Q9XUC8	srt-45	Q9XUC8	0	3	Serpentine Receptor, class T	w
SERPENTINE	worm	Q9XUN5	srh-215	Q9XUN5	0	23	Serpentine Receptor, class H	w
SERPENTINE	worm	Q9XV29	srh-174	Q9XV29	0	5	Serpentine Receptor, class H	w
SERPENTINE	worm	Q9XV42	sru-47	Q9XV42	0	5	Serpentine Receptor, class U	w
SERPENTINE	worm	Q9XVK3	srx-10	Q9XVK3	0	1	7TM GPCR serpentine receptor class x (Srx) domain-containing	w
SERPENTINE	worm	Q9XX38	srh-166	Q9XX38	0	1	Serpentine Receptor, class H	w
SERPENTINE	worm	Q9XXB1	srh-291	Q9XXB1	0	1	Serpentine Receptor, class H	w
SERPENTINE	worm	Q9XXN9	srh-111	Q9XXN9	0	1	Serpentine Receptor, class T	w
SERPENTINE	worm	Q9XXP7	srz-96	Q9XXP7	0	2	Serpentine Receptor, class Z	w
SERPH_HUMAN	human	P50454	SERPINH1	P50454	55	491		
SERPIN	fly	FBgn0024293	Spn43Ab	A1Z6V5	19	301	FI01422p (Serpin 43Ab)	w
SERPIN	fly	FBgn0024294	Spn43Aa	Q7KA66	18	294	Serpin 43Aa (Serpin, putative)	w
SERPIN	fly	FBgn0028983	Spn55B	Q7JV69	25	296	SD11922p (Serine protease inhibitor (Serpin-6)) (Serpin 55B)	w
SERPIN	fly	FBgn0028984	Spn88Ea	Q9VFC2	13	295	Serine protease inhibitor 88Ea (Serpin 88Ea)	w
SERPIN	fly	FBgn0028986	Spn38F	Q9VII7	35	294	Serpin 38F, isoform A	w
SERPIN	fly	FBgn0028987	Spn28F	Q9VLQ7	16	293	Serpin 28F	w
SERPIN	fly	FBgn0028988	Spn42Dd	Q7YTY6	28	298	Serine protease inhibitor 42Dd (Serpin 42Dd)	w
SERPIN	fly	FBgn0028990	Spn27A	Q9V3N1	32	312	Serine protease inhibitor 27A (Serpin 27A)	w
SERPIN	fly	FBgn0031973	Spn28Dc	Q9VLU4	21	292	Serine protease inhibitor 28Dc (Serpin 28Dc) (Serpin-28D)	w
SERPIN	fly	FBgn0032178	Spn31A	Q9VL44	48	292	MIP05602p (Serpin 31A)	w
SERPIN	fly	FBgn0033112	Spn42Db	A1Z6R3	21	291	Serpin 42Db, isoform C	w
SERPIN	fly	FBgn0033113	Spn42Dc	A1Z6R4	17	301	Serpin 42Dc, isoform A (Serpin 42Dc, isoform B)	w
SERPIN	fly	FBgn0033115	Spn42De	Q8SZF4	12	307	RE02548p (Serpin 42De, isoform A)	w
SERPIN	fly	FBgn0033574	Spn47C	Q7K508	35	297	GH18514p (Serpin 47C, isoform A) (Serpin 47C, isoform B) (Se	w
SERPIN	fly	FBgn0034195	Spn53F	Q4V3G2	43	289	IP10416p (Serpin 53F)	w
SERPIN	fly	FBgn0036969	Spn77Bb	Q9VWB4	33	306	Serpin 77Bb	w
SERPIN	fly	FBgn0036970	Spn77Bc	Q9VPH9	23	306	GH21475p (Serpin 77Bc, isoform A) (Serpin 77Bc, isoform B)	w
SERPIN	fly	FBgn0037772	Spn85F	Q9VH46	34	287	Serpin 85F	w
SERPIN	fly	FBgn0038299	Spn88Eb	Q9VFC1	14	296	CG6687 protein (LP04383p) (Serpin 88Eb)	w
SERPIN	fly	FBgn0039795	Spn100A	Q9VA48	31	291	Serpin 100A	w
SERPIN	fly	FBgn0044011	Spn43Ad	Q8SYY7	27	291	RE27547p (Serpin 43Ad)	w
SERPIN	fly	FBgn0051902	Spn28Da	Q0E8V6	28	293	Serpin 28Da	w
SERPIN	fly	FBgn0052203	Spn75F	Q3HKQ3	18	287	Male accessory gland protein (Serpin 75F)	w
SERPIN	fly	FBgn0053121	Spn28Db	Q9VLV3	14	293	Serpin 28Db	w
SERPIN	fly	FBgn0083141	Spn28B	Q9VLZ8	22	298	Serpin 28B, isoform A (Serpin 28B, isoform B)	w
SERPIN	fly	FBgn0262057	Spn77Ba	Q0E8C8	21	303	Serine protease inhibitor 77Ba (Serpin 77Ba)	w
SERPIN	fly	FBgn0263109	CG43366	A1Z6I3	0	1	Serpin domain-containing protein	w
SERPIN	fly	FBgn0265137	Spn42Da	Q7K8Y5	11	302	Serpin 4	w
SERPIN	human	A8MTL9	HMSD	A8MTL9	3	17	Serpin-like protein HMSD (Minor histocompatibility protein H	w
SERPIN	human	A8MV23	SERPINE3	A8MV23	2	37	Serpin E3	w
SERPIN	human	O75635	SERPINB7	O75635	16	172	Serpin B7 (Megsin) (TP55)	w
SERPIN	human	O75830	SERPINI2	O75830	1	57	Serpin I2 (Myoepithelium-derived serine protease inhibitor) 	w
SERPIN	human	P01008	SERPINC1	P01008	55	531	Antithrombin-III (ATIII) (Serpin C1)	w
SERPIN	human	P01009	SERPINA1	P01009	83	891	Alpha-1-antitrypsin (Alpha-1 protease inhibitor) (Alpha-1-an	w
SERPIN	human	P01011	SERPINA3	P01011	30	460	Alpha-1-antichymotrypsin (ACT) (Cell growth-inhibiting gene 	w
SERPIN	human	P01019	AGT	P01019	80	960	Angiotensinogen (Serpin A8) [Cleaved into: Angiotensin-1 (An	w
SERPIN	human	P05120	SERPINB2	P05120	8	247	Plasminogen activator inhibitor 2 (PAI-2) (Monocyte Arg-serp	w
SERPIN	human	P05121	SERPINE1	P05121	16	288	Plasminogen activator inhibitor 1 (PAI) (PAI-1) (Endothelial	w
SERPIN	human	P05154	SERPINA5	P05154	38	293	Plasma serine protease inhibitor (Acrosomal serine protease 	w
SERPIN	human	P05155	SERPING1	P05155	62	475	Plasma protease C1 inhibitor (C1 Inh) (C1Inh) (C1 esterase i	w
SERPIN	human	P05543	SERPINA7	P05543	21	251	Thyroxine-binding globulin (Serpin A7) (T4-binding globulin)	w
SERPIN	human	P05546	SERPIND1	P05546	16	296	Heparin cofactor 2 (Heparin cofactor II) (HC-II) (Protease i	w
SERPIN	human	P07093	SERPINE2	P07093	22	186	Glia-derived nexin (GDN) (Peptidase inhibitor 7) (PI-7) (Pro	w
SERPIN	human	P08185	SERPINA6	P08185	33	283	Corticosteroid-binding globulin (CBG) (Serpin A6) (Transcort	w
SERPIN	human	P08697	SERPINF2	P08697	37	308	Alpha-2-antiplasmin (Alpha-2-AP) (Alpha-2-plasmin inhibitor)	w
SERPIN	human	P20848	SERPINA2	P20848	0	15	Alpha-1-antitrypsin-related protein (AAT-related protein) (P	w
SERPIN	human	P29508	SERPINB3	P29508	6	312	Serpin B3 (Protein T4-A) (Squamous cell carcinoma antigen 1)	w
SERPIN	human	P29622	SERPINA4	P29622	35	367	Kallistatin (Kallikrein inhibitor) (Peptidase inhibitor 4) (	w
SERPIN	human	P30740	SERPINB1	P30740	19	276	Leukocyte elastase inhibitor (LEI) (Monocyte/neutrophil elas	w
SERPIN	human	P35237	SERPINB6	P35237	9	106	Serpin B6 (Cytoplasmic antiproteinase) (CAP) (Peptidase inhi	w
SERPIN	human	P36952	SERPINB5	P36952	22	334	Serpin B5 (Maspin) (Peptidase inhibitor 5) (PI-5)	w
SERPIN	human	P36955	SERPINF1	P36955	41	455	Pigment epithelium-derived factor (PEDF) (Cell proliferation	w
SERPIN	human	P48594	SERPINB4	P48594	10	290	Serpin B4 (Leupin) (Peptidase inhibitor 11) (PI-11) (Squamou	w
SERPIN	human	P48595	SERPINB10	P48595	1	81	Serpin B10 (Bomapin) (Peptidase inhibitor 10) (PI-10)	w
SERPIN	human	P50452	SERPINB8	P50452	5	136	Serpin B8 (Cytoplasmic antiproteinase 2) (CAP-2) (CAP2) (Pep	w
SERPIN	human	P50453	SERPINB9	P50453	12	193	Serpin B9 (Cytoplasmic antiproteinase 3) (CAP-3) (CAP3) (Pep	w
SERPIN	human	P50454	SERPINH1	P50454	55	491	Serpin H1 (47 kDa heat shock protein) (Arsenic-transactivate	w
SERPIN	human	Q6UXR4	SERPINA13P	Q6UXR4	2	6	Putative serpin A13	w
SERPIN	human	Q86U17	SERPINA11	Q86U17	4	70	Serpin A11	w
SERPIN	human	Q86WD7	SERPINA9	Q86WD7	6	53	Serpin A9 (Centerin) (Germinal center B-cell-expressed trans	w
SERPIN	human	Q8IW75	SERPINA12	Q8IW75	14	228	Serpin A12 (OL-64) (Visceral adipose tissue-derived serine p	w
SERPIN	human	Q96P15	SERPINB11	Q96P15	1	45	Serpin B11	w
SERPIN	human	Q96P63	SERPINB12	Q96P63	11	213	Serpin B12	w
SERPIN	human	Q99574	SERPINI1	Q99574	6	65	Neuroserpin (Peptidase inhibitor 12) (PI-12) (Serpin I1)	w
SERPIN	human	Q9UIV8	SERPINB13	Q9UIV8	4	166	Serpin B13 (HaCaT UV-repressible serpin) (Hurpin) (Headpin) 	w
SERPIN	human	Q9UK55	SERPINA10	Q9UK55	26	187	Protein Z-dependent protease inhibitor (PZ-dependent proteas	w
SERPIN	worm	A0A0K3AX65	CELE_R01H2.4	A0A0K3AX65	0	1	SERPIN domain-containing protein	w
SERPIN	worm	A9Z1L1	srp-7	A9Z1L1	0	63	Serpin domain-containing protein	w
SERPIN	worm	O17365	srp-2	O17365	0	50	Serpin domain-containing protein	w
SERPIN	worm	O18231	CELE_Y57G11C.5	O18231	0	14	SERPIN domain-containing protein	w
SERPIN	worm	O45520	CELE_F44G3.7	O45520	2	61	SERPIN domain-containing protein	w
SERPIN	worm	Q18287	C28G1.2	Q18287	0	50	Serpin domain-containing protein	w
SERPIN	worm	Q19651	srp-8	Q19651	0	50	Serpin domain-containing protein	w
SERPIN	worm	Q9NA52	CELE_Y73F8A.20	Q9NA52	0	14	SERPIN domain-containing protein	w
SERPIN	worm	Q9XVQ1	CELE_F15D3.4	Q9XVQ1	0	54	SERPIN domain-containing protein	w
SERPIN	zebrafish	A8WFU6	serpinh1a	A8WFU6	0	10	Serpin H1	w
SERPIN	zebrafish	E7EXC4	serpinb14	E7EXC4	0	3	Serpin B6	w
SERPIN	zebrafish	F1QQ04	serpinh1b	F1QQ04	0	20	Serpin H1	w
SERPIN	zebrafish	F8W475	serpinb1l4	F8W475	0	2	Serpin B6	w
SERPIN	zebrafish	Q5RIK7	serpinb1l2	Q5RIK7	0	9	Serpin peptidase inhibitor, clade B (Ovalbumin), member 1, l	w
SERPIN	zebrafish	Q7T309	serpinb1l3	Q7T309	0	2	Serpin B6	w
SERPIN-28D	fly	FBgn0031973	Spn28Dc	Q9VLU4	21	292	Serine protease inhibitor 28Dc (Serpin 28Dc) (Serpin-28D)	w
SERPIN-6	fly	FBgn0028983	Spn55B	Q7JV69	25	296	SD11922p (Serine protease inhibitor (Serpin-6)) (Serpin 55B)	w
SERPIN-LIKE	human	A8MTL9	HMSD	A8MTL9	3	17	Serpin-like protein HMSD (Minor histocompatibility protein H	w
SERPIN-LIKE	virus	P14369	FPV251	P14369	7	250	Uncharacterized serpin-like protein FPV251	w
SERPIN-LIKE	virus	Q9J531	FPV204	Q9J531	10	248	Uncharacterized serpin-like protein FPV204	w
SERPIN-LIKE	virus	Q9J5F9	FPV044	Q9J5F9	5	249	Uncharacterized serpin-like protein FPV044	w
SERPIN-LIKE	virus	Q9J5G3	FPV040	Q9J5G3	3	250	Uncharacterized serpin-like protein FPV040	w
SERPIN-LIKE	virus	Q9J5J1	FPV010	Q9J5J1	10	249	Uncharacterized serpin-like protein FPV010	w
SERPINA1	human	P01009	SERPINA1	P01009	83	891	Alpha-1-antitrypsin (Alpha-1 protease inhibitor) (Alpha-1-an	
SERPINA1	rattus-norvegicus	P17475	Serpina1	P17475	9	82	Alpha-1-antiproteinase	
SERPINA1	zebrafish	Q5SPJ4	serpina1	Q5SPJ4	0	42	Alpha-1-antitrypsin precursor	
SERPINA10	human	Q9UK55	SERPINA10	Q9UK55	26	187	Protein Z-dependent protease inhibitor (PZ-dependent proteas	
SERPINA10	mus-musculus	Q8R121	Serpina10	Q8R121	2	6	Protein Z-dependent protease inhibitor	
SERPINA10	rattus-norvegicus	Q62975	Serpina10	Q62975	2	5	Protein Z-dependent protease inhibitor	
SERPINA11	human	Q86U17	SERPINA11	Q86U17	4	70	Serpin A11	
SERPINA11	human	Q86WD7	SERPINA9	Q86WD7	6	53		
SERPINA11	rattus-norvegicus	Q7TPA5	Serpina11	Q7TPA5	0	1	Serpin A11	
SERPINA12	human	Q8IW75	SERPINA12	Q8IW75	14	228	Serpin A12 (OL-64) (Visceral adipose tissue-derived serine p	
SERPINA12	mus-musculus	Q7TMF5	Serpina12	Q7TMF5	1	7	Serpin A12	
SERPINA12	rattus-norvegicus	Q8R4Z1	Serpina12	Q8R4Z1	1	3	Serpin A12	
SERPINA13	human	Q6UXR4	SERPINA13P	Q6UXR4	2	6		
SERPINA13P	human	Q6UXR4	SERPINA13P	Q6UXR4	2	6	Putative serpin A13	
SERPINA16	mus-musculus	D3Z660	Serpina16	D3Z660	1	7	Serine (or cysteine) peptidase inhibitor, clade A (alpha-1 a	
SERPINA16	rattus-norvegicus	G3V8X9	Serpina16	G3V8X9	1	29	Serine (or cysteine) peptidase inhibitor, clade A (alpha-1 a	
SERPINA1A	mus-musculus	P07758	Serpina1a	P07758	4	25	Alpha-1-antitrypsin 1-1	
SERPINA1B	mus-musculus	P22599	Serpina1b	P22599	2	32	Alpha-1-antitrypsin 1-2	
SERPINA1C	mus-musculus	Q00896	Serpina1c	Q00896	2	77	Alpha-1-antitrypsin 1-3	
SERPINA1D	mus-musculus	Q00897	Serpina1d	Q00897	2	29	Alpha-1-antitrypsin 1-4	
SERPINA1E	mus-musculus	Q00898	Serpina1e	Q00898	3	26	Alpha-1-antitrypsin 1-5	
SERPINA1F	mus-musculus	Q9DCQ7	Serpina1f	Q9DCQ7	0	9	Alpha-1-antitrypsin 1-6	
SERPINA1F	rattus-norvegicus	D4A4R7	Serpina1f	D4A4R7	1	30	Serpin family A member 1F	
SERPINA1L	zebrafish	A0A8N7V0N1	serpina1l	A0A8N7V0N1	0	38	Serine (Or cysteine) proteinase inhibitor, clade A (Alpha-1 	
SERPINA2	human	P20848	SERPINA2	P20848	0	15	Alpha-1-antitrypsin-related protein (AAT-related protein) (P	
SERPINA2P	human	P20848	SERPINA2	P20848	0	15		
SERPINA3	human	P01011	SERPINA3	P01011	30	460	Alpha-1-antichymotrypsin (ACT) (Cell growth-inhibiting gene 	
SERPINA3A	mus-musculus	Q6P4P1	Serpina3a	Q6P4P1	0	7	Serine protease inhibitor A3A	
SERPINA3A	rattus-norvegicus	F1M8F5	Serpina3a	F1M8F5	2	13	Serine (or cysteine) peptidase inhibitor, clade A, member 3A	
SERPINA3B	mus-musculus	Q8BYY9	Serpina3b	Q8BYY9	0	7	Serine protease inhibitor A3B	
SERPINA3C	mus-musculus	P29621	Serpina3c	P29621	0	19	Serine protease inhibitor A3C	
SERPINA3F	mus-musculus	Q80X76	Serpina3f	Q80X76	0	6	Serine protease inhibitor A3F	
SERPINA3G	mus-musculus	F2Z405	Serpina3g	F2Z405	1	4	Serine (or cysteine) peptidase inhibitor, clade A, member 3G	
SERPINA3I	mus-musculus	D3Z450	Serpina3i	D3Z450	0	7	Serine (or cysteine) peptidase inhibitor, clade A, member 3I	
SERPINA3J	mus-musculus	D3Z451	Serpina3j	D3Z451	1	2	Serine (or cysteine) peptidase inhibitor, clade A (alpha-1 a	
SERPINA3J	rattus-norvegicus	D4A4U8	Serpina3j	D4A4U8	0	6	Serine (or cysteine) peptidase inhibitor, clade A (alpha-1 a	
SERPINA3K	mus-musculus	P07759	Serpina3k	P07759	0	10	Serine protease inhibitor A3K	
SERPINA3K	rattus-norvegicus	P05545	Serpina3k	P05545	2	17	Serine protease inhibitor A3K	
SERPINA3M	mus-musculus	Q03734	Serpina3m	Q03734	0	7	Serine protease inhibitor A3M	
SERPINA3M	rattus-norvegicus	Q63556	Serpina3m	Q63556	2	6	Serine protease inhibitor A3M	
SERPINA3N	mus-musculus	Q91WP6	Serpina3n	Q91WP6	0	7	Serine protease inhibitor A3N	
SERPINA4	human	P29622	SERPINA4	P29622	35	367	Kallistatin (Kallikrein inhibitor) (Peptidase inhibitor 4) (	
SERPINA4	rattus-norvegicus	Q5M8C3	Serpina4	Q5M8C3	2	11	Serpin family A member 4	
SERPINA5	human	P05154	SERPINA5	P05154	38	293	Plasma serine protease inhibitor (Acrosomal serine protease 	
SERPINA5	mus-musculus	P70458	Serpina5	P70458	1	32	Plasma serine protease inhibitor	
SERPINA5	rattus-norvegicus	F7EMJ6	Serpina5	F7EMJ6	3	25	Serpin family A member 5	
SERPINA6	human	P08185	SERPINA6	P08185	33	283	Corticosteroid-binding globulin (CBG) (Serpin A6) (Transcort	
SERPINA6	mus-musculus	Q06770	Serpina6	Q06770	0	9	Corticosteroid-binding globulin	
SERPINA6	rattus-norvegicus	P31211	Serpina6	P31211	1	11	Corticosteroid-binding globulin	
SERPINA7	human	P05543	SERPINA7	P05543	21	251	Thyroxine-binding globulin (Serpin A7) (T4-binding globulin)	
SERPINA7	mus-musculus	P61939	Serpina7	P61939	0	5	Thyroxine-binding globulin	
SERPINA7	rattus-norvegicus	P35577	Serpina7	P35577	0	3	Thyroxine-binding globulin	
SERPINA7	zebrafish	F8W5C3	serpina7	F8W5C3	0	3	Thyroxine-binding globulin	
SERPINA8	human	P01019	AGT	P01019	80	960		
SERPINA9	human	Q86WD7	SERPINA9	Q86WD7	6	53	Serpin A9 (Centerin) (Germinal center B-cell-expressed trans	
SERPINA9	rattus-norvegicus	D3ZAT4	Serpina9	D3ZAT4	0	1	Serpin family A member 9	
SERPINB1	human	P30740	SERPINB1	P30740	19	276	Leukocyte elastase inhibitor (LEI) (Monocyte/neutrophil elas	
SERPINB1	zebrafish	Q6DG30	serpinb1	Q6DG30	0	9	Leukocyte elastase inhibitor	
SERPINB10	human	P48595	SERPINB10	P48595	1	81	Serpin B10 (Bomapin) (Peptidase inhibitor 10) (PI-10)	
SERPINB11	human	Q96P15	SERPINB11	Q96P15	1	45	Serpin B11	
SERPINB11	rattus-norvegicus	D3ZJI7	Serpinb11	D3ZJI7	0	8	Serpin family B member 11	
SERPINB12	human	Q96P63	SERPINB12	Q96P63	11	213	Serpin B12	
SERPINB13	human	Q9UIV8	SERPINB13	Q9UIV8	4	166	Serpin B13 (HaCaT UV-repressible serpin) (Hurpin) (Headpin) 	
SERPINB13	mus-musculus	Q8CDC0	Serpinb13	Q8CDC0	0	2	Serpin B13	
SERPINB13	rattus-norvegicus	D3ZKA0	Serpinb13	D3ZKA0	0	4	Serpin B13	
SERPINB14	zebrafish	E7EXC4	serpinb14	E7EXC4	0	3	Serpin B6	
SERPINB1A	mus-musculus	Q9D154	Serpinb1a	Q9D154	2	42	Leukocyte elastase inhibitor A	
SERPINB1A	rattus-norvegicus	Q4G075	Serpinb1a	Q4G075	3	27	Leukocyte elastase inhibitor A	
SERPINB1B	mus-musculus	Q8VHP7	Serpinb1b	Q8VHP7	2	40	Leukocyte elastase inhibitor B	
SERPINB1B	rattus-norvegicus	F8WGA3	Serpinb1b	F8WGA3	2	27	Leukocyte elastase inhibitor	
SERPINB1C	mus-musculus	Q5SV42	Serpinb1c	Q5SV42	2	40	Leukocyte elastase inhibitor C	
SERPINB1L1	zebrafish	F1R9A9	serpinb1l1	F1R9A9	0	2	Leukocyte elastase inhibitor	
SERPINB1L2	zebrafish	Q5RIK7	serpinb1l2	Q5RIK7	0	9	Serpin peptidase inhibitor, clade B (Ovalbumin), member 1, l	
SERPINB1L3	zebrafish	Q7T309	serpinb1l3	Q7T309	0	2	Serpin B6	
SERPINB1L4	zebrafish	F8W475	serpinb1l4	F8W475	0	2	Serpin B6	
SERPINB2	human	P05120	SERPINB2	P05120	8	247	Plasminogen activator inhibitor 2 (PAI-2) (Monocyte Arg-serp	
SERPINB2	mus-musculus	P12388	Serpinb2	P12388	5	47	Plasminogen activator inhibitor 2, macrophage	
SERPINB2	rattus-norvegicus	P29524	Serpinb2	P29524	1	44	Plasminogen activator inhibitor 2 type A	
SERPINB3	human	P29508	SERPINB3	P29508	6	312	Serpin B3 (Protein T4-A) (Squamous cell carcinoma antigen 1)	
SERPINB3	rattus-norvegicus	D3ZJK2	Serpinb3	D3ZJK2	1	31	Serpin family B member 3A	
SERPINB3	rattus-norvegicus	F1MAA9	Serpinb3	F1MAA9	0	32	Serpin family B member 3	
SERPINB3A	mus-musculus	G3X9V8	Serpinb3a	G3X9V8	0	4	Serine (or cysteine) peptidase inhibitor, clade B (ovalbumin	
SERPINB3B	mus-musculus	Q9D1Q5	Serpinb3b	Q9D1Q5	0	1	Serpin B10	
SERPINB3C	mus-musculus	A2RSF9	Serpinb3c	A2RSF9	2	43	Serpin B10	
SERPINB4	human	P48594	SERPINB4	P48594	10	290	Serpin B4 (Leupin) (Peptidase inhibitor 11) (PI-11) (Squamou	
SERPINB5	human	P36952	SERPINB5	P36952	22	334	Serpin B5 (Maspin) (Peptidase inhibitor 5) (PI-5)	
SERPINB5	mus-musculus	P70124	Serpinb5	P70124	0	54	Serpin B5	
SERPINB5	rattus-norvegicus	P70564	Serpinb5	P70564	1	44	Serpin B5	
SERPINB6	human	P35237	SERPINB6	P35237	9	106	Serpin B6 (Cytoplasmic antiproteinase) (CAP) (Peptidase inhi	
SERPINB6	mus-musculus	Q60854	Serpinb6	Q60854	3	59	Serpin B6	
SERPINB6A	rattus-norvegicus	A6J7I2	Serpinb6a	A6J7I2	1	43	Serpin B6	
SERPINB6B	mus-musculus	O08804	Serpinb6b	O08804	5	59	NK13	
SERPINB6B	rattus-norvegicus	Q68FX2	Serpinb6b	Q68FX2	0	35	Serine (or cysteine) peptidase inhibitor, clade B, member 6b	
SERPINB6C	mus-musculus	W4VSP4	Serpinb6c	W4VSP4	2	57	Serine (or cysteine) peptidase inhibitor, clade B, member 6c	
SERPINB6D	mus-musculus	Q3UWK8	Serpinb6d	Q3UWK8	1	21	OTTMUSG00000000712 protein	
SERPINB6E	mus-musculus	I7HJI3	Serpinb6e	I7HJI3	0	57	Serine (or cysteine) peptidase inhibitor, clade B, member 6e	
SERPINB7	human	O75635	SERPINB7	O75635	16	172	Serpin B7 (Megsin) (TP55)	
SERPINB7	mus-musculus	Q9D695	Serpinb7	Q9D695	0	40	Serpin B7	
SERPINB7	rattus-norvegicus	G3V6B5	Serpinb7	G3V6B5	0	38	Serpin B7	
SERPINB8	human	P50452	SERPINB8	P50452	5	136	Serpin B8 (Cytoplasmic antiproteinase 2) (CAP-2) (CAP2) (Pep	
SERPINB8	mus-musculus	O08800	Serpinb8	O08800	0	39	Serpin B8	
SERPINB9	human	P50453	SERPINB9	P50453	12	193	Serpin B9 (Cytoplasmic antiproteinase 3) (CAP-3) (CAP3) (Pep	
SERPINB9	mus-musculus	O08797	Serpinb9	O08797	0	43	Leukocyte elastase inhibitor	
SERPINB9	rattus-norvegicus	F7EWV0	Serpinb9	F7EWV0	0	36	Serpin family B member 9	
SERPINB9B	mus-musculus	Q9DAV6	Serpinb9b	Q9DAV6	0	39	R86	
SERPINB9B	rattus-norvegicus	M0R455	Serpinb9b	M0R455	2	35	Serine (or cysteine) peptidase inhibitor, clade B, member 9b	
SERPINB9C	mus-musculus	I7HJI5	Serpinb9c	I7HJI5	1	39	Leukocyte elastase inhibitor	
SERPINB9D	mus-musculus	Q8BMT0	Serpinb9d	Q8BMT0	0	39	Serine (Or cysteine) peptidase inhibitor, clade B, member 9D	
SERPINB9D	rattus-norvegicus	D4A392	Serpinb9d	D4A392	1	33	Serine (or cysteine) peptidase inhibitor, clade B, member 9d	
SERPINB9E	mus-musculus	O08806	Serpinb9e	O08806	1	39	NK26	
SERPINB9F	mus-musculus	Q80UK5	Serpinb9f	Q80UK5	0	39	Serine (Or cysteine) peptidase inhibitor, clade B, member 9f	
SERPINB9G	mus-musculus	Q8VHQ1	Serpinb9g	Q8VHQ1	0	39	NK21B	
SERPINC1	human	P01008	SERPINC1	P01008	55	531	Antithrombin-III (ATIII) (Serpin C1)	
SERPINC1	mus-musculus	P32261	Serpinc1	P32261	9	73	Antithrombin-III	
SERPINC1	rattus-norvegicus	Q5M7T5	Serpinc1	Q5M7T5	5	56	Antithrombin-III	
SERPINC1	zebrafish	Q8AYE3	serpinc1	Q8AYE3	5	44	Antithrombin-III	
SERPIND1	human	P05546	SERPIND1	P05546	16	296	Heparin cofactor 2 (Heparin cofactor II) (HC-II) (Protease i	
SERPIND1	mus-musculus	P49182	Serpind1	P49182	1	14	Heparin cofactor 2	
SERPIND1	rattus-norvegicus	Q64268	Serpind1	Q64268	0	14	Heparin cofactor 2	
SERPIND1	zebrafish	B0V3R7	serpind1	B0V3R7	0	15	Heparin cofactor 2 isoform X2	
SERPINE1	human	P05121	SERPINE1	P05121	16	288	Plasminogen activator inhibitor 1 (PAI) (PAI-1) (Endothelial	
SERPINE1	human	Q8NC51	SERBP1	Q8NC51	68	777	SERPINE1 mRNA-binding protein 1 (PAI1 RNA-binding protein 1)	w
SERPINE1	mus-musculus	P22777	Serpine1	P22777	3	70	Plasminogen activator inhibitor 1	
SERPINE1	rattus-norvegicus	P20961	Serpine1	P20961	7	57	Plasminogen activator inhibitor 1	
SERPINE1	zebrafish	E7EYQ0	serbp1b	E7EYQ0	8	179	SERPINE1 mRNA-binding protein 1 isoform X1	w
SERPINE1	zebrafish	F1Q5Q3	serbp1a	F1Q5Q3	9	182	SERPINE1 mRNA-binding protein 1 isoform X1	w
SERPINE1	zebrafish	F1QRB8	serpine1	F1QRB8	4	43	Plasminogen activator inhibitor 1	
SERPINE2	human	P07093	SERPINE2	P07093	22	186	Glia-derived nexin (GDN) (Peptidase inhibitor 7) (PI-7) (Pro	
SERPINE2	mus-musculus	Q07235	Serpine2	Q07235	2	29	Glia-derived nexin	
SERPINE2	rattus-norvegicus	P07092	Serpine2	P07092	4	31	Glia-derived nexin	
SERPINE2	zebrafish	Q7ZVL5	serpine2	Q7ZVL5	0	18	Glia-derived nexin precursor	
SERPINE3	human	A8MV23	SERPINE3	A8MV23	2	37	Serpin E3	
SERPINF1	human	P36955	SERPINF1	P36955	41	455	Pigment epithelium-derived factor (PEDF) (Cell proliferation	
SERPINF1	mus-musculus	P97298	Serpinf1	P97298	0	22	Pigment epithelium-derived factor	
SERPINF1	rattus-norvegicus	Q80ZA3	Serpinf1	Q80ZA3	0	13	Serine (Or cysteine) peptidase inhibitor, clade F, member 1	
SERPINF1	zebrafish	Q66I20	serpinf1	Q66I20	0	3	Pigment epithelium-derived factor precursor	
SERPINF2	human	P08697	SERPINF2	P08697	37	308	Alpha-2-antiplasmin (Alpha-2-AP) (Alpha-2-plasmin inhibitor)	
SERPINF2	mus-musculus	Q61247	Serpinf2	Q61247	2	27	Alpha-2-antiplasmin	
SERPINF2	rattus-norvegicus	F7FHF3	Serpinf2	F7FHF3	0	27	Serpin family F member 2	
SERPINF2A	zebrafish	F6NQ58	serpinf2a	F6NQ58	0	3	Alpha-2-antiplasmin	
SERPING1	human	P05155	SERPING1	P05155	62	475	Plasma protease C1 inhibitor (C1 Inh) (C1Inh) (C1 esterase i	
SERPING1	mus-musculus	P97290	Serping1	P97290	2	32	Plasma protease C1 inhibitor	
SERPING1	rattus-norvegicus	Q6P734	Serping1	Q6P734	3	55	Plasma protease C1 inhibitor	
SERPING1	zebrafish	B0V2R7	serping1	B0V2R7	0	13	Plasma protease C1 inhibitor isoform X1	
SERPINH1	human	P50454	SERPINH1	P50454	55	491	Serpin H1 (47 kDa heat shock protein) (Arsenic-transactivate	
SERPINH1	mus-musculus	P19324	Serpinh1	P19324	0	43	Serpin H1	
SERPINH1	rattus-norvegicus	P29457	Serpinh1	P29457	2	41	Serpin H1	
SERPINH1A	zebrafish	A8WFU6	serpinh1a	A8WFU6	0	10	Serpin H1	
SERPINH1B	zebrafish	F1QQ04	serpinh1b	F1QQ04	0	20	Serpin H1	
SERPINH2	human	P50454	SERPINH1	P50454	55	491		
SERPINI1	human	Q99574	SERPINI1	Q99574	6	65	Neuroserpin (Peptidase inhibitor 12) (PI-12) (Serpin I1)	
SERPINI1	mus-musculus	O35684	Serpini1	O35684	0	2	Neuroserpin	
SERPINI1	rattus-norvegicus	Q9JLD2	Serpini1	Q9JLD2	0	2	Neuroserpin	
SERPINI1	zebrafish	B3DJI9	serpini1	B3DJI9	0	2	Neuroserpin precursor	
SERPINI2	human	O75830	SERPINI2	O75830	1	57	Serpin I2 (Myoepithelium-derived serine protease inhibitor) 	
SERPINI2	mus-musculus	Q9JK88	Serpini2	Q9JK88	0	4	Serpin I2	
