SF1	arabidopsis-thaliana	Q9LU44	SF1	Q9LU44	10	60	Splicing factor-like protein 1	
SF1	dictyostelium-discoideum	Q54BM5	sf1	Q54BM5	4	16	Branchpoint-bridging protein	
SF1	fly	FBgn0025571	SF1	Q9VEJ1	14	50	Branchpoint-bridging protein	
SF1	human	Q13285	NR5A1	Q13285	169	562		
SF1	human	Q15637	SF1	Q15637	57	308	Splicing factor 1 (Mammalian branch point-binding protein) (	
SF1	mus-musculus	Q64213	Sf1	Q64213	14	45	Splicing factor 1	
SF1	rattus-norvegicus	F1LSC3	Sf1	F1LSC3	2	32	Splicing factor 1	
SF1	zebrafish	A0A0R4IBT0	sf1	A0A0R4IBT0	10	37	Branchpoint-bridging protein	
SF1008	shigella-flexneri	P0A8G8	SF1008	P0A8G8	0	0	NAD(P)H dehydrogenase (quinone)	
SF1860	shigella-flexneri	P0A958	SF1860	P0A958	0	0	KHG/KDPG aldolase	
SF1_615	fly	FBgn0025571	SF1	Q9VEJ1	14	50		
