TET	fly	FBgn0263392	Tet	Q95SH6	1	5	Ten-Eleven Translocation (TET) family protein	
TET1	human	Q8NFU7	TET1	Q8NFU7	7	220	Methylcytosine dioxygenase TET1 (EC 1.14.11.80) (CXXC-type z	
TET10	arabidopsis-thaliana	F4I214	TET10	F4I214	0	2	Tetraspanin-10	
TET11	arabidopsis-thaliana	Q9LPR6	TET11	Q9LPR6	0	8	Tetraspanin-11	
TET15	arabidopsis-thaliana	Q1PDI1	TET15	Q1PDI1	0	1	Tetraspanin-15	
TET1_HUMAN	human	Q8NFU7	TET1	Q8NFU7	7	220		
TET2	arabidopsis-thaliana	Q9ZUN5	TET2	Q9ZUN5	0	12	Tetraspanin-2	
TET2	human	Q6N021	TET2	Q6N021	14	257	Methylcytosine dioxygenase TET2 (EC 1.14.11.80)	
TET2_HUMAN	human	Q6N021	TET2	Q6N021	14	257		
TET3	human	O43151	TET3	O43151	14	128	Methylcytosine dioxygenase TET3 (EC 1.14.11.80)	
TET3_HUMAN	human	O43151	TET3	O43151	14	128		
TET5	arabidopsis-thaliana	Q84WF6	TET5	Q84WF6	0	2	Tetraspanin-5	
TET5A_HUMAN	human	Q96IP4	TENT5A	Q96IP4	17	125		
TET5B_HUMAN	human	Q96A09	TENT5B	Q96A09	11	85		
TET5C_HUMAN	human	Q5VWP2	TENT5C	Q5VWP2	11	211		
TET5D_HUMAN	human	Q8NEK8	TENT5D	Q8NEK8	6	53		
TET6	arabidopsis-thaliana	Q9C7C1	TET6	Q9C7C1	0	8	Tetraspanin-6	
TET8	arabidopsis-thaliana	Q8S8Q6	TET8	Q8S8Q6	0	1	Tetraspanin-8	
TETANUS-INSENSITIVE	human	P51809	VAMP7	P51809	47	243	Vesicle-associated membrane protein 7 (VAMP-7) (Synaptobrevi	w
TETHER	human	Q9BZE9	ASPSCR1	Q9BZE9	9	120	Tether containing UBX domain for GLUT4 (Alveolar soft part s	w
TETHERIN	human	Q10589	BST2	Q10589	28	374	Bone marrow stromal antigen 2 (BST-2) (HM1.24 antigen) (Teth	w
TETHERING	human	A2RRP1	NBAS	A2RRP1	12	177	NBAS subunit of NRZ tethering complex (Neuroblastoma-amplifi	w
TETHERING	yeast	P38637	STS1	P38637	1	6	Tethering factor for nuclear proteasome STS1	w
TETLEYS-CUP	fly	FBgn0051858	t-cup	Q8IP85	1	2	Tetleys-cup	w
TETM4	human	Q9H3V2	MS4A5	Q9H3V2	2	28		
TETN_HUMAN	human	P05452	CLEC3B	P05452	36	455		
TETRA	human	P53804	TTC3	P53804	27	216	E3 ubiquitin-protein ligase TTC3 (EC 2.3.2.27) (Protein DCRR	w
TETRA-EPSIN	human	Q96N21	TEPSIN	Q96N21	30	184	AP-4 complex accessory subunit Tepsin (ENTH domain-containin	w
TETRA-PEPTIDE	human	Q17RH7	TPRXL	Q17RH7	86	323	Tetra-peptide repeat homeobox-like protein	w
TETRA-PEPTIDE	human	Q8N7U7	TPRX1	Q8N7U7	62	350	Tetra-peptide repeat homeobox protein 1	w
TETRACYCLINE	fly	FBgn0028468	rtet	Q9V395	0	11	BcDNA.LD28419 (Tetracycline resistance)	w
TETRACYCLINE	human	Q14728	SLC75A1	Q14728	2	92	Solute carrier family 75 member 1 (Major facilitator superfa	w
TETRACYCLINE	human	Q96MC6	SLC71A1	Q96MC6	0	45	Solute carrier family 71 member 1 (Hippocampus abundant tran	w
TETRAHYDROBIOPTERIN	fly	FBgn0003141	pr	P48611	1	64	6-pyruvoyl tetrahydrobiopterin synthase (PTP synthase) (PTPS	w
TETRAHYDROBIOPTERIN	human	Q03393	PTS	Q03393	0	130	6-pyruvoyl tetrahydrobiopterin synthase (PTP synthase) (PTPS	w
TETRAHYDROBIOPTERIN	worm	O02058	ptps-1	O02058	1	10	Putative 6-pyruvoyl tetrahydrobiopterin synthase	w
TETRAHYDROFOLATE	human	Q05932	FPGS	Q05932	1	74	Folylpolyglutamate synthase, mitochondrial (EC 6.3.2.17) (Fo	w
TETRAHYDROFOLYLPOLYGLUTAMATE	fly	FBgn0030407	Fpgs1	Q9VYL1	0	10	Folylpolyglutamate synthase (EC 6.3.2.17) (Folylpoly-gamma-g	w
TETRAHYDROFOLYLPOLYGLUTAMATE	human	Q05932	FPGS	Q05932	1	74	Folylpolyglutamate synthase, mitochondrial (EC 6.3.2.17) (Fo	w
TETRAKISPHOSPHATE	human	Q15735	INPP5J	Q15735	1	80	Phosphatidylinositol 4,5-bisphosphate 5-phosphatase A (EC 3.	w
TETRAKISPHOSPHATE	human	Q8NFU5	IPMK	Q8NFU5	4	69	Inositol polyphosphate multikinase (EC 2.7.1.140) (EC 2.7.1.	w
TETRAMER	human	Q9H3F6	KCTD10	Q9H3F6	11	268	BTB/POZ domain-containing adapter for CUL3-mediated RhoA deg	w
TETRAMERISATION	zebrafish	Q561T3	kctd12.2	Q561T3	0	4	Potassium channel tetramerisation domain-containing 12.2	w
TETRAMERISATION-TYPE	worm	Q8MQ13	CELE_F59F3.6	Q8MQ13	0	1	Potassium channel tetramerisation-type BTB domain-containing	w
TETRAMERISATION-TYPE	worm	Q9N5S5	CELE_F49H12.3	Q9N5S5	0	11	Potassium channel tetramerisation-type BTB domain-containing	w
TETRAMERIZATION	fly	FBgn0034636	twz	D5SHR0	1	26	BTB/POZ domain-containing protein Tiwaz (Potassium channel t	w
TETRAMERIZATION	human	Q14681	KCTD2	Q14681	15	214	BTB/POZ domain-containing protein KCTD2 (Potassium channel t	w
TETRAMERIZATION	human	Q17RG1	KCTD19	Q17RG1	35	431	BTB/POZ domain-containing protein KCTD19 (Potassium channel 	w
TETRAMERIZATION	human	Q4G0X4	KCTD21	Q4G0X4	13	89	BTB/POZ domain-containing protein KCTD21 (KCASH2 protein) (P	w
TETRAMERIZATION	human	Q68DU8	KCTD16	Q68DU8	4	34	BTB/POZ domain-containing protein KCTD16 (Potassium channel 	w
TETRAMERIZATION	human	Q693B1	KCTD11	Q693B1	9	80	BTB/POZ domain-containing protein KCTD11 (KCASH1 protein) (P	w
TETRAMERIZATION	human	Q719H9	KCTD1	Q719H9	3	62	BTB/POZ domain-containing protein KCTD1 (Potassium channel t	w
TETRAMERIZATION	human	Q7Z5Y7	KCTD20	Q7Z5Y7	8	41	BTB/POZ domain-containing protein KCTD20 (Potassium channel 	w
TETRAMERIZATION	human	Q8NC69	KCTD6	Q8NC69	14	112	BTB/POZ domain-containing protein KCTD6 (KCASH3 protein) (Po	w
TETRAMERIZATION	human	Q96SI1	KCTD15	Q96SI1	15	113	BTB/POZ domain-containing protein KCTD15 (Potassium channel 	w
TETRAN	human	Q14728	SLC75A1	Q14728	2	92		
TETRANECTIN	human	P05452	CLEC3B	P05452	36	455	Tetranectin (TN) (C-type lectin domain family 3 member B) (P	w
TETRAPEPTIDE	human	O95467	GNAS	O95467	28	196	Neuroendocrine secretory protein 55 (NESP55) [Cleaved into: 	w
TETRAPEPTIDE	human	P0DV77	TPRX2	P0DV77	84	331	Tetrapeptide repeat homeobox protein 2	w
TETRAPHOSPHATASE	fly	FBgn0287788	Datp	Q4V6M1	0	10	Diadenosine tetraphosphatase	w
TETRAPHOSPHATASE	human	P50583	NUDT2	P50583	8	131	Bis(5'-nucleosyl)-tetraphosphatase [asymmetrical] (EC 3.6.1.	w
TETRAPHOSPHATASE	worm	Q9U2M7	ndx-4	Q9U2M7	0	10	Bis(5'-nucleosyl)-tetraphosphatase	w
TETRAPHOSPHATASE	zebrafish	Q6DG97	nudt2	Q6DG97	0	12	Bis(5'-nucleosyl)-tetraphosphatase	w
TETRAPHOSPHATE	fly	FBgn0027088	GlyRS	Q9VUK8	0	70	Glycine--tRNA ligase (EC 6.1.1.14) (Diadenosine tetraphospha	w
TETRAPHOSPHATE	human	P41250	GARS1	P41250	5	174	Glycine--tRNA ligase (EC 6.1.1.14) (Diadenosine tetraphospha	w
TETRASPAN	fly	FBgn0262624	Tmhs	Q9W068	0	7	LP10272p (Tetraspan membrane protein in hair cell stereocili	w
TETRASPAN	human	O14894	TM4SF5	O14894	0	135	Transmembrane 4 L6 family member 5 (Tetraspan transmembrane 	w
TETRASPAN	human	O60635	TSPAN1	O60635	2	101	Tetraspanin-1 (Tspan-1) (Tetraspan NET-1) (Tetraspanin TM4-C	w
TETRASPAN	human	O60636	TSPAN2	O60636	8	175	Tetraspanin-2 (Tspan-2) (Tetraspan NET-3)	w
TETRASPAN	human	O75954	TSPAN9	O75954	5	164	Tetraspanin-9 (Tspan-9) (Tetraspan NET-5)	w
TETRASPAN	human	O95857	TSPAN13	O95857	0	90	Tetraspanin-13 (Tspan-13) (Tetraspan NET-6) (Transmembrane 4	w
TETRASPAN	human	O95858	TSPAN15	O95858	23	383	Tetraspanin-15 (Tspan-15) (Tetraspan NET-7) (Transmembrane 4	w
TETRASPAN	human	O95859	TSPAN12	O95859	8	116	Tetraspanin-12 (Tspan-12) (Tetraspan NET-2) (Transmembrane 4	w
TETRASPAN	human	P48230	TM4SF4	P48230	1	67	Transmembrane 4 L6 family member 4 (Intestine and liver tetr	w
TETRASPAN	human	P48509	CD151	P48509	20	240	CD151 antigen (GP27) (Membrane glycoprotein SFA-1) (Platelet	w
TETRASPAN	human	P62079	TSPAN5	P62079	8	148	Tetraspanin-5 (Tspan-5) (Tetraspan NET-4) (Transmembrane 4 s	w
TETRASPAN	human	Q6ICI0	LHFPL7	Q6ICI0	1	11	LHFPL tetraspan subfamily member 7 protein (Transmembrane pr	w
TETRASPAN	human	Q6ZUX7	LHFPL2	Q6ZUX7	11	100	LHFPL tetraspan subfamily member 2 protein (Lipoma HMGIC fus	w
TETRASPAN	human	Q7Z7J7	LHFPL4	Q7Z7J7	15	169	LHFPL tetraspan subfamily member 4 protein (GABAA receptor r	w
TETRASPAN	human	Q86UP9	LHFPL3	Q86UP9	17	146	LHFPL tetraspan subfamily member 3 protein (Lipoma HMGIC fus	w
TETRASPAN	human	Q86WI0	LHFPL1	Q86WI0	11	75	LHFPL tetraspan subfamily member 1 protein (Lipoma HMGIC fus	w
TETRASPAN	human	Q8TAF8	LHFPL5	Q8TAF8	11	203	LHFPL tetraspan subfamily member 5 protein (Lipoma HMGIC fus	w
TETRASPAN	human	Q96DZ7	TM4SF19	Q96DZ7	10	118	Transmembrane 4 L6 family member 19 (Osteoclast maturation-a	w
TETRASPAN	human	Q96FV3	TSPAN17	Q96FV3	12	98	Tetraspanin-17 (Tspan-17) (F-box only protein 23) (Tetraspan	w
TETRASPAN	human	Q9Y693	LHFPL6	Q9Y693	15	110	LHFPL tetraspan subfamily member 6 protein (Lipoma HMGIC fus	w
TETRASPAN	zebrafish	A0A2R8RTK1	lhfpl4a	A0A2R8RTK1	0	3	LHFPL tetraspan subfamily member 4 protein isoform X3	w
TETRASPAN	zebrafish	B0UYJ1	lhfpl5b	B0UYJ1	0	4	LHFPL tetraspan subfamily member 5b	w
TETRASPAN	zebrafish	F1Q837	lhfpl5a	F1Q837	0	3	LHFPL tetraspan subfamily member 5 protein	w
TETRASPAN	zebrafish	Q6DHB5	lhfpl3	Q6DHB5	0	3	LHFPL tetraspan subfamily member 3 protein	w
TETRASPANIN	fly	FBgn0027865	Tsp96F	A0A0B4KH03	2	48	Tetraspanin	w
TETRASPANIN	fly	FBgn0029506	Tsp42Ee	Q7KJ73	6	142	Tetraspanin	w
TETRASPANIN	fly	FBgn0029507	Tsp42Ed	Q7JWV7	3	42	Tetraspanin	w
TETRASPANIN	fly	FBgn0029508	Tsp42Ea	Q7K1I4	0	9	Tetraspanin	w
TETRASPANIN	fly	FBgn0029837	Tsp5D	M9PDV2	1	8	Tetraspanin	w
TETRASPANIN	fly	FBgn0031760	Tsp26A	Q9VMJ6	1	16	Tetraspanin 26A, isoform B	w
TETRASPANIN	fly	FBgn0032074	Tsp29Fa	Q9VLH1	0	8	Tetraspanin	w
TETRASPANIN	fly	FBgn0032075	Tsp29Fb	Q9VLH0	0	11	Tetraspanin	w
TETRASPANIN	fly	FBgn0032376	Tsp33B	Q9VKF3	0	13	AT12771p (Tetraspanin 33B)	w
TETRASPANIN	fly	FBgn0032943	Tsp39D	Q9VID1	0	27	Tetraspanin	w
TETRASPANIN	fly	FBgn0033042	Tsp42A	Q1ECC3	0	5	IP01956p (MIP34695p1) (Tetraspanin 42A, isoform A) (Tetraspa	w
TETRASPANIN	fly	FBgn0033124	Tsp42Ec	Q9NB13	0	5	Tetraspanin	w
TETRASPANIN	fly	FBgn0033127	Tsp42Ef	Q7K010	0	13	Tetraspanin	w
TETRASPANIN	fly	FBgn0033128	Tsp42Eg	Q7JWP5	1	6	Tetraspanin	w
TETRASPANIN	fly	FBgn0033129	Tsp42Eh	A1Z6T8	0	4	Tetraspanin	w
TETRASPANIN	fly	FBgn0033130	Tsp42Ei	Q7JZW3	0	10	Tetraspanin	w
TETRASPANIN	fly	FBgn0033132	Tsp42Ej	Q7K3Z2	1	6	GH01773p (Tetraspanin 42Ej)	w
TETRASPANIN	fly	FBgn0033133	Tsp42Ek	A1Z6U3	0	8	IP01824p (Tetraspanin 42Ek, isoform A) (Tetraspanin 42Ek, is	w
TETRASPANIN	fly	FBgn0033134	Tsp42El	Q7K527	2	16	Tetraspanin	w
TETRASPANIN	fly	FBgn0033135	Tsp42En	Q7JYY8	2	5	RH02160p (Tetraspanin 42En, isoform A) (Tetraspanin 42En, is	w
TETRASPANIN	fly	FBgn0033136	Tsp42Eo	Q7JZW7	0	11	RE08073p (Tetraspanin 42Eo)	w
TETRASPANIN	fly	FBgn0033137	Tsp42Ep	A1Z6U7	0	4	Tetraspanin 42Ep, isoform A (Tetraspanin 42Ep, isoform B)	w
TETRASPANIN	fly	FBgn0033138	Tsp42Eq	A1Z6U8	0	8	FI23944p1 (Tetraspanin 42Eq)	w
TETRASPANIN	fly	FBgn0033139	Tsp42Er	Q1EC46	0	5	IP01817p (Tetraspanin 42Er)	w
TETRASPANIN	fly	FBgn0033629	Tsp47F	A1Z8K7	1	7	Tetraspanin	w
TETRASPANIN	fly	FBgn0035786	Tsp66A	M9PEE6	0	3	Tetraspanin 66A, isoform E	w
TETRASPANIN	fly	FBgn0035936	Tsp66E	Q9V3E5	0	16	Tetraspanin	w
TETRASPANIN	fly	FBgn0036769	Tsp74F	Q7JZI2	4	140	Tetraspanin	w
TETRASPANIN	fly	FBgn0037848	Tsp86D	A0A0B4KFQ5	2	11	Tetraspanin 86D, isoform C	w
TETRASPANIN	fly	FBgn0039465	Tsp97E	Q9VB99	0	8	LD03691p (Tetraspanin 97E) (Tetraspanin 97E, isoform E) (Tet	w
TETRASPANIN	fly	FBgn0040334	Tsp3A	Q9W4X6	2	4	Tetraspanin	w
TETRASPANIN	fly	FBgn0042086	Tsp42Eb	Q7K2V7	0	9	Tetraspanin	w
TETRASPANIN	fly	FBgn0043550	Tsp68C	Q8IQK9	0	8	Tetraspanin 68C, isoform A (Tetraspanin 68C, isoform C)	w
TETRASPANIN	fly	FBgn0050160	CG30160	Q7K2V7	0	12	Tetraspanin	w
TETRASPANIN	human	O43657	TSPAN6	O43657	6	168	Tetraspanin-6 (Tspan-6) (A15 homolog) (Putative NF-kappa-B-a	w
TETRASPANIN	human	O60635	TSPAN1	O60635	2	101	Tetraspanin-1 (Tspan-1) (Tetraspan NET-1) (Tetraspanin TM4-C	w
TETRASPANIN	human	O60637	TSPAN3	O60637	10	207	Tetraspanin-3 (Tspan-3) (Tetraspanin TM4-A) (Transmembrane 4	w
TETRASPANIN	human	Q9UKR8	TSPAN16	Q9UKR8	1	61	Tetraspanin-16 (Tspan-16) (Tetraspanin TM4-B) (Transmembrane	w
TETRASPANIN	worm	G4RWX0	tsp-6	G4RWX0	0	13	Tetraspanin	w
TETRASPANIN	worm	H2KYX1	tsp-10	H2KYX1	0	1	Tetraspanin	w
TETRASPANIN	worm	O62466	tsp-5	O62466	1	21	Tetraspanin	w
TETRASPANIN	worm	Q17441	tsp-20	Q17441	0	10	Tetraspanin	w
TETRASPANIN	worm	Q17526	tsp-11	Q17526	0	10	Tetraspanin	w
TETRASPANIN	worm	Q18177	tsp-9	Q18177	0	20	Tetraspanin	w
TETRASPANIN	worm	Q19983	tsp-8	Q19983	1	13	Tetraspanin	w
TETRASPANIN	worm	Q20707	tsp-4	Q20707	1	24	Tetraspanin	w
TETRASPANIN	worm	Q21052	tsp-18	Q21052	0	16	TetraSPanin family	w
TETRASPANIN	worm	Q9NET3	tsp-13	Q9NET3	0	9	Tetraspanin	w
TETRASPANIN	worm	Q9U2K6	tsp-3	Q9U2K6	0	4	Tetraspanin	w
TETRASPANIN	worm	Q9XVI4	tsp-7	Q9XVI4	1	35	Tetraspanin	w
TETRASPANIN	zebrafish	A0A8M2BK40	tspan18a	A0A8M2BK40	0	21	Tetraspanin	w
TETRASPANIN	zebrafish	A0A8M6Z7L3	tspan1	A0A8M6Z7L3	0	2	Tetraspanin	w
TETRASPANIN	zebrafish	A0A8M9PY57	tspan14	A0A8M9PY57	3	39	Tetraspanin	w
TETRASPANIN	zebrafish	A0AB40EB62	tspan34a	A0AB40EB62	0	2	Tetraspanin	w
TETRASPANIN	zebrafish	B0VEQ2	tspan7	B0VEQ2	3	45	Tetraspanin	w
TETRASPANIN	zebrafish	B1H1G9	tspan17	B1H1G9	1	6	Tetraspanin	w
TETRASPANIN	zebrafish	E9QBC5	cd9a	E9QBC5	5	78	Tetraspanin	w
TETRASPANIN	zebrafish	F1Q6P4	cd82a	F1Q6P4	0	36	Tetraspanin	w
TETRASPANIN	zebrafish	Q1L9G6	cd9b	Q1L9G6	4	76	Tetraspanin	w
TETRASPANIN	zebrafish	Q1MTA6	tspan33b	Q1MTA6	1	2	Tetraspanin	w
TETRASPANIN	zebrafish	Q1RLU3	upk1a	Q1RLU3	1	1	Tetraspanin	w
TETRASPANIN	zebrafish	Q4V915	tspan3a	Q4V915	0	30	Tetraspanin	w
TETRASPANIN	zebrafish	Q503H8	tspan2a	Q503H8	2	22	Tetraspanin	w
TETRASPANIN	zebrafish	Q5PR95	tspan5b	Q5PR95	2	6	Tetraspanin	w
TETRASPANIN	zebrafish	Q5RGQ1	tspan11	Q5RGQ1	2	26	Tetraspanin	w
TETRASPANIN	zebrafish	Q5XJD1	cd151	Q5XJD1	0	18	Tetraspanin	w
TETRASPANIN	zebrafish	Q5XJE2	tspan5a	Q5XJE2	2	6	Tetraspanin	w
TETRASPANIN	zebrafish	Q6AZB9	cd81b	Q6AZB9	2	59	Tetraspanin	w
TETRASPANIN	zebrafish	Q6DHQ4	tspan4a	Q6DHQ4	0	11	Tetraspanin	w
TETRASPANIN	zebrafish	Q6P031	cd151l	Q6P031	3	29	Tetraspanin	w
TETRASPANIN	zebrafish	Q6P2T9	cd63	Q6P2T9	3	95	Tetraspanin	w
TETRASPANIN	zebrafish	Q6PFU1	cd81a	Q6PFU1	5	61	Tetraspanin	w
TETRASPANIN	zebrafish	Q7SXT2	tspan6	Q7SXT2	0	34	Tetraspanin	w
TETRASPANIN	zebrafish	Q7T2E0	cd82b	Q7T2E0	0	36	Tetraspanin	w
TETRASPANIN	zebrafish	Q7T2G0	tspan12	Q7T2G0	0	3	Tetraspanin	w
TETRASPANIN	zebrafish	Q7T376	zgc:64051	Q7T376	0	7	Tetraspanin	w
TETRASPANIN-1	human	O60635	TSPAN1	O60635	2	101	Tetraspanin-1 (Tspan-1) (Tetraspan NET-1) (Tetraspanin TM4-C	w
TETRASPANIN-10	human	Q9H1Z9	TSPAN10	Q9H1Z9	9	132	Tetraspanin-10 (Tspan-10) (Oculospanin)	w
TETRASPANIN-10	zebrafish	E7F2G5	tspan10	E7F2G5	0	38	Tetraspanin-10	w
TETRASPANIN-11	human	A1L157	TSPAN11	A1L157	11	99	Tetraspanin-11 (Tspan-11)	w
TETRASPANIN-12	human	O95859	TSPAN12	O95859	8	116	Tetraspanin-12 (Tspan-12) (Tetraspan NET-2) (Transmembrane 4	w
TETRASPANIN-12	worm	Q22495	tsp-12	Q22495	1	9	Tetraspanin-12	w
TETRASPANIN-13	human	O95857	TSPAN13	O95857	0	90	Tetraspanin-13 (Tspan-13) (Tetraspan NET-6) (Transmembrane 4	w
TETRASPANIN-14	human	Q8NG11	TSPAN14	Q8NG11	8	145	Tetraspanin-14 (Tspan-14) (DC-TM4F2) (Transmembrane 4 superf	w
TETRASPANIN-14	worm	H2L006	tsp-14	H2L006	2	4	Tetraspanin-14	w
TETRASPANIN-15	human	O95858	TSPAN15	O95858	23	383	Tetraspanin-15 (Tspan-15) (Tetraspan NET-7) (Transmembrane 4	w
TETRASPANIN-15	worm	Q9XVM9	tsp-15	Q9XVM9	1	9	Tetraspanin-15	w
TETRASPANIN-16	human	Q9UKR8	TSPAN16	Q9UKR8	1	61	Tetraspanin-16 (Tspan-16) (Tetraspanin TM4-B) (Transmembrane	w
TETRASPANIN-17	human	Q96FV3	TSPAN17	Q96FV3	12	98	Tetraspanin-17 (Tspan-17) (F-box only protein 23) (Tetraspan	w
TETRASPANIN-17	worm	Q11098	tsp-17	Q11098	0	11	Tetraspanin-17	w
TETRASPANIN-18	human	Q96SJ8	TSPAN18	Q96SJ8	3	91	Tetraspanin-18 (Tspan-18)	w
TETRASPANIN-18B	zebrafish	A0A8M2B5N2	tspan18b	A0A8M2B5N2	1	21	Tetraspanin-18B	w
TETRASPANIN-19	human	P0C672	TSPAN19	P0C672	2	58	Tetraspanin-19 (Tspan-19)	w
TETRASPANIN-2	human	O60636	TSPAN2	O60636	8	175	Tetraspanin-2 (Tspan-2) (Tetraspan NET-3)	w
TETRASPANIN-20	human	O75841	UPK1B	O75841	18	158	Uroplakin-1b (UP1b) (Tetraspanin-20) (Tspan-20) (Uroplakin I	w
TETRASPANIN-21	human	O00322	UPK1A	O00322	18	250	Uroplakin-1a (UP1a) (Tetraspanin-21) (Tspan-21) (Uroplakin I	w
TETRASPANIN-21	worm	Q5WRN1	tsp-21	Q5WRN1	1	2	Tetraspanin-21	w
TETRASPANIN-22	human	P23942	PRPH2	P23942	15	118	Peripherin-2 (Retinal degeneration slow protein) (Tetraspani	w
TETRASPANIN-23	human	Q03395	ROM1	Q03395	7	76	Rod outer segment membrane protein 1 (ROSP1) (Tetraspanin-23	w
TETRASPANIN-24	human	P48509	CD151	P48509	20	240	CD151 antigen (GP27) (Membrane glycoprotein SFA-1) (Platelet	w
TETRASPANIN-25	human	P19397	CD53	P19397	46	361	Leukocyte surface antigen CD53 (Cell surface glycoprotein CD	w
TETRASPANIN-26	human	P11049	CD37	P11049	6	194	Leukocyte antigen CD37 (Tetraspanin-26) (Tspan-26) (CD antig	w
TETRASPANIN-27	human	P27701	CD82	P27701	6	198	CD82 antigen (C33 antigen) (IA4) (Inducible membrane protein	w
TETRASPANIN-28	human	P60033	CD81	P60033	31	575	CD81 antigen (26 kDa cell surface protein TAPA-1) (Target of	w
TETRASPANIN-29	human	P21926	CD9	P21926	29	637	CD9 antigen (5H9 antigen) (Cell growth-inhibiting gene 2 pro	w
TETRASPANIN-2A	fly	FBgn0024361	Tsp2A	O46101	1	9	Tetraspanin-2A	w
TETRASPANIN-3	human	O60637	TSPAN3	O60637	10	207	Tetraspanin-3 (Tspan-3) (Tetraspanin TM4-A) (Transmembrane 4	w
TETRASPANIN-31	human	Q12999	TSPAN31	Q12999	6	113	Tetraspanin-31 (Tspan-31) (Sarcoma-amplified sequence)	w
TETRASPANIN-32	human	Q96QS1	TSPAN32	Q96QS1	12	157	Tetraspanin-32 (Tspan-32) (Protein Phemx)	w
TETRASPANIN-33	human	Q86UF1	TSPAN33	Q86UF1	12	193	Tetraspanin-33 (Tspan-33) (Penumbra) (hPen) (Proerythroblast	w
TETRASPANIN-33	zebrafish	Q5RH71	tspan33	Q5RH71	2	20	Tetraspanin-33	w
TETRASPANIN-36	zebrafish	Q6NWG0	tspan36	Q6NWG0	1	10	Tetraspanin-36	w
TETRASPANIN-4	human	O14817	TSPAN4	O14817	7	178	Tetraspanin-4 (Tspan-4) (Novel antigen 2) (NAG-2) (Transmemb	w
TETRASPANIN-5	human	P62079	TSPAN5	P62079	8	148	Tetraspanin-5 (Tspan-5) (Tetraspan NET-4) (Transmembrane 4 s	w
TETRASPANIN-6	human	O43657	TSPAN6	O43657	6	168	Tetraspanin-6 (Tspan-6) (A15 homolog) (Putative NF-kappa-B-a	w
TETRASPANIN-7	human	B4E171	?	B4E171	1	44	Tetraspanin-7	w
TETRASPANIN-7	human	P41732	TSPAN7	P41732	6	132	Tetraspanin-7 (Tspan-7) (Cell surface glycoprotein A15) (Mem	w
TETRASPANIN-8	human	P19075	TSPAN8	P19075	4	153	Tetraspanin-8 (Tspan-8) (Transmembrane 4 superfamily member 	w
TETRASPANIN-9	human	O75954	TSPAN9	O75954	5	164	Tetraspanin-9 (Tspan-9) (Tetraspan NET-5)	w
TETRASPANIN-9	zebrafish	F1QR74	tspan9a	F1QR74	0	9	Tetraspanin-9	w
TETRASPANIN-9	zebrafish	Q6GMK6	tspan9	Q6GMK6	0	9	Tetraspanin-9	w
TETRATRICOPEP	human	Q6ZXV5	TMTC3	Q6ZXV5	19	118	Protein O-mannosyl-transferase TMTC3 (EC 2.4.1.109) (Protein	w
TETRATRICOPEPT	fly	FBgn0266518	Dpit47	A1Z6M6	10	34	DNA polymerase interacting tetratricopeptide repeat-containi	w
TETRATRICOPEPTIDE	fly	FBgn0020312	Tmtc3	Q7K4B6	2	17	Protein O-mannosyl-transferase Tmtc3 (EC 2.4.1.109) (Transme	w
TETRATRICOPEPTIDE	fly	FBgn0021847	Ttc7	Q7KN74	2	5	Tetratricopeptide repeat domain 7, isoform A	w
TETRATRICOPEPTIDE	fly	FBgn0028481	Tmtc2	Q9V3X5	3	18	Protein O-mannosyl-transferase Tmtc2 (EC 2.4.1.109) (Transme	w
TETRATRICOPEPTIDE	fly	FBgn0032470	Ttc30	Q9VK41	7	32	Tetratricopeptide repeat protein 30 homolog (TPR repeat prot	w
TETRATRICOPEPTIDE	fly	FBgn0032586	Tpr2	Q9V3W1	6	17	Tetratricopeptide repeat protein 2 (Tetratricopeptide repeat	w
TETRATRICOPEPTIDE	fly	FBgn0032640	Sgt	Q9VJD4	33	174	LD24721p (MIP20650p) (Small glutamine-rich tetratricopeptide	w
TETRATRICOPEPTIDE	fly	FBgn0032744	Ttc19	Q8SYD0	12	25	Tetratricopeptide repeat protein 19 homolog, mitochondrial	w
TETRATRICOPEPTIDE	fly	FBgn0034692	CG13502	Q9W295	4	24	Outer dynein arm-docking complex subunit 4 (Tetratricopeptid	w
TETRATRICOPEPTIDE	fly	FBgn0036359	CG14105	Q9VU70	1	3	Tetratricopeptide repeat protein 36 homolog (TPR repeat prot	w
TETRATRICOPEPTIDE	fly	FBgn0037855	CG6621	Q9VGU5	1	7	Tetratricopeptide repeat protein 14 homolog (TPR repeat prot	w
TETRATRICOPEPTIDE	fly	FBgn0038324	Tmtc4	Q9VF81	3	18	Protein O-mannosyl-transferase Tmtc4 (EC 2.4.1.109) (Transme	w
TETRATRICOPEPTIDE	fly	FBgn0038358	Ttc26	Q9VF41	4	31	GH11140p (Tetratricopeptide repeat domain 26)	w
TETRATRICOPEPTIDE	fly	FBgn0051690	Tmtc1	Q9VQE9	2	16	Protein O-mannosyl-transferase Tmtc1 (EC 2.4.1.109) (Transme	w
TETRATRICOPEPTIDE	fly	FBgn0266518	Dpit47	A1Z6M6	10	34	DNA polymerase interacting tetratricopeptide repeat-containi	w
TETRATRICOPEPTIDE	human	A0AVF1	IFT56	A0AVF1	19	113	Intraflagellar transport protein 56 (Tetratricopeptide repea	w
TETRATRICOPEPTIDE	human	A2A3L6	TTC24	A2A3L6	23	87	Tetratricopeptide repeat protein 24 (TPR repeat protein 24)	w
TETRATRICOPEPTIDE	human	A6NLP5	TTC36	A6NLP5	5	49	Tetratricopeptide repeat protein 36 (TPR repeat protein 36) 	w
TETRATRICOPEPTIDE	human	A8MYJ7	TTC34	A8MYJ7	4	29	Tetratricopeptide repeat protein 34 (TPR repeat protein 34)	w
TETRATRICOPEPTIDE	human	O14607	UTY	O14607	21	287	Histone demethylase UTY (EC 1.14.11.68) (Ubiquitously-transc	w
TETRATRICOPEPTIDE	human	O14879	IFIT3	O14879	18	355	Interferon-induced protein with tetratricopeptide repeats 3 	w
TETRATRICOPEPTIDE	human	O43765	SGTA	O43765	51	360	Small glutamine-rich tetratricopeptide repeat-containing pro	w
TETRATRICOPEPTIDE	human	O95801	TTC4	O95801	41	214	Hsp70/Hsp90 co-chaperone CNS1 homolog (Tetratricopeptide rep	w
TETRATRICOPEPTIDE	human	P09913	IFIT2	P09913	29	446	Interferon-induced protein with tetratricopeptide repeats 2 	w
TETRATRICOPEPTIDE	human	P09914	IFIT1	P09914	46	427	Antiviral innate immune response effector IFIT1 (IFIT-1) (In	w
TETRATRICOPEPTIDE	human	Q13099	IFT88	Q13099	37	211	Intraflagellar transport protein 88 homolog (Recessive polyc	w
TETRATRICOPEPTIDE	human	Q13325	IFIT5	Q13325	4	224	Interferon-induced protein with tetratricopeptide repeats 5 	w
TETRATRICOPEPTIDE	human	Q15006	EMC2	Q15006	64	427	ER membrane protein complex subunit 2 (Tetratricopeptide rep	w
TETRATRICOPEPTIDE	human	Q49AM3	TTC31	Q49AM3	29	56	Tetratricopeptide repeat protein 31 (TPR repeat protein 31)	w
TETRATRICOPEPTIDE	human	Q5I0X7	TTC32	Q5I0X7	49	209	Tetratricopeptide repeat protein 32 (TPR repeat protein 32)	w
TETRATRICOPEPTIDE	human	Q5R3I4	TTC38	Q5R3I4	1	57	Tetratricopeptide repeat protein 38 (TPR repeat protein 38)	w
TETRATRICOPEPTIDE	human	Q5SRH9	TTC39A	Q5SRH9	1	34	Tetratricopeptide repeat protein 39A (TPR repeat protein 39A	w
TETRATRICOPEPTIDE	human	Q5T0N1	CFAP70	Q5T0N1	9	120	Cilia- and flagella-associated protein 70 (Tetratricopeptide	w
TETRATRICOPEPTIDE	human	Q5T4D3	TMTC4	Q5T4D3	24	93	Protein O-mannosyl-transferase TMTC4 (EC 2.4.1.109) (Transme	w
TETRATRICOPEPTIDE	human	Q5T764	IFIT1B	Q5T764	11	156	Protein IFIT1 homolog B (Interferon-induced protein with tet	w
TETRATRICOPEPTIDE	human	Q5TAA0	TTC22	Q5TAA0	2	29	Tetratricopeptide repeat protein 22 (TPR repeat protein 22)	w
TETRATRICOPEPTIDE	human	Q5VTQ0	TTC39B	Q5VTQ0	3	52	Tetratricopeptide repeat protein 39B (TPR repeat protein 39B	w
TETRATRICOPEPTIDE	human	Q5W5X9	TTC23	Q5W5X9	32	159	Tetratricopeptide repeat protein 23 (TPR repeat protein 23) 	w
TETRATRICOPEPTIDE	human	Q6DKK2	TTC19	Q6DKK2	30	207	Tetratricopeptide repeat protein 19, mitochondrial (TPR repe	w
TETRATRICOPEPTIDE	human	Q6P2S7	TTC41P	Q6P2S7	0	3	Putative tetratricopeptide repeat protein 41 (TPR repeat pro	w
TETRATRICOPEPTIDE	human	Q6P3X3	TTC27	Q6P3X3	16	299	Tetratricopeptide repeat protein 27 (TPR repeat protein 27)	w
TETRATRICOPEPTIDE	human	Q6PF05	TTC23L	Q6PF05	8	63	Tetratricopeptide repeat protein 23-like	w
TETRATRICOPEPTIDE	human	Q6PGP7	SKIC3	Q6PGP7	10	181	Superkiller complex protein 3 (Ski3) (Tetratricopeptide repe	w
TETRATRICOPEPTIDE	human	Q6PID6	TTC33	Q6PID6	16	146	Tetratricopeptide repeat protein 33 (TPR repeat protein 33) 	w
TETRATRICOPEPTIDE	human	Q7Z4L5	TTC21B	Q7Z4L5	6	52	Tetratricopeptide repeat protein 21B (TPR repeat protein 21B	w
TETRATRICOPEPTIDE	human	Q86TV6	TTC7B	Q86TV6	7	42	Tetratricopeptide repeat protein 7B (TPR repeat protein 7B) 	w
TETRATRICOPEPTIDE	human	Q86TZ1	TTC6	Q86TZ1	2	32	Tetratricopeptide repeat protein 6 (TPR repeat protein 6)	w
TETRATRICOPEPTIDE	human	Q86WT1	IFT70A	Q86WT1	15	94	Intraflagellar transport protein 70A (Tetratricopeptide repe	w
TETRATRICOPEPTIDE	human	Q8IUR5	TMTC1	Q8IUR5	18	88	Protein O-mannosyl-transferase TMTC1 (EC 2.4.1.109) (Transme	w
TETRATRICOPEPTIDE	human	Q8IYB4	PEX5L	Q8IYB4	8	33	PEX5-related protein (PEX2-related protein) (PEX5-like prote	w
TETRATRICOPEPTIDE	human	Q8IYW2	CFAP46	Q8IYW2	1	13	Cilia- and flagella-associated protein 46 (Tetratricopeptide	w
TETRATRICOPEPTIDE	human	Q8N0Z6	TTC5	Q8N0Z6	17	163	Tetratricopeptide repeat protein 5 (TPR repeat protein 5) (S	w
TETRATRICOPEPTIDE	human	Q8N394	TMTC2	Q8N394	8	39	Protein O-mannosyl-transferase TMTC2 (EC 2.4.1.109) (Transme	w
TETRATRICOPEPTIDE	human	Q8N4P2	IFT70B	Q8N4P2	20	139	Intraflagellar transport protein 70B (Tetratricopeptide repe	w
TETRATRICOPEPTIDE	human	Q8N584	TTC39C	Q8N584	1	37	Tetratricopeptide repeat protein 39C (TPR repeat protein 39C	w
TETRATRICOPEPTIDE	human	Q8N5D0	WDTC1	Q8N5D0	36	253	WD and tetratricopeptide repeats protein 1	w
TETRATRICOPEPTIDE	human	Q8N5M4	TTC9C	Q8N5M4	42	270	Tetratricopeptide repeat protein 9C (TPR repeat protein 9C)	w
TETRATRICOPEPTIDE	human	Q8N6N2	TTC9B	Q8N6N2	24	158	Tetratricopeptide repeat protein 9B (TPR repeat protein 9B)	w
TETRATRICOPEPTIDE	human	Q8NA56	TTC29	Q8NA56	7	108	Tetratricopeptide repeat protein 29 (TPR repeat protein 29) 	w
TETRATRICOPEPTIDE	human	Q8NBP0	TTC13	Q8NBP0	11	170	Tetratricopeptide repeat protein 13 (TPR repeat protein 13)	w
TETRATRICOPEPTIDE	human	Q8NDW8	TTC21A	Q8NDW8	7	43	Tetratricopeptide repeat protein 21A (TPR repeat protein 21A	w
TETRATRICOPEPTIDE	human	Q8NEE8	TTC16	Q8NEE8	17	71	Tetratricopeptide repeat protein 16 (TPR repeat protein 16)	w
TETRATRICOPEPTIDE	human	Q8TAM2	TTC8	Q8TAM2	20	99	Tetratricopeptide repeat protein 8 (TPR repeat protein 8) (B	w
TETRATRICOPEPTIDE	human	Q8TE82	SH3TC1	Q8TE82	1	14	SH3 domain and tetratricopeptide repeat-containing protein 1	w
TETRATRICOPEPTIDE	human	Q8TF17	SH3TC2	Q8TF17	1	18	SH3 domain and tetratricopeptide repeat-containing protein 2	w
TETRATRICOPEPTIDE	human	Q8WVT3	TRAPPC12	Q8WVT3	27	105	Trafficking protein particle complex subunit 12 (Tetratricop	w
TETRATRICOPEPTIDE	human	Q92623	TTC9	Q92623	11	124	Tetratricopeptide repeat protein 9A (TPR repeat protein 9A)	w
TETRATRICOPEPTIDE	human	Q96AE7	TTC17	Q96AE7	13	145	Tetratricopeptide repeat protein 17 (TPR repeat protein 17)	w
TETRATRICOPEPTIDE	human	Q96AY4	TTC28	Q96AY4	6	99	Tetratricopeptide repeat protein 28 (TPR repeat protein 28) 	w
TETRATRICOPEPTIDE	human	Q96EQ0	SGTB	Q96EQ0	35	267	Small glutamine-rich tetratricopeptide repeat-containing pro	w
TETRATRICOPEPTIDE	human	Q96N46	TTC14	Q96N46	23	94	Tetratricopeptide repeat protein 14 (TPR repeat protein 14)	w
TETRATRICOPEPTIDE	human	Q96NG3	ODAD4	Q96NG3	10	152	Outer dynein arm-docking complex subunit 4 (Tetratricopeptid	w
TETRATRICOPEPTIDE	human	Q96RY7	IFT140	Q96RY7	15	172	Intraflagellar transport protein 140 homolog (WD and tetratr	w
TETRATRICOPEPTIDE	human	Q99614	TTC1	Q99614	28	151	Tetratricopeptide repeat protein 1 (TPR repeat protein 1)	w
TETRATRICOPEPTIDE	human	Q99615	DNAJC7	Q99615	47	477	DnaJ homolog subfamily C member 7 (Tetratricopeptide repeat 	w
TETRATRICOPEPTIDE	human	Q9C0D5	TANC1	Q9C0D5	11	126	Protein TANC1 (Tetratricopeptide repeat, ankyrin repeat and 	w
TETRATRICOPEPTIDE	human	Q9H892	TTC12	Q9H892	33	246	Tetratricopeptide repeat protein 12 (TPR repeat protein 12)	w
TETRATRICOPEPTIDE	human	Q9HCD6	TANC2	Q9HCD6	14	120	Protein TANC2 (Tetratricopeptide repeat, ankyrin repeat and 	w
TETRATRICOPEPTIDE	human	Q9ULT0	TTC7A	Q9ULT0	3	29	Tetratricopeptide repeat protein 7A (TPR repeat protein 7A)	w
TETRATRICOPEPTIDE	human	Q9Y3D6	FIS1	Q9Y3D6	23	230	Mitochondrial fission 1 protein (FIS1 homolog) (hFis1) (Tetr	w
TETRATRICOPEPTIDE	worm	H2KYB6	ttc-7	H2KYB6	3	4	Tetratricopeptide repeat protein 7 N-terminal domain-contain	w
TETRATRICOPEPTIDE	worm	O17687	nasp-2	O17687	3	14	Tetratricopeptide SHNi-TPR domain-containing protein	w
TETRATRICOPEPTIDE	worm	P41842	trd-1	P41842	3	18	Tetratricopeptide repeat-containing protein trd-1	w
TETRATRICOPEPTIDE	worm	Q19955	ags-3	Q19955	2	31	Tetratricopeptide repeat protein 28	w
TETRATRICOPEPTIDE	worm	Q20255	ift-139	Q20255	3	42	Tetratricopeptide repeat protein 21 homolog	w
TETRATRICOPEPTIDE	worm	Q20683	ttc-36	Q20683	0	5	Tetratricopeptide repeat protein 36	w
TETRATRICOPEPTIDE	worm	Q21970	miz-1	Q21970	0	51	Zmiz1 N-terminal tetratricopeptide repeat domain-containing 	w
TETRATRICOPEPTIDE	worm	Q23049	bbs-8	Q23049	18	66	Tetratricopeptide repeat protein 8	w
TETRATRICOPEPTIDE	worm	Q4W5Q8	adpr-1	Q4W5Q8	1	15	WD and tetratricopeptide repeats protein 1	w
TETRATRICOPEPTIDE	worm	Q8I7G4	dyf-1	Q8I7G4	8	34	Tetratricopeptide repeat protein 30 homolog	w
TETRATRICOPEPTIDE	worm	Q965Q2	CELE_Y22D7AL.9	Q965Q2	4	34	Tetratricopeptide repeat protein 7B	w
TETRATRICOPEPTIDE	worm	Q9BKU9	CELE_Y37E3.1	Q9BKU9	8	54	Tetratricopeptide repeat protein 5 OB fold domain-containing	w
TETRATRICOPEPTIDE	worm	Q9XW01	CELE_Y54G11A.7	Q9XW01	0	16	Tetratricopeptide repeat protein 38	w
TETRATRICOPEPTIDE	yeast	Q12118	SGT2	Q12118	8	68	Small glutamine-rich tetratricopeptide repeat-containing pro	w
TETRATRICOPEPTIDE	zebrafish	A0A068FR04	ifit14	A0A068FR04	5	73	Interferon-induced protein with tetratricopeptide repeats	w
TETRATRICOPEPTIDE	zebrafish	A0A0G2KV16	LOC572297	A0A0G2KV16	3	66	Interferon-induced protein with tetratricopeptide repeats 5	w
TETRATRICOPEPTIDE	zebrafish	A0A0R4IDG8	sh3tc2	A0A0R4IDG8	1	2	SH3 domain and tetratricopeptide repeat-containing protein 2	w
TETRATRICOPEPTIDE	zebrafish	A0A8M1MZY2	ttc4	A0A8M1MZY2	16	83	Tetratricopeptide repeat protein 4	w
TETRATRICOPEPTIDE	zebrafish	A0A8M1N395	ttc1	A0A8M1N395	2	8	Tetratricopeptide repeat protein 1	w
TETRATRICOPEPTIDE	zebrafish	A0A8M1N5G5	ttc5	A0A8M1N5G5	9	78	Tetratricopeptide repeat protein 5	w
TETRATRICOPEPTIDE	zebrafish	A0A8M1N857	ifit8	A0A8M1N857	0	64	Interferon-induced protein with tetratricopeptide repeats 8	w
TETRATRICOPEPTIDE	zebrafish	A0A8M1NUT8	ifit12	A0A8M1NUT8	1	66	Interferon-induced protein with tetratricopeptide repeats 12	w
TETRATRICOPEPTIDE	zebrafish	A4QP73	ttc19	A4QP73	9	72	Tetratricopeptide repeat protein 19, mitochondrial	w
TETRATRICOPEPTIDE	zebrafish	A8E7I5	ttc36	A8E7I5	0	1	Tetratricopeptide repeat protein 36	w
TETRATRICOPEPTIDE	zebrafish	B0R0W1	ttc21b	B0R0W1	4	43	Tetratricopeptide repeat domain 21B	w
TETRATRICOPEPTIDE	zebrafish	B3DJF2	wdtc1	B3DJF2	3	30	WD and tetratricopeptide repeats 1	w
TETRATRICOPEPTIDE	zebrafish	E7FBH4	ifit10	E7FBH4	2	73	Interferon-induced protein with tetratricopeptide repeats	w
TETRATRICOPEPTIDE	zebrafish	E7FCM5	ifit11	E7FCM5	1	73	Interferon-induced protein with tetratricopeptide repeats 11	w
TETRATRICOPEPTIDE	zebrafish	F1QG25	ifit16	F1QG25	4	73	Interferon-induced protein with tetratricopeptide repeats 1	w
TETRATRICOPEPTIDE	zebrafish	F1QYV0	ttc14	F1QYV0	4	9	Tetratricopeptide repeat domain 14	w
TETRATRICOPEPTIDE	zebrafish	F1R7L2	sgtb	F1R7L2	22	81	Small glutamine-rich tetratricopeptide repeat-containing pro	w
TETRATRICOPEPTIDE	zebrafish	K7DY99	ttc27	K7DY99	0	7	Tetratricopeptide repeat protein 27	w
TETRATRICOPEPTIDE	zebrafish	Q5TYX3	ttc32	Q5TYX3	12	64	Novel protein containing a tetratricopeptide repeat	w
TETRATRICOPEPTIDE	zebrafish	Q6DI40	ttc33	Q6DI40	6	71	Tetratricopeptide repeat protein 33	w
TETRATRICOPEPTIDE	zebrafish	Q6NXA1	sgta	Q6NXA1	16	91	Small glutamine-rich tetratricopeptide repeat-containing pro	w
TETRATRICOPEPTIDE	zebrafish	Q7ZUI3	ttc9c	Q7ZUI3	11	64	Tetratricopeptide repeat domain 9C	w
TETRATRICOPEPTIDE	zebrafish	X1WF42	ttc12	X1WF42	16	107	Tetratricopeptide repeat domain 12	w
