UMP-CMP	human	P30085	CMPK1	P30085	2	193	UMP-CMP kinase (EC 2.7.4.14) (Deoxycytidylate kinase) (CK) (	w
UMP-CMP	human	Q5EBM0	CMPK2	Q5EBM0	1	89	UMP-CMP kinase 2, mitochondrial (EC 2.7.4.14) (Nucleoside-di	w
UMP-CMP	worm	O17622	C29F7.3	O17622	0	18	UMP-CMP kinase 1	w
UMP-CMP	worm	Q20230	F40F8.1	Q20230	0	13	UMP-CMP kinase 2	w
UMP-CMP	zebrafish	A0A8N7T8K9	cmpk2	A0A8N7T8K9	0	15	UMP-CMP kinase 2, mitochondrial	w
UMP-CMP	zebrafish	Q7ZWE9	cmpk	Q7ZWE9	1	23	UMP-CMP kinase	w
UMP1	human	Q9Y244	POMP	Q9Y244	11	130		
UMP1	schizosaccharomyces-pombe	O74416	ump1	O74416	2	16	Probable proteasome maturation factor ump1	
UMP1	yeast	P38293	UMP1	P38293	2	30	Proteasome maturation factor UMP1	
UMP1A	arabidopsis-thaliana	Q94B05	UMP1A	Q94B05	2	27	At1g67250	
UMP1B	arabidopsis-thaliana	Q9FFV7	UMP1B	Q9FFV7	3	28	Gb|AAB95243.1	
UMPH1	human	Q9H0P0	NT5C3A	Q9H0P0	11	138		
UMPH2	human	Q8TCD5	NT5C	Q8TCD5	10	185		
UMPK	human	P30085	CMPK1	P30085	2	193		
UMPK	human	Q9BZX2	UCK2	Q9BZX2	15	129		
UMPS	human	P11172	UMPS	P11172	2	196	Uridine 5'-monophosphate synthase (UMP synthase) [Includes: 	
UMPS	mus-musculus	P13439	Umps	P13439	0	3	Uridine 5'-monophosphate synthase	
UMPS-1	worm	G5EDZ2	umps-1	G5EDZ2	3	15	Uridine 5'-monophosphate synthase	
UMPS_HUMAN	human	P11172	UMPS	P11172	2	196		
