WHACKED	fly	FBgn0037917	wkd	Q9VGL8	3	9	TBC1 domain family member whacked	w
WHAL1_HUMAN	human	Q1A5X7	WHAMMP3	Q1A5X7	1	16		
WHAMM	fly	FBgn0037750	Whamy	Q0KI93	10	77	WHAMM and JMY related, isoform B	w
WHAMM	human	Q8TF30	WHAMM	Q8TF30	34	112	WASP homolog-associated protein with actin, membranes and mi	
WHAMM	mus-musculus	Q571B6	Whamm	Q571B6	3	10	WASP homolog-associated protein with actin, membranes and mi	
WHAMM	rattus-norvegicus	D3ZKN4	Whamm	D3ZKN4	1	12	WASP homolog associated with actin, golgi membranes and micr	
WHAMML1	human	Q1A5X7	WHAMMP3	Q1A5X7	1	16		
WHAMMP3	human	Q1A5X7	WHAMMP3	Q1A5X7	1	16	Putative WASP homolog-associated protein with actin, membran	
WHAMM_HUMAN	human	Q8TF30	WHAMM	Q8TF30	34	112		
WHAMY	fly	FBgn0037750	Whamy	Q0KI93	10	77	WHAMM and JMY related, isoform B	
WHAT	fly	FBgn0031176	whe	Q9VRI1	20	265	What else, isoform A (What else, isoform B)	w
