# BioGRID 5.0.261 physical and genetic interactions (https://thebiogrid.org; MIT license; Oughtred et al., Protein Sci 2021), matched to this species index by UniProt accession, official symbol or systematic name; publications per pair
# index 11162 79855cb32ce5
i	j	physical	genetic	physical_refs	genetic_refs
3	332	1	0	PUBMED:31308550	
9	76	2	0	PUBMED:11778048,PUBMED:14704431	
22	4428	0	1		PUBMED:16845399
35	4428	0	1		PUBMED:16845399
76	127	1	0	PUBMED:35442950	
76	2228	3	0	PUBMED:11778048,PUBMED:12679813,PUBMED:14704431	
76	2506	1	0	PUBMED:26154057	
76	2818	3	0	PUBMED:11778048,PUBMED:12679813,PUBMED:14704431	
76	3606	0	1		PUBMED:16845399
76	4372	1	0	PUBMED:15990870	
76	4428	0	1		PUBMED:16845399
76	4899	2	0	PUBMED:12679813,PUBMED:14704431	
76	10034	1	0	PUBMED:34223818	
83	4428	0	1		PUBMED:16845399
87	9804	0	1		PUBMED:17676955
127	1100	1	0	PUBMED:35442950	
127	3404	1	0	PUBMED:31308550	
127	8524	1	0	PUBMED:35442950	
177	11084	0	1		PUBMED:16845399
332	837	1	0	PUBMED:31308550	
332	4380	1	0	PUBMED:31308550	
332	5533	1	0	PUBMED:31308550	
332	5942	1	0	PUBMED:31308550	
332	10192	1	0	PUBMED:39354132	
588	1174	0	1		PUBMED:17417969
588	7431	1	0	PUBMED:26952210	
638	11084	1	0	PUBMED:21110867	
693	3404	1	0	PUBMED:31308550	
793	10316	1	0	PUBMED:31308550	
844	4801	1	0	PUBMED:19123269	
857	4428	0	1		PUBMED:16845399
899	7244	1	0	PUBMED:10545592	
997	11084	1	0	PUBMED:23791784	
1001	7500	1	0	PUBMED:23791784	
1017	4428	0	1		PUBMED:16845399
1063	1356	1	0	PUBMED:14704431	
1072	9292	1	0	PUBMED:14704431	
1081	11084	1	0	PUBMED:23791784	
1100	1298	1	0	PUBMED:31308550	
1100	3138	1	0	PUBMED:15371340	
1100	3766	1	0	PUBMED:15371340	
1100	3960	2	0	PUBMED:14522947,PUBMED:15371340	
1100	4918	1	0	PUBMED:31308550	
1100	5467	2	0	PUBMED:14522947,PUBMED:15371340	
1100	5716	1	0	PUBMED:18692475	
1100	6889	1	0	PUBMED:31308550	
1100	7197	1	0	PUBMED:15371340	
1100	7331	1	0	PUBMED:31308550	
1100	9618	1	0	PUBMED:15371340	
1100	9970	1	0	PUBMED:31308550	
1100	10034	1	0	PUBMED:34223818	
1100	11004	1	0	PUBMED:31308550	
1146	7244	1	0	PUBMED:14704431	
1167	4428	0	1		PUBMED:16845399
1170	11084	1	0	PUBMED:23791784	
1181	8268	1	0	PUBMED:23791784	
1181	11084	1	0	PUBMED:23791784	
1223	7244	1	0	PUBMED:14704431	
1225	2124	1	0	PUBMED:31308550	
1262	4428	0	1		PUBMED:16845399
1298	3404	1	0	PUBMED:31308550	
1313	7244	1	0	PUBMED:26351692	
1390	8780	1	0	PUBMED:31308550	
1400	2124	1	0	PUBMED:31308550	
1435	2124	1	0	PUBMED:31308550	
1435	4428	0	1		PUBMED:16845399
1440	4684	1	0	PUBMED:14704431	
1541	4428	0	1		PUBMED:16845399
1561	4428	0	1		PUBMED:16845399
1663	7500	1	0	PUBMED:23791784	
1681	5964	1	0	PUBMED:14704431	
1686	7244	1	0	PUBMED:31308550	
1732	10572	1	0	PUBMED:31308550	
1762	11084	1	0	PUBMED:23791784	
1786	11084	1	0	PUBMED:23791784	
1805	7500	1	0	PUBMED:23791784	
2018	6988	1	0	PUBMED:18692475	
2040	2124	1	0	PUBMED:31308550	
2124	2127	1	0	PUBMED:31308550	
2124	2216	1	0	PUBMED:31308550	
2124	2286	1	0	PUBMED:31308550	
2124	2302	1	0	PUBMED:31308550	
2124	2308	1	0	PUBMED:31308550	
2124	2338	1	0	PUBMED:31308550	
2124	2340	1	0	PUBMED:31308550	
2124	2976	1	0	PUBMED:35933017	
2124	3057	1	0	PUBMED:31308550	
2124	3299	1	0	PUBMED:31308550	
2124	3655	1	0	PUBMED:31308550	
2124	4225	1	0	PUBMED:31308550	
2124	4417	1	0	PUBMED:31308550	
2124	4419	1	0	PUBMED:31308550	
2124	4423	1	0	PUBMED:31308550	
2124	4494	1	0	PUBMED:31308550	
2124	4893	1	0	PUBMED:31308550	
2124	5125	1	0	PUBMED:31308550	
2124	5245	1	0	PUBMED:31308550	
2124	5491	1	0	PUBMED:31308550	
2124	5879	1	0	PUBMED:31308550	
2124	6051	1	0	PUBMED:31308550	
2124	6274	1	0	PUBMED:31308550	
2124	6361	1	0	PUBMED:31308550	
2124	6434	1	0	PUBMED:31308550	
2124	6520	1	0	PUBMED:31308550	
2124	7059	1	0	PUBMED:31308550	
2124	7188	1	0	PUBMED:31308550	
2124	7741	1	0	PUBMED:31308550	
2124	7924	1	0	PUBMED:31308550	
2124	8347	1	0	PUBMED:31308550	
2124	8501	1	0	PUBMED:31308550	
2124	8731	1	0	PUBMED:31308550	
2124	10025	1	0	PUBMED:31308550	
2124	10034	1	0	PUBMED:34223818	
2124	10134	1	0	PUBMED:31308550	
2124	10137	1	0	PUBMED:31308550	
2124	10354	1	0	PUBMED:31308550	
2124	10760	1	0	PUBMED:31308550	
2124	10831	1	0	PUBMED:31308550	
2128	7244	1	0	PUBMED:31308550	
2142	2892	1	0	PUBMED:21613545	
2153	7756	1	0	PUBMED:14704431	
2191	5964	1	0	PUBMED:31308550	
2238	8780	1	0	PUBMED:31308550	
2271	11084	1	0	PUBMED:23791784	
2380	9566	1	0	PUBMED:14704431	
2386	7244	1	0	PUBMED:31308550	
2563	7244	1	0	PUBMED:31308550	
2593	8780	1	0	PUBMED:31308550	
2607	7244	1	0	PUBMED:31308550	
2660	9036	1	0	PUBMED:21110867	
2660	10060	1	0	PUBMED:21110867	
2729	8780	1	0	PUBMED:31308550	
2790	3148	1	0	PUBMED:31308550	
2790	7244	1	0	PUBMED:31308550	
2899	10060	1	0	PUBMED:21110867	
2911	5452	1	0	PUBMED:19123269	
2911	8012	1	0	PUBMED:19123269	
2914	7244	1	0	PUBMED:31308550	
2935	9036	1	0	PUBMED:14704431	
2951	7244	1	0	PUBMED:31308550	
2976	3404	1	0	PUBMED:34416233	
2976	6220	1	0	PUBMED:34416233	
2976	7244	1	0	PUBMED:34416233	
2976	7756	1	0	PUBMED:34416233	
2976	8524	1	0	PUBMED:34416233	
2976	9804	1	0	PUBMED:34416233	
2976	10828	1	0	PUBMED:34416233	
2988	7244	1	0	PUBMED:31308550	
3071	8780	1	0	PUBMED:31308550	
3148	4708	1	0	PUBMED:19123269	
3148	5178	1	0	PUBMED:31308550	
3148	5879	1	0	PUBMED:38753516	
3148	6117	1	0	PUBMED:31308550	
3148	6685	1	0	PUBMED:31308550	
3148	6693	1	0	PUBMED:31308550	
3148	9023	1	0	PUBMED:31308550	
3148	9171	1	0	PUBMED:31308550	
3148	10034	1	0	PUBMED:34223818	
3148	11017	1	0	PUBMED:31308550	
3150	8780	1	0	PUBMED:31308550	
3156	7244	1	0	PUBMED:31308550	
3164	11084	1	0	PUBMED:23791784	
3310	6220	1	0	PUBMED:14704431	
3404	3775	1	0	PUBMED:31308550	
3404	4602	1	0	PUBMED:31308550	
3404	4639	1	0	PUBMED:31308550	
3404	4923	1	0	PUBMED:31308550	
3404	5345	1	0	PUBMED:14704431	
3404	5390	1	0	PUBMED:31308550	
3404	6051	1	0	PUBMED:31308550	
3404	6982	1	0	PUBMED:31308550	
3404	6996	1	0	PUBMED:31308550	
3404	8539	1	0	PUBMED:31308550	
3404	9154	1	0	PUBMED:26912668	
3404	9970	1	0	PUBMED:31308550	
3404	10034	1	0	PUBMED:34223818	
3404	10953	1	0	PUBMED:31308550	
3432	4428	0	1		PUBMED:16845399
3528	7244	1	0	PUBMED:31308550	
3534	7244	1	0	PUBMED:31308550	
3562	4428	0	1		PUBMED:16845399
3573	3916	1	0	PUBMED:31308550	
3606	8012	1	0	PUBMED:17601533	
3613	7244	1	0	PUBMED:31308550	
3632	8780	1	0	PUBMED:31308550	
3652	7244	1	0	PUBMED:25378320	
3660	7382	1	0	PUBMED:19123269	
3674	10828	2	0	PUBMED:19123269,PUBMED:31308550	
3679	11084	1	0	PUBMED:23791784	
3783	7244	1	0	PUBMED:31308550	
3851	4428	0	2		PUBMED:16845399,PUBMED:17897480
3881	4428	0	1		PUBMED:16845399
3908	4428	0	1		PUBMED:16845399
3909	4428	0	1		PUBMED:16845399
3915	9804	1	0	PUBMED:31308550	
3916	6556	1	0	PUBMED:31308550	
3916	8194	1	0	PUBMED:31308550	
3916	8623	1	0	PUBMED:14704431	
3916	10034	1	0	PUBMED:34223818	
4055	4428	0	1		PUBMED:16845399
4067	8780	1	0	PUBMED:31308550	
4131	8780	1	0	PUBMED:31308550	
4165	5452	1	0	PUBMED:19123269	
4172	4197	2	0	PUBMED:23449979,PUBMED:27240952	
4172	5503	1	0	PUBMED:23449979	
4172	8804	1	0	PUBMED:27240952	
4172	10378	1	0	PUBMED:23449979	
4219	6220	1	0	PUBMED:31506335	
4219	6988	1	0	PUBMED:31506335	
4265	4428	0	1		PUBMED:16845399
4344	8780	1	0	PUBMED:31308550	
4401	7244	1	0	PUBMED:31308550	
4406	8780	1	0	PUBMED:31308550	
4428	4488	0	1		PUBMED:16845399
4428	4889	0	1		PUBMED:16845399
4428	4910	0	1		PUBMED:16845399
4428	4963	0	1		PUBMED:16845399
4428	5006	0	1		PUBMED:16845399
4428	5158	0	1		PUBMED:16845399
4428	5189	0	1		PUBMED:16845399
4428	5244	0	1		PUBMED:16845399
4428	5263	0	1		PUBMED:16845399
4428	5442	0	1		PUBMED:16845399
4428	5521	0	1		PUBMED:16845399
4428	5849	0	1		PUBMED:16845399
4428	5979	0	1		PUBMED:16845399
4428	6002	0	1		PUBMED:16845399
4428	6114	0	1		PUBMED:16845399
4428	6641	0	1		PUBMED:16845399
4428	6664	0	1		PUBMED:16845399
4428	6895	0	1		PUBMED:16845399
4428	6934	0	1		PUBMED:16845399
4428	6946	0	1		PUBMED:16845399
4428	7514	0	1		PUBMED:16845399
4428	7699	0	1		PUBMED:16845399
4428	8747	1	0	PUBMED:9861048	
4428	9336	0	1		PUBMED:16845399
4428	10114	0	1		PUBMED:16845399
4428	10355	0	1		PUBMED:16845399
4428	11084	0	1		PUBMED:16845399
4428	11085	0	1		PUBMED:16845399
4428	11146	0	1		PUBMED:16845399
4507	10316	1	0	PUBMED:31308550	
4534	5964	1	0	PUBMED:14704431	
4567	7244	1	0	PUBMED:31397537	
4652	7244	1	0	PUBMED:31308550	
4684	5879	1	0	PUBMED:38753516	
4684	8278	1	0	PUBMED:21110867	
4714	7244	1	0	PUBMED:31308550	
4811	7244	1	0	PUBMED:31308550	
4887	7244	1	0	PUBMED:31308550	
4940	5330	0	1		PUBMED:17897480
4940	8241	1	0	PUBMED:31308550	
5260	8780	1	0	PUBMED:31308550	
5280	11084	1	0	PUBMED:23791784	
5344	7244	1	0	PUBMED:24258276	
5344	10316	1	0	PUBMED:31527589	
5351	11084	1	0	PUBMED:23791784	
5452	10413	1	0	PUBMED:19123269	
5543	10060	1	0	PUBMED:21110867	
5545	9548	1	0	PUBMED:31308550	
5591	8780	1	0	PUBMED:31308550	
5670	9292	1	0	PUBMED:31308550	
5690	8012	1	0	PUBMED:17601533	
5708	8728	1	0	PUBMED:31308550	
5788	11084	1	0	PUBMED:23791784	
5879	6988	1	0	PUBMED:38753516	
5879	7244	1	0	PUBMED:38753516	
5882	11084	1	0	PUBMED:23791784	
5908	7244	1	0	PUBMED:31308550	
5923	8012	1	0	PUBMED:17601533	
5941	7244	1	0	PUBMED:31308550	
5964	10864	1	0	PUBMED:31308550	
5983	10316	1	0	PUBMED:31308550	
6047	11084	1	0	PUBMED:31308550	
6123	10316	1	0	PUBMED:31308550	
6126	7244	1	0	PUBMED:31308550	
6164	7500	1	0	PUBMED:23791784	
6164	11084	1	0	PUBMED:23791784	
6166	9292	1	0	PUBMED:31308550	
6220	10192	1	0	PUBMED:39354132	
6308	8780	1	0	PUBMED:31308550	
6449	8524	1	0	PUBMED:31147388	
6498	7244	1	0	PUBMED:31308550	
6727	8780	1	0	PUBMED:31308550	
6781	7244	1	0	PUBMED:31308550	
6785	7244	1	0	PUBMED:31308550	
6874	11084	1	0	PUBMED:23791784	
6921	7244	2	0	PUBMED:22772728,PUBMED:31308550	
6988	8165	1	0	PUBMED:18692475	
6988	9062	1	0	PUBMED:18692475	
6988	10192	1	0	PUBMED:39354132	
7040	7244	1	0	PUBMED:31308550	
7107	8780	1	0	PUBMED:31308550	
7200	11084	1	0	PUBMED:20461074	
7244	7279	1	0	PUBMED:31308550	
7244	7329	1	0	PUBMED:31308550	
7244	7818	1	0	PUBMED:31308550	
7244	8376	1	0	PUBMED:31308550	
7244	8578	1	0	PUBMED:31308550	
7244	8921	1	0	PUBMED:31308550	
7244	9095	1	0	PUBMED:31308550	
7244	9501	1	0	PUBMED:31308550	
7244	9613	1	0	PUBMED:31308550	
7244	9846	1	0	PUBMED:31308550	
7244	9989	1	0	PUBMED:31308550	
7244	10034	1	0	PUBMED:34223818	
7244	10083	1	0	PUBMED:31308550	
7244	10253	1	0	PUBMED:23754964	
7244	10296	1	0	PUBMED:31308550	
7244	10735	1	0	PUBMED:31308550	
7244	10787	1	0	PUBMED:31308550	
7244	10794	1	0	PUBMED:31525188	
7244	10980	1	0	PUBMED:31308550	
7244	11017	1	0	PUBMED:31308550	
7245	10316	1	0	PUBMED:31308550	
7318	8012	1	0	PUBMED:17601533	
7342	7500	1	0	PUBMED:23791784	
7350	8012	1	0	PUBMED:14704431	
7420	9804	1	0	PUBMED:31308550	
7500	8268	1	0	PUBMED:23791784	
7641	11084	1	0	PUBMED:23791784	
7902	8780	1	0	PUBMED:31308550	
7906	11084	1	0	PUBMED:23791784	
7924	8780	1	0	PUBMED:31308550	
8012	9053	1	0	PUBMED:21110867	
8012	10355	2	0	PUBMED:17601533,PUBMED:19123269	
8356	9292	1	0	PUBMED:30642431	
8524	10034	1	0	PUBMED:34223818	
8780	9225	1	0	PUBMED:31308550	
8780	10112	1	0	PUBMED:31308550	
8968	9804	1	0	PUBMED:31308550	
9109	9804	1	0	PUBMED:31308550	
9316	11084	1	0	PUBMED:23791784	
9548	10034	1	0	PUBMED:34223818	
9551	11084	1	0	PUBMED:23791784	
9647	11084	1	0	PUBMED:23791784	
9804	11083	1	0	PUBMED:31308550	
9852	11084	1	0	PUBMED:23791784	
10034	10316	1	0	PUBMED:34223818	
10192	10316	1	0	PUBMED:39354132	
10772	11084	1	0	PUBMED:23791784	
10808	11084	1	0	PUBMED:23791784	
